Date,"Business casual"
2015-07-01,1450
2015-07-02,1468
2015-07-03,1057
2015-07-04,672
2015-07-05,912
2015-07-06,1705
2015-07-07,1655
2015-07-08,1620
2015-07-09,1536
2015-07-10,1443
2015-07-11,943
2015-07-12,1041
2015-07-13,1733
2015-07-14,1682
2015-07-15,1600
2015-07-16,1506
2015-07-17,1472
2015-07-18,993
2015-07-19,978
2015-07-20,1711
2015-07-21,1617
2015-07-22,1509
2015-07-23,1664
2015-07-24,1414
2015-07-25,961
2015-07-26,1043
2015-07-27,1677
2015-07-28,1600
2015-07-29,1726
2015-07-30,1744
2015-07-31,1510
2015-08-01,987
2015-08-02,1070
2015-08-03,1550
2015-08-04,1695
2015-08-05,1672
2015-08-06,1688
2015-08-07,1493
2015-08-08,1015
2015-08-09,1088
2015-08-10,1759
2015-08-11,1662
2015-08-12,1894
2015-08-13,1767
2015-08-14,1670
2015-08-15,1044
2015-08-16,1173
2015-08-17,2114
2015-08-18,2079
2015-08-19,2035
2015-08-20,1924
2015-08-21,1759
2015-08-22,1121
2015-08-23,1282
2015-08-24,2041
2015-08-25,1939
2015-08-26,1957
2015-08-27,1956
2015-08-28,1720
2015-08-29,1170
2015-08-30,1243
2015-08-31,2196
2015-09-01,1995
2015-09-02,1962
2015-09-03,1971
2015-09-04,1655
2015-09-05,963
2015-09-06,967
2015-09-07,1533
2015-09-08,2482
2015-09-09,2437
2015-09-10,2359
2015-09-11,1902
2015-09-12,1287
2015-09-13,1471
2015-09-14,2400
2015-09-15,2407
2015-09-16,2415
2015-09-17,2227
2015-09-18,1907
2015-09-19,1329
2015-09-20,1376
2015-09-21,2464
2015-09-22,2324
2015-09-23,2279
2015-09-24,2234
2015-09-25,2002
2015-09-26,1180
2015-09-27,1303
2015-09-28,2453
2015-09-29,2320
2015-09-30,2393
2015-10-01,2110
2015-10-02,1868
2015-10-03,1191
2015-10-04,1345
2015-10-05,2205
2015-10-06,2270
2015-10-07,2206
2015-10-08,2051
2015-10-09,1836
2015-10-10,1192
2015-10-11,1165
2015-10-12,1996
2015-10-13,2145
2015-10-14,2159
2015-10-15,2195
2015-10-16,1750
2015-10-17,1155
2015-10-18,1255
2015-10-19,2147
2015-10-20,1985
2015-10-21,1939
2015-10-22,2002
2015-10-23,1664
2015-10-24,1115
2015-10-25,1066
2015-10-26,1911
2015-10-27,1994
2015-10-28,1756
2015-10-29,1787
2015-10-30,1396
2015-10-31,887
2015-11-01,1136
2015-11-02,1925
2015-11-03,1898
2015-11-04,1955
2015-11-05,1999
2015-11-06,1833
2015-11-07,1225
2015-11-08,1129
2015-11-09,1976
2015-11-10,1929
2015-11-11,1870
2015-11-12,1955
2015-11-13,1765
2015-11-14,1198
2015-11-15,1217
2015-11-16,1795
2015-11-17,1894
2015-11-18,1896
2015-11-19,1782
2015-11-20,1471
2015-11-21,949
2015-11-22,833
2015-11-23,1479
2015-11-24,1428
2015-11-25,1260
2015-11-26,1024
2015-11-27,944
2015-11-28,835
2015-11-29,937
2015-11-30,1871
2015-12-01,1864
2015-12-02,1887
2015-12-03,1946
2015-12-04,1796
2015-12-05,1188
2015-12-06,1135
2015-12-07,1808
2015-12-08,1710
2015-12-09,1704
2015-12-10,1736
2015-12-11,1763
2015-12-12,1244
2015-12-13,978
2015-12-14,1627
2015-12-15,1442
2015-12-16,1375
2015-12-17,1354
2015-12-18,1163
2015-12-19,732
2015-12-20,557
2015-12-21,865
2015-12-22,828
2015-12-23,693
2015-12-24,499
2015-12-25,395
2015-12-26,478
2015-12-27,533
2015-12-28,816
2015-12-29,907
2015-12-30,1003
2015-12-31,890
2016-01-01,576
2016-01-02,717
2016-01-03,945
2016-01-04,1614
2016-01-05,1451
2016-01-06,1532
2016-01-07,1730
2016-01-08,1646
2016-01-09,1210
2016-01-10,1219
2016-01-11,1868
2016-01-12,1702
2016-01-13,1743
2016-01-14,1804
2016-01-15,1642
2016-01-16,1251
2016-01-17,1127
2016-01-18,1649
2016-01-19,1769
2016-01-20,1938
2016-01-21,1936
2016-01-22,1764
2016-01-23,1234
2016-01-24,1200
2016-01-25,1954
2016-01-26,2018
2016-01-27,1939
2016-01-28,1962
2016-01-29,1806
2016-01-30,1358
2016-01-31,1301
2016-02-01,2003
2016-02-02,1920
2016-02-03,1980
2016-02-04,1884
2016-02-05,1797
2016-02-06,1183
2016-02-07,1181
2016-02-08,1717
2016-02-09,1919
2016-02-10,1975
2016-02-11,1911
2016-02-12,1713
2016-02-13,1284
2016-02-14,1135
2016-02-15,1626
2016-02-16,1923
2016-02-17,1926
2016-02-18,2050
2016-02-19,1946
2016-02-20,1357
2016-02-21,1331
2016-02-22,1928
2016-02-23,2033
2016-02-24,2017
2016-02-25,2075
2016-02-26,1792
2016-02-27,1352
2016-02-28,1152
2016-02-29,1966
2016-03-01,1944
2016-03-02,1748
2016-03-03,1860
2016-03-04,1751
2016-03-05,1187
2016-03-06,1182
2016-03-07,1946
2016-03-08,1885
2016-03-09,1891
2016-03-10,1859
2016-03-11,1571
2016-03-12,1171
2016-03-13,1161
2016-03-14,1793
2016-03-15,1670
2016-03-16,1678
2016-03-17,1581
2016-03-18,1443
2016-03-19,881
2016-03-20,902
2016-03-21,1470
2016-03-22,1499
2016-03-23,1346
2016-03-24,1259
2016-03-25,981
2016-03-26,700
2016-03-27,683
2016-03-28,1328
2016-03-29,1564
2016-03-30,1525
2016-03-31,1660
2016-04-01,1504
2016-04-02,1034
2016-04-03,1023
2016-04-04,1757
2016-04-05,1739
2016-04-06,1786
2016-04-07,1733
2016-04-08,1702
2016-04-09,1128
2016-04-10,1151
2016-04-11,1895
2016-04-12,1953
2016-04-13,2008
2016-04-14,1919
2016-04-15,1724
2016-04-16,1081
2016-04-17,1172
2016-04-18,1892
2016-04-19,1808
2016-04-20,1936
2016-04-21,1902
2016-04-22,1713
2016-04-23,1067
2016-04-24,1138
2016-04-25,1960
2016-04-26,1879
2016-04-27,1844
2016-04-28,1862
2016-04-29,1632
2016-04-30,1032
2016-05-01,1134
2016-05-02,1893
2016-05-03,1697
2016-05-04,1774
2016-05-05,1736
2016-05-06,1510
2016-05-07,984
2016-05-08,989
2016-05-09,2129
2016-05-10,1963
2016-05-11,1897
2016-05-12,1945
2016-05-13,1794
2016-05-14,1199
2016-05-15,1220
2016-05-16,2121
2016-05-17,1930
2016-05-18,1796
2016-05-19,1790
2016-05-20,1679
2016-05-21,1055
2016-05-22,1130
2016-05-23,1854
2016-05-24,1776
2016-05-25,1796
2016-05-26,1547
2016-05-27,1433
2016-05-28,881
2016-05-29,843
2016-05-30,1260
2016-05-31,2141
2016-06-01,1970
2016-06-02,1917
2016-06-03,1699
2016-06-04,1173
2016-06-05,1289
2016-06-06,2147
2016-06-07,1915
2016-06-08,1773
2016-06-09,1763
2016-06-10,1637
2016-06-11,1006
2016-06-12,1104
2016-06-13,1920
2016-06-14,1683
2016-06-15,1564
2016-06-16,1584
2016-06-17,1332
2016-06-18,979
2016-06-19,994
2016-06-20,1731
2016-06-21,1662
2016-06-22,1475
2016-06-23,1483
2016-06-24,1228
2016-06-25,876
2016-06-26,884
2016-06-27,1417
2016-06-28,1291
2016-06-29,1264
2016-06-30,1212
2016-07-01,1036
2016-07-02,677
2016-07-03,596
2016-07-04,810
2016-07-05,1189
2016-07-06,1238
2016-07-07,1280
2016-07-08,1220
2016-07-09,780
2016-07-10,911
2016-07-11,1278
2016-07-12,1288
2016-07-13,1192
2016-07-14,1305
2016-07-15,1130
2016-07-16,782
2016-07-17,789
2016-07-18,1420
2016-07-19,1389
2016-07-20,1306
2016-07-21,1226
2016-07-22,1028
2016-07-23,748
2016-07-24,810
2016-07-25,1369
2016-07-26,1228
2016-07-27,1267
2016-07-28,1266
2016-07-29,1115
2016-07-30,713
2016-07-31,752
2016-08-01,1064
2016-08-02,1156
2016-08-03,1192
2016-08-04,1214
2016-08-05,1082
2016-08-06,741
2016-08-07,845
2016-08-08,1320
2016-08-09,1329
2016-08-10,1309
2016-08-11,1297
2016-08-12,1215
2016-08-13,787
2016-08-14,913
2016-08-15,1517
2016-08-16,1446
2016-08-17,1295
2016-08-18,1300
2016-08-19,1096
2016-08-20,770
2016-08-21,829
2016-08-22,1514
2016-08-23,1529
2016-08-24,1568
2016-08-25,1515
2016-08-26,1494
2016-08-27,987
2016-08-28,1035
2016-08-29,1775
2016-08-30,1628
2016-08-31,1608
2016-09-01,1403
2016-09-02,1135
2016-09-03,728
2016-09-04,779
2016-09-05,1190
2016-09-06,1848
2016-09-07,2000
2016-09-08,1961
2016-09-09,1746
2016-09-10,1025
2016-09-11,1168
2016-09-12,2262
2016-09-13,1921
2016-09-14,1787
2016-09-15,1776
2016-09-16,1396
2016-09-17,874
2016-09-18,1147
2016-09-19,2070
2016-09-20,1987
2016-09-21,1858
2016-09-22,1839
2016-09-23,1391
2016-09-24,993
2016-09-25,1047
2016-09-26,1733
2016-09-27,1639
2016-09-28,1636
2016-09-29,1594
2016-09-30,1326
2016-10-01,872
2016-10-02,899
2016-10-03,1537
2016-10-04,1663
2016-10-05,1620
2016-10-06,1490
2016-10-07,1264
2016-10-08,873
2016-10-09,781
2016-10-10,1325
2016-10-11,1430
2016-10-12,1443
2016-10-13,1238
2016-10-14,987
2016-10-15,811
2016-10-16,786
2016-10-17,1277
2016-10-18,1398
2016-10-19,1219
2016-10-20,1223
2016-10-21,1210
2016-10-22,759
2016-10-23,795
2016-10-24,1257
2016-10-25,1285
2016-10-26,1224
2016-10-27,1065
2016-10-28,882
2016-10-29,592
2016-10-30,718
2016-10-31,1209
2016-11-01,1281
2016-11-02,1234
2016-11-03,1305
2016-11-04,1041
2016-11-05,783
2016-11-06,757
2016-11-07,1255
2016-11-08,1217
2016-11-09,1071
2016-11-10,1119
2016-11-11,959
2016-11-12,722
2016-11-13,909
2016-11-14,1473
2016-11-15,1440
2016-11-16,1328
2016-11-17,1367
2016-11-18,1076
2016-11-19,697
2016-11-20,642
2016-11-21,915
2016-11-22,960
2016-11-23,789
2016-11-24,816
2016-11-25,638
2016-11-26,466
2016-11-27,560
2016-11-28,1046
2016-11-29,968
2016-11-30,968
2016-12-01,1017
2016-12-02,993
2016-12-03,736
2016-12-04,721
2016-12-05,1078
2016-12-06,1030
2016-12-07,1020
2016-12-08,1085
2016-12-09,1051
2016-12-10,700
2016-12-11,609
2016-12-12,910
2016-12-13,867
2016-12-14,918
2016-12-15,773
2016-12-16,672
2016-12-17,496
2016-12-18,471
2016-12-19,609
2016-12-20,546
2016-12-21,499
2016-12-22,502
2016-12-23,366
2016-12-24,280
2016-12-25,263
2016-12-26,370
2016-12-27,536
2016-12-28,557
2016-12-29,553
2016-12-30,600
2016-12-31,419
2017-01-01,334
2017-01-02,569
2017-01-03,871
2017-01-04,792
2017-01-05,882
2017-01-06,824
2017-01-07,646
2017-01-08,643
2017-01-09,1079
2017-01-10,981
2017-01-11,981
2017-01-12,958
2017-01-13,959
2017-01-14,663
2017-01-15,685
2017-01-16,924
2017-01-17,1095
2017-01-18,995
2017-01-19,1138
2017-01-20,1156
2017-01-21,772
2017-01-22,682
2017-01-23,1058
2017-01-24,1057
2017-01-25,1022
2017-01-26,1075
2017-01-27,858
2017-01-28,660
2017-01-29,567
2017-01-30,981
2017-01-31,866
2017-02-01,925
2017-02-02,970
2017-02-03,886
2017-02-04,659
2017-02-05,647
2017-02-06,1025
2017-02-07,988
2017-02-08,1073
2017-02-09,940
2017-02-10,966
2017-02-11,678
2017-02-12,693
2017-02-13,1041
2017-02-14,980
2017-02-15,1059
2017-02-16,973
2017-02-17,934
2017-02-18,741
2017-02-19,673
2017-02-20,982
2017-02-21,977
2017-02-22,1018
2017-02-23,1030
2017-02-24,899
2017-02-25,704
2017-02-26,720
2017-02-27,1063
2017-02-28,1063
2017-03-01,1083
2017-03-02,1046
2017-03-03,920
2017-03-04,687
2017-03-05,721
2017-03-06,970
2017-03-07,1035
2017-03-08,954
2017-03-09,947
2017-03-10,785
2017-03-11,590
2017-03-12,682
2017-03-13,957
2017-03-14,865
2017-03-15,851
2017-03-16,781
2017-03-17,760
2017-03-18,524
2017-03-19,701
2017-03-20,873
2017-03-21,946
2017-03-22,932
2017-03-23,952
2017-03-24,814
2017-03-25,637
2017-03-26,664
2017-03-27,1091
2017-03-28,1129
2017-03-29,1033
2017-03-30,1033
2017-03-31,922
2017-04-01,674
2017-04-02,759
2017-04-03,1026
2017-04-04,1024
2017-04-05,958
2017-04-06,971
2017-04-07,883
2017-04-08,596
2017-04-09,600
2017-04-10,947
2017-04-11,901
2017-04-12,1066
2017-04-13,778
2017-04-14,637
2017-04-15,503
2017-04-16,472
2017-04-17,844
2017-04-18,1103
2017-04-19,1127
2017-04-20,1179
2017-04-21,1071
2017-04-22,747
2017-04-23,713
2017-04-24,1179
2017-04-25,1222
2017-04-26,1123
2017-04-27,1129
2017-04-28,1028
2017-04-29,691
2017-04-30,664
2017-05-01,904
2017-05-02,1069
2017-05-03,1065
2017-05-04,1043
2017-05-05,847
2017-05-06,608
2017-05-07,659
2017-05-08,1012
2017-05-09,1025
2017-05-10,1046
2017-05-11,1050
2017-05-12,912
2017-05-13,612
2017-05-14,734
2017-05-15,1095
2017-05-16,1053
2017-05-17,1071
2017-05-18,1019
2017-05-19,991
2017-05-20,763
2017-05-21,704
2017-05-22,946
2017-05-23,970
2017-05-24,966
2017-05-25,753
2017-05-26,737
2017-05-27,510
2017-05-28,457
2017-05-29,766
2017-05-30,964
2017-05-31,960
2017-06-01,948
2017-06-02,875
2017-06-03,618
2017-06-04,661
2017-06-05,994
2017-06-06,1019
2017-06-07,966
2017-06-08,960
2017-06-09,801
2017-06-10,637
2017-06-11,576
2017-06-12,1051
2017-06-13,940
2017-06-14,956
2017-06-15,1007
2017-06-16,845
2017-06-17,610
2017-06-18,626
2017-06-19,1149
2017-06-20,1064
2017-06-21,948
2017-06-22,941
2017-06-23,814
2017-06-24,524
2017-06-25,546
2017-06-26,855
2017-06-27,853
2017-06-28,800
2017-06-29,745
2017-06-30,613
2017-07-01,463
2017-07-02,448
2017-07-03,621
2017-07-04,520
2017-07-05,694
2017-07-06,713
2017-07-07,678
2017-07-08,544
2017-07-09,558
2017-07-10,829
2017-07-11,810
2017-07-12,799
2017-07-13,768
2017-07-14,755
2017-07-15,518
2017-07-16,501
2017-07-17,796
2017-07-18,805
2017-07-19,676
2017-07-20,769
2017-07-21,675
2017-07-22,518
2017-07-23,469
2017-07-24,742
2017-07-25,689
2017-07-26,651
2017-07-27,607
2017-07-28,583
2017-07-29,474
2017-07-30,436
2017-07-31,691
2017-08-01,904
2017-08-02,761
2017-08-03,704
2017-08-04,721
2017-08-05,506
2017-08-06,596
2017-08-07,795
2017-08-08,752
2017-08-09,788
2017-08-10,718
2017-08-11,579
2017-08-12,475
2017-08-13,507
2017-08-14,713
2017-08-15,719
2017-08-16,951
2017-08-17,812
2017-08-18,740
2017-08-19,537
2017-08-20,580
2017-08-21,890
2017-08-22,922
2017-08-23,1058
2017-08-24,923
2017-08-25,832
2017-08-26,596
2017-08-27,605
2017-08-28,894
2017-08-29,965
2017-08-30,886
2017-08-31,845
2017-09-01,756
2017-09-02,529
2017-09-03,562
2017-09-04,831
2017-09-05,1015
2017-09-06,1107
2017-09-07,1079
2017-09-08,966
2017-09-09,613
2017-09-10,670
2017-09-11,1083
2017-09-12,1078
2017-09-13,1064
2017-09-14,1027
2017-09-15,982
2017-09-16,661
2017-09-17,779
2017-09-18,1106
2017-09-19,1136
2017-09-20,1086
2017-09-21,948
2017-09-22,788
2017-09-23,626
2017-09-24,685
2017-09-25,993
2017-09-26,1000
2017-09-27,972
2017-09-28,905
2017-09-29,731
2017-09-30,558
2017-10-01,572
2017-10-02,916
2017-10-03,878
2017-10-04,873
2017-10-05,919
2017-10-06,786
2017-10-07,565
2017-10-08,581
2017-10-09,864
2017-10-10,809
2017-10-11,723
2017-10-12,778
2017-10-13,659
2017-10-14,579
2017-10-15,541
2017-10-16,839
2017-10-17,802
2017-10-18,842
2017-10-19,781
2017-10-20,722
2017-10-21,579
2017-10-22,519
2017-10-23,818
2017-10-24,802
2017-10-25,748
2017-10-26,725
2017-10-27,665
2017-10-28,437
2017-10-29,482
2017-10-30,766
2017-10-31,732
2017-11-01,874
2017-11-02,956
2017-11-03,862
2017-11-04,613
2017-11-05,635
2017-11-06,956
2017-11-07,904
2017-11-08,878
2017-11-09,958
2017-11-10,800
2017-11-11,603
2017-11-12,636
2017-11-13,868
2017-11-14,899
2017-11-15,1011
2017-11-16,949
2017-11-17,823
2017-11-18,474
2017-11-19,530
2017-11-20,704
2017-11-21,759
2017-11-22,682
2017-11-23,544
2017-11-24,465
2017-11-25,470
2017-11-26,554
2017-11-27,871
2017-11-28,903
2017-11-29,923
2017-11-30,880
2017-12-01,840
2017-12-02,639
2017-12-03,546
2017-12-04,892
2017-12-05,970
2017-12-06,959
2017-12-07,890
2017-12-08,805
2017-12-09,558
2017-12-10,467
2017-12-11,735
2017-12-12,752
2017-12-13,686
2017-12-14,652
2017-12-15,582
2017-12-16,423
2017-12-17,394
2017-12-18,517
2017-12-19,508
2017-12-20,492
2017-12-21,441
2017-12-22,364
2017-12-23,274
2017-12-24,262
2017-12-25,232
2017-12-26,334
2017-12-27,412
2017-12-28,366
2017-12-29,398
2017-12-30,359
2017-12-31,306
2018-01-01,338
2018-01-02,581
2018-01-03,562
2018-01-04,670
2018-01-05,635
2018-01-06,536
2018-01-07,575
2018-01-08,843
2018-01-09,791
2018-01-10,826
2018-01-11,778
2018-01-12,682
2018-01-13,600
2018-01-14,620
2018-01-15,856
2018-01-16,894
2018-01-17,898
2018-01-18,1024
2018-01-19,1039
2018-01-20,678
2018-01-21,645
2018-01-22,954
2018-01-23,927
2018-01-24,933
2018-01-25,930
2018-01-26,781
2018-01-27,582
2018-01-28,656
2018-01-29,823
2018-01-30,946
2018-01-31,843
2018-02-01,863
2018-02-02,715
2018-02-03,605
2018-02-04,579
2018-02-05,877
2018-02-06,817
2018-02-07,882
2018-02-08,853
2018-02-09,832
2018-02-10,683
2018-02-11,597
2018-02-12,861
2018-02-13,793
2018-02-14,888
2018-02-15,799
2018-02-16,819
2018-02-17,590
2018-02-18,621
2018-02-19,845
2018-02-20,894
2018-02-21,924
2018-02-22,875
2018-02-23,829
2018-02-24,600
2018-02-25,647
2018-02-26,901
2018-02-27,978
2018-02-28,960
2018-03-01,829
2018-03-02,745
2018-03-03,589
2018-03-04,678
2018-03-05,967
2018-03-06,834
2018-03-07,1489
2018-03-08,866
2018-03-09,805
2018-03-10,714
2018-03-11,632
2018-03-12,982
2018-03-13,950
2018-03-14,1127
2018-03-15,874
2018-03-16,761
2018-03-17,608
2018-03-18,680
2018-03-19,944
2018-03-20,960
2018-03-21,922
2018-03-22,965
2018-03-23,820
2018-03-24,623
2018-03-25,579
2018-03-26,767
2018-03-27,796
2018-03-28,780
2018-03-29,751
2018-03-30,617
2018-03-31,438
2018-04-01,376
2018-04-02,710
2018-04-03,867
2018-04-04,930
2018-04-05,956
2018-04-06,888
2018-04-07,700
2018-04-08,654
2018-04-09,1016
2018-04-10,1014
2018-04-11,1021
2018-04-12,1034
2018-04-13,1303
2018-04-14,902
2018-04-15,894
2018-04-16,1235
2018-04-17,1281
2018-04-18,1323
2018-04-19,1208
2018-04-20,1162
2018-04-21,927
2018-04-22,1013
2018-04-23,1551
2018-04-24,1578
2018-04-25,1450
2018-04-26,1456
2018-04-27,1222
2018-04-28,917
2018-04-29,787
2018-04-30,1301
2018-05-01,1275
2018-05-02,1400
2018-05-03,1433
2018-05-04,1199
2018-05-05,858
2018-05-06,882
2018-05-07,1433
2018-05-08,1339
2018-05-09,1273
2018-05-10,1230
2018-05-11,1162
2018-05-12,833
2018-05-13,860
2018-05-14,1477
2018-05-15,1440
2018-05-16,1342
2018-05-17,1400
2018-05-18,1076
2018-05-19,963
2018-05-20,928
2018-05-21,1223
2018-05-22,1405
2018-05-23,1463
2018-05-24,1311
2018-05-25,1113
2018-05-26,700
2018-05-27,687
2018-05-28,1003
2018-05-29,1530
2018-05-30,1372
2018-05-31,1394
2018-06-01,1269
2018-06-02,976
2018-06-03,1059
2018-06-04,1443
2018-06-05,1332
2018-06-06,1236
2018-06-07,1183
2018-06-08,1138
2018-06-09,727
2018-06-10,787
2018-06-11,1318
2018-06-12,1330
2018-06-13,1355
2018-06-14,1322
2018-06-15,1093
2018-06-16,804
2018-06-17,775
2018-06-18,1447
2018-06-19,1299
2018-06-20,1281
2018-06-21,1266
2018-06-22,1105
2018-06-23,737
2018-06-24,724
2018-06-25,1233
2018-06-26,1119
2018-06-27,1122
2018-06-28,1041
2018-06-29,872
2018-06-30,620
2018-07-01,566
2018-07-02,985
2018-07-03,820
2018-07-04,578
2018-07-05,806
2018-07-06,814
2018-07-07,657
2018-07-08,688
2018-07-09,1281
2018-07-10,1174
2018-07-11,1128
2018-07-12,1099
2018-07-13,1008
2018-07-14,771
2018-07-15,699
2018-07-16,1274
2018-07-17,1126
2018-07-18,958
2018-07-19,899
2018-07-20,817
2018-07-21,603
2018-07-22,617
2018-07-23,1092
2018-07-24,1016
2018-07-25,964
2018-07-26,1154
2018-07-27,983
2018-07-28,679
2018-07-29,650
2018-07-30,1130
2018-07-31,1117
2018-08-01,1151
2018-08-02,1110
2018-08-03,1052
2018-08-04,735
2018-08-05,744
2018-08-06,1524
2018-08-07,1657
2018-08-08,1708
2018-08-09,1768
2018-08-10,1429
2018-08-11,960
2018-08-12,1054
2018-08-13,1701
2018-08-14,1770
2018-08-15,1736
2018-08-16,1611
2018-08-17,1358
2018-08-18,966
2018-08-19,965
2018-08-20,1772
2018-08-21,1724
2018-08-22,1724
2018-08-23,1699
2018-08-24,1604
2018-08-25,1164
2018-08-26,1118
2018-08-27,1861
2018-08-28,1805
2018-08-29,1706
2018-08-30,1460
2018-08-31,1254
2018-09-01,820
2018-09-02,816
2018-09-03,1176
2018-09-04,1791
2018-09-05,1872
2018-09-06,1763
2018-09-07,1672
2018-09-08,1182
2018-09-09,1273
2018-09-10,2089
2018-09-11,1848
2018-09-12,2002
2018-09-13,1918
2018-09-14,1682
2018-09-15,1133
2018-09-16,1268
2018-09-17,1913
2018-09-18,2002
2018-09-19,1908
2018-09-20,1979
2018-09-21,1706
2018-09-22,1174
2018-09-23,1217
2018-09-24,1896
2018-09-25,1786
2018-09-26,1890
2018-09-27,1818
2018-09-28,1529
2018-09-29,1042
2018-09-30,1045
2018-10-01,2219
2018-10-02,1775
2018-10-03,1722
2018-10-04,1606
2018-10-05,1314
2018-10-06,1082
2018-10-07,1162
2018-10-08,1675
2018-10-09,1611
2018-10-10,1558
2018-10-11,1418
2018-10-12,1342
2018-10-13,902
2018-10-14,1090
2018-10-15,1500
2018-10-16,1492
2018-10-17,1442
2018-10-18,1443
2018-10-19,1281
2018-10-20,983
2018-10-21,887
2018-10-22,1520
2018-10-23,1437
2018-10-24,1405
2018-10-25,1377
2018-10-26,1233
2018-10-27,812
2018-10-28,783
2018-10-29,1281
2018-10-30,1180
2018-10-31,1085
2018-11-01,1286
2018-11-02,1158
2018-11-03,1010
2018-11-04,935
2018-11-05,1519
2018-11-06,1430
2018-11-07,1533
2018-11-08,1505
2018-11-09,1378
2018-11-10,966
2018-11-11,884
2018-11-12,1167
2018-11-13,1296
2018-11-14,1238
2018-11-15,1338
2018-11-16,960
2018-11-17,678
2018-11-18,684
2018-11-19,965
2018-11-20,954
2018-11-21,844
2018-11-22,749
2018-11-23,700
2018-11-24,627
2018-11-25,642
2018-11-26,1244
2018-11-27,1261
2018-11-28,1257
2018-11-29,1321
2018-11-30,1144
2018-12-01,882
2018-12-02,849
2018-12-03,1276
2018-12-04,1298
2018-12-05,1377
2018-12-06,1414
2018-12-07,1107
2018-12-08,854
2018-12-09,750
2018-12-10,1031
2018-12-11,1181
2018-12-12,1192
2018-12-13,1143
2018-12-14,1085
2018-12-15,695
2018-12-16,523
2018-12-17,834
2018-12-18,869
2018-12-19,767
2018-12-20,719
2018-12-21,624
2018-12-22,424
2018-12-23,342
2018-12-24,328
2018-12-25,287
2018-12-26,477
2018-12-27,627
2018-12-28,682
2018-12-29,483
2018-12-30,463
2018-12-31,549
2019-01-01,458
2019-01-02,866
2019-01-03,1091
2019-01-04,1125
2019-01-05,811
2019-01-06,830
2019-01-07,1365
2019-01-08,1325
2019-01-09,1351
2019-01-10,1395
2019-01-11,1268
2019-01-12,997
2019-01-13,940
2019-01-14,1386
2019-01-15,1304
2019-01-16,1463
2019-01-17,1421
2019-01-18,1277
2019-01-19,940
2019-01-20,811
2019-01-21,1294
2019-01-22,1433
2019-01-23,1436
2019-01-24,1490
2019-01-25,1311
2019-01-26,980
2019-01-27,904
2019-01-28,1400
2019-01-29,1416
2019-01-30,1368
2019-01-31,1317
2019-02-01,1224
2019-02-02,962
2019-02-03,751
2019-02-04,1261
2019-02-05,1451
2019-02-06,1366
2019-02-07,1417
2019-02-08,1283
2019-02-09,927
2019-02-10,835
2019-02-11,1295
2019-02-12,1285
2019-02-13,1425
2019-02-14,1293
2019-02-15,1355
2019-02-16,995
2019-02-17,853
2019-02-18,1261
2019-02-19,1337
2019-02-20,1313
2019-02-21,1396
2019-02-22,1294
2019-02-23,902
2019-02-24,790
2019-02-25,1269
2019-02-26,1362
2019-02-27,1278
2019-02-28,1299
2019-03-01,1166
2019-03-02,887
2019-03-03,806
2019-03-04,1184
2019-03-05,1291
2019-03-06,1350
2019-03-07,1331
2019-03-08,1150
2019-03-09,833
2019-03-10,803
2019-03-11,1197
2019-03-12,1156
2019-03-13,1167
2019-03-14,1168
2019-03-15,1066
2019-03-16,772
2019-03-17,738
2019-03-18,1237
2019-03-19,1251
2019-03-20,1314
2019-03-21,1248
2019-03-22,1139
2019-03-23,806
2019-03-24,802
2019-03-25,1262
2019-03-26,1238
2019-03-27,1362
2019-03-28,1299
2019-03-29,1275
2019-03-30,868
2019-03-31,836
2019-04-01,1248
2019-04-02,1328
2019-04-03,1329
2019-04-04,1386
2019-04-05,1381
2019-04-06,929
2019-04-07,926
2019-04-08,1368
2019-04-09,1423
2019-04-10,1421
2019-04-11,1408
2019-04-12,1220
2019-04-13,857
2019-04-14,806
2019-04-15,1178
2019-04-16,1279
2019-04-17,1207
2019-04-18,1112
2019-04-19,893
2019-04-20,612
2019-04-21,612
2019-04-22,1207
2019-04-23,1364
2019-04-24,1475
2019-04-25,1412
2019-04-26,1309
2019-04-27,895
2019-04-28,857
2019-04-29,1351
2019-04-30,1368
2019-05-01,1299
2019-05-02,1377
2019-05-03,1285
2019-05-04,900
2019-05-05,981
2019-05-06,1468
2019-05-07,1495
2019-05-08,1402
2019-05-09,1443
2019-05-10,1241
2019-05-11,898
2019-05-12,952
2019-05-13,1571
2019-05-14,1456
2019-05-15,1578
2019-05-16,1503
2019-05-17,1326
2019-05-18,974
2019-05-19,976
2019-05-20,1617
2019-05-21,1554
2019-05-22,1495
2019-05-23,1439
2019-05-24,1176
2019-05-25,810
2019-05-26,713
2019-05-27,1000
2019-05-28,1544
2019-05-29,1397
2019-05-30,1351
2019-05-31,1260
2019-06-01,937
2019-06-02,1030
2019-06-03,1754
2019-06-04,1462
2019-06-05,1433
2019-06-06,1359
2019-06-07,1266
2019-06-08,898
2019-06-09,861
2019-06-10,1393
2019-06-11,1511
2019-06-12,1484
2019-06-13,1428
2019-06-14,1170
2019-06-15,923
2019-06-16,955
2019-06-17,1574
2019-06-18,1450
2019-06-19,1261
2019-06-20,1316
2019-06-21,1067
2019-06-22,744
2019-06-23,899
2019-06-24,1367
2019-06-25,1287
2019-06-26,1330
2019-06-27,1170
2019-06-28,996
2019-06-29,705
2019-06-30,624
2019-07-01,1033
2019-07-02,981
2019-07-03,980
2019-07-04,745
2019-07-05,745
2019-07-06,606
2019-07-07,745
2019-07-08,1238
2019-07-09,1153
2019-07-10,1082
2019-07-11,1124
2019-07-12,1011
2019-07-13,786
2019-07-14,711
2019-07-15,1062
2019-07-16,1020
2019-07-17,1047
2019-07-18,998
2019-07-19,936
2019-07-20,725
2019-07-21,701
2019-07-22,1079
2019-07-23,1027
2019-07-24,1002
2019-07-25,989
2019-07-26,859
2019-07-27,666
2019-07-28,604
2019-07-29,1032
2019-07-30,1029
2019-07-31,1055
2019-08-01,1010
2019-08-02,928
2019-08-03,653
2019-08-04,703
2019-08-05,1117
2019-08-06,1012
2019-08-07,1009
2019-08-08,1115
2019-08-09,901
2019-08-10,681
2019-08-11,719
2019-08-12,1077
2019-08-13,1084
2019-08-14,1538
2019-08-15,1724
2019-08-16,1091
2019-08-17,754
2019-08-18,910
2019-08-19,1280
2019-08-20,1204
2019-08-21,1175
2019-08-22,1168
2019-08-23,1070
2019-08-24,882
2019-08-25,893
2019-08-26,1463
2019-08-27,1455
2019-08-28,1407
2019-08-29,1350
2019-08-30,1269
2019-08-31,797
2019-09-01,748
2019-09-02,982
2019-09-03,1319
2019-09-04,1211
2019-09-05,1627
2019-09-06,1486
2019-09-07,1107
2019-09-08,1210
2019-09-09,1784
2019-09-10,1814
2019-09-11,1790
2019-09-12,1812
2019-09-13,1587
2019-09-14,1219
2019-09-15,1155
2019-09-16,1801
2019-09-17,1874
2019-09-18,1850
2019-09-19,1747
2019-09-20,1464
2019-09-21,1203
2019-09-22,1300
2019-09-23,1787
2019-09-24,1841
2019-09-25,1759
2019-09-26,1739
2019-09-27,1554
2019-09-28,1128
2019-09-29,1123
2019-09-30,1656
2019-10-01,1651
2019-10-02,1763
2019-10-03,1616
2019-10-04,1472
2019-10-05,967
2019-10-06,1079
2019-10-07,1628
2019-10-08,1510
2019-10-09,1621
2019-10-10,1642
2019-10-11,1443
2019-10-12,1090
2019-10-13,1007
2019-10-14,1525
2019-10-15,1556
2019-10-16,1504
2019-10-17,1530
2019-10-18,1383
2019-10-19,1009
2019-10-20,913
2019-10-21,1395
2019-10-22,1484
2019-10-23,1321
2019-10-24,1472
2019-10-25,1290
2019-10-26,827
2019-10-27,793
2019-10-28,1198
2019-10-29,1206
2019-10-30,1160
2019-10-31,1018
2019-11-01,1038
2019-11-02,818
2019-11-03,859
2019-11-04,1297
2019-11-05,1332
2019-11-06,1230
2019-11-07,1352
2019-11-08,1356
2019-11-09,1030
2019-11-10,814
2019-11-11,1161
2019-11-12,1320
2019-11-13,1303
2019-11-14,1407
2019-11-15,1279
2019-11-16,915
2019-11-17,886
2019-11-18,1320
2019-11-19,1325
2019-11-20,1223
2019-11-21,1261
2019-11-22,1128
2019-11-23,673
2019-11-24,615
2019-11-25,946
2019-11-26,936
2019-11-27,868
2019-11-28,699
2019-11-29,703
2019-11-30,612
2019-12-01,730
2019-12-02,1298
2019-12-03,1359
2019-12-04,1329
2019-12-05,1308
2019-12-06,1389
2019-12-07,984
2019-12-08,868
2019-12-09,1232
2019-12-10,1265
2019-12-11,1147
2019-12-12,1170
2019-12-13,1112
2019-12-14,806
2019-12-15,699
2019-12-16,1013
2019-12-17,914
2019-12-18,884
2019-12-19,807
2019-12-20,704
2019-12-21,522
2019-12-22,446
2019-12-23,512
2019-12-24,401
2019-12-25,390
2019-12-26,530
2019-12-27,585
2019-12-28,552
2019-12-29,452
2019-12-30,637
2019-12-31,691
2020-01-01,495
2020-01-02,790
2020-01-03,887
2020-01-04,768
2020-01-05,805
2020-01-06,1210
2020-01-07,1237
2020-01-08,1082
2020-01-09,1128
2020-01-10,1150
2020-01-11,992
2020-01-12,925
2020-01-13,1283
2020-01-14,1264
2020-01-15,1644
2020-01-16,1322
2020-01-17,1243
2020-01-18,921
2020-01-19,750
2020-01-20,1062
2020-01-21,1362
2020-01-22,1339
2020-01-23,1343
2020-01-24,1271
2020-01-25,1034
2020-01-26,902
2020-01-27,1349
2020-01-28,1318
2020-01-29,1276
2020-01-30,1305
2020-01-31,1200
2020-02-01,690
2020-02-02,547
2020-02-03,865
2020-02-04,947
2020-02-05,843
2020-02-06,913
2020-02-07,837
2020-02-08,752
2020-02-09,641
2020-02-10,889
2020-02-11,862
2020-02-12,869
2020-02-13,865
2020-02-14,712
2020-02-15,654
2020-02-16,586
2020-02-17,831
2020-02-18,890
2020-02-19,921
2020-02-20,861
2020-02-21,776
2020-02-22,634
2020-02-23,600
2020-02-24,870
2020-02-25,892
2020-02-26,969
2020-02-27,823
2020-02-28,787
2020-02-29,687
2020-03-01,632
2020-03-02,798
2020-03-03,956
2020-03-04,833
2020-03-05,816
2020-03-06,726
2020-03-07,658
2020-03-08,534
2020-03-09,720
2020-03-10,588
2020-03-11,594
2020-03-12,461
2020-03-13,367
2020-03-14,307
2020-03-15,261
2020-03-16,355
2020-03-17,294
2020-03-18,278
2020-03-19,295
2020-03-20,267
2020-03-21,211
2020-03-22,216
2020-03-23,274
2020-03-24,234
2020-03-25,195
2020-03-26,209
2020-03-27,187
2020-03-28,183
2020-03-29,169
2020-03-30,221
2020-03-31,220
2020-04-01,185
2020-04-02,221
2020-04-03,184
2020-04-04,119
2020-04-05,139
2020-04-06,209
2020-04-07,263
2020-04-08,286
2020-04-09,236
2020-04-10,286
2020-04-11,200
2020-04-12,213
2020-04-13,274
2020-04-14,290
2020-04-15,227
2020-04-16,241
2020-04-17,239
2020-04-18,240
2020-04-19,232
2020-04-20,279
2020-04-21,272
2020-04-22,333
2020-04-23,362
2020-04-24,332
2020-04-25,309
2020-04-26,292
2020-04-27,363
2020-04-28,295
2020-04-29,400
2020-04-30,369
2020-05-01,355
2020-05-02,343
2020-05-03,351
2020-05-04,380
2020-05-05,390
2020-05-06,390
2020-05-07,385
2020-05-08,370
2020-05-09,295
2020-05-10,269
2020-05-11,368
2020-05-12,380
2020-05-13,344
2020-05-14,238
2020-05-15,217
2020-05-16,190
2020-05-17,222
2020-05-18,277
2020-05-19,298
2020-05-20,309
2020-05-21,283
2020-05-22,253
2020-05-23,188
2020-05-24,171
2020-05-25,238
2020-05-26,277
2020-05-27,266
2020-05-28,235
2020-05-29,211
2020-05-30,157
2020-05-31,172
2020-06-01,313
2020-06-02,222
2020-06-03,259
2020-06-04,223
2020-06-05,243
2020-06-06,190
2020-06-07,290
2020-06-08,304
2020-06-09,271
2020-06-10,257
2020-06-11,247
2020-06-12,247
2020-06-13,141
2020-06-14,180
2020-06-15,246
2020-06-16,253
2020-06-17,256
2020-06-18,251
2020-06-19,231
2020-06-20,184
2020-06-21,209
2020-06-22,284
2020-06-23,261
2020-06-24,229
2020-06-25,215
2020-06-26,209
2020-06-27,127
2020-06-28,168
2020-06-29,263
2020-06-30,233
2020-07-01,264
2020-07-02,248
2020-07-03,170
2020-07-04,122
2020-07-05,160
2020-07-06,285
2020-07-07,220
2020-07-08,232
2020-07-09,222
2020-07-10,266
2020-07-11,197
2020-07-12,146
2020-07-13,241
2020-07-14,230
2020-07-15,246
2020-07-16,236
2020-07-17,282
2020-07-18,169
2020-07-19,200
2020-07-20,252
2020-07-21,278
2020-07-22,265
2020-07-23,247
2020-07-24,245
2020-07-25,152
2020-07-26,170
2020-07-27,301
2020-07-28,313
2020-07-29,255
2020-07-30,275
2020-07-31,267
2020-08-01,219
2020-08-02,256
2020-08-03,794
2020-08-04,446
2020-08-05,332
2020-08-06,295
2020-08-07,301
2020-08-08,217
2020-08-09,278
2020-08-10,314
2020-08-11,298
2020-08-12,302
2020-08-13,283
2020-08-14,298
2020-08-15,211
2020-08-16,252
2020-08-17,286
2020-08-18,308
2020-08-19,245
2020-08-20,284
2020-08-21,319
2020-08-22,177
2020-08-23,222
2020-08-24,299
2020-08-25,290
2020-08-26,277
2020-08-27,296
2020-08-28,296
2020-08-29,218
2020-08-30,204
2020-08-31,431
2020-09-01,299
2020-09-02,314
2020-09-03,249
2020-09-04,291
2020-09-05,222
2020-09-06,182
2020-09-07,256
2020-09-08,370
2020-09-09,301
2020-09-10,266
2020-09-11,335
2020-09-12,190
2020-09-13,217
2020-09-14,358
2020-09-15,303
2020-09-16,353
2020-09-17,327
2020-09-18,284
2020-09-19,191
2020-09-20,193
2020-09-21,319
2020-09-22,300
2020-09-23,281
2020-09-24,314
2020-09-25,304
2020-09-26,213
2020-09-27,212
2020-09-28,310
2020-09-29,262
2020-09-30,327
2020-10-01,277
2020-10-02,258
2020-10-03,214
2020-10-04,224
2020-10-05,287
2020-10-06,264
2020-10-07,289
2020-10-08,253
2020-10-09,248
2020-10-10,181
2020-10-11,176
2020-10-12,253
2020-10-13,245
2020-10-14,267
2020-10-15,253
2020-10-16,246
2020-10-17,199
2020-10-18,166
2020-10-19,287
2020-10-20,271
2020-10-21,269
2020-10-22,274
2020-10-23,229
2020-10-24,222
2020-10-25,190
2020-10-26,264
2020-10-27,277
2020-10-28,303
2020-10-29,293
2020-10-30,243
2020-10-31,176
2020-11-01,211
2020-11-02,256
2020-11-03,270
2020-11-04,228
2020-11-05,267
2020-11-06,278
2020-11-07,207
2020-11-08,199
2020-11-09,248
2020-11-10,259
2020-11-11,250
2020-11-12,254
2020-11-13,262
2020-11-14,189
2020-11-15,173
2020-11-16,279
2020-11-17,264
2020-11-18,247
2020-11-19,238
2020-11-20,191
2020-11-21,144
2020-11-22,162
2020-11-23,231
2020-11-24,197
2020-11-25,211
2020-11-26,172
2020-11-27,181
2020-11-28,152
2020-11-29,160
2020-11-30,262
2020-12-01,230
2020-12-02,244
2020-12-03,218
2020-12-04,242
2020-12-05,174
2020-12-06,183
2020-12-07,262
2020-12-08,191
2020-12-09,213
2020-12-10,247
2020-12-11,172
2020-12-12,154
2020-12-13,179
2020-12-14,229
2020-12-15,195
2020-12-16,182
2020-12-17,204
2020-12-18,193
2020-12-19,117
2020-12-20,121
2020-12-21,149
2020-12-22,152
2020-12-23,122
2020-12-24,117
2020-12-25,111
2020-12-26,112
2020-12-27,147
2020-12-28,211
2020-12-29,193
2020-12-30,169
2020-12-31,138
2021-01-01,101
2021-01-02,138
2021-01-03,500
2021-01-04,297
2021-01-05,238
2021-01-06,223
2021-01-07,211
2021-01-08,241
2021-01-09,155
2021-01-10,183
2021-01-11,257
2021-01-12,245
2021-01-13,258
2021-01-14,258
2021-01-15,231
2021-01-16,167
2021-01-17,173
2021-01-18,199
2021-01-19,222
2021-01-20,198
2021-01-21,230
2021-01-22,208
2021-01-23,179
2021-01-24,175
2021-01-25,254
2021-01-26,237
2021-01-27,237
2021-01-28,231
2021-01-29,223
2021-01-30,167
2021-01-31,200
2021-02-01,274
2021-02-02,232
2021-02-03,284
2021-02-04,230
2021-02-05,215
2021-02-06,203
2021-02-07,158
2021-02-08,224
2021-02-09,240
2021-02-10,255
2021-02-11,248
2021-02-12,311
2021-02-13,245
2021-02-14,195
2021-02-15,227
2021-02-16,227
2021-02-17,226
2021-02-18,231
2021-02-19,260
2021-02-20,210
2021-02-21,174
2021-02-22,263
2021-02-23,256
2021-02-24,289
2021-02-25,242
2021-02-26,268
2021-02-27,233
2021-02-28,249
2021-03-01,277
2021-03-02,307
2021-03-03,270
2021-03-04,294
2021-03-05,258
2021-03-06,225
2021-03-07,190
2021-03-08,326
2021-03-09,298
2021-03-10,265
2021-03-11,343
2021-03-12,283
2021-03-13,223
2021-03-14,229
2021-03-15,254
2021-03-16,268
2021-03-17,270
2021-03-18,281
2021-03-19,315
2021-03-20,229
2021-03-21,217
2021-03-22,350
2021-03-23,299
2021-03-24,302
2021-03-25,321
2021-03-26,303
2021-03-27,273
2021-03-28,334
2021-03-29,298
2021-03-30,261
2021-03-31,353
2021-04-01,305
2021-04-02,249
2021-04-03,202
2021-04-04,200
2021-04-05,282
2021-04-06,288
2021-04-07,331
2021-04-08,339
2021-04-09,317
2021-04-10,205
2021-04-11,214
2021-04-12,358
2021-04-13,313
2021-04-14,290
2021-04-15,321
2021-04-16,307
2021-04-17,285
2021-04-18,270
2021-04-19,341
2021-04-20,282
2021-04-21,260
2021-04-22,313
2021-04-23,244
2021-04-24,219
2021-04-25,193
2021-04-26,246
2021-04-27,266
2021-04-28,283
2021-04-29,276
2021-04-30,277
2021-05-01,205
2021-05-02,235
2021-05-03,285
2021-05-04,295
2021-05-05,328
2021-05-06,324
2021-05-07,362
2021-05-08,261
2021-05-09,222
2021-05-10,308
2021-05-11,268
2021-05-12,315
2021-05-13,367
2021-05-14,325
2021-05-15,265
2021-05-16,260
2021-05-17,376
2021-05-18,340
2021-05-19,347
2021-05-20,315
2021-05-21,421
2021-05-22,192
2021-05-23,246
2021-05-24,311
2021-05-25,322
2021-05-26,318
2021-05-27,317
2021-05-28,243
2021-05-29,202
2021-05-30,194
2021-05-31,235
2021-06-01,322
2021-06-02,303
2021-06-03,300
2021-06-04,324
2021-06-05,224
2021-06-06,198
2021-06-07,383
2021-06-08,320
2021-06-09,345
2021-06-10,318
2021-06-11,306
2021-06-12,209
2021-06-13,239
2021-06-14,355
2021-06-15,305
2021-06-16,297
2021-06-17,326
2021-06-18,252
2021-06-19,199
2021-06-20,181
2021-06-21,301
2021-06-22,356
2021-06-23,322
2021-06-24,286
2021-06-25,360
2021-06-26,216
2021-06-27,192
2021-06-28,336
2021-06-29,350
2021-06-30,336
2021-07-01,342
2021-07-02,343
2021-07-03,221
2021-07-04,207
2021-07-05,293
2021-07-06,345
2021-07-07,337
2021-07-08,345
2021-07-09,379
2021-07-10,284
2021-07-11,295
2021-07-12,437
2021-07-13,368
2021-07-14,375
2021-07-15,376
2021-07-16,384
2021-07-17,312
2021-07-18,285
2021-07-19,407
2021-07-20,419
2021-07-21,357
2021-07-22,351
2021-07-23,370
2021-07-24,258
2021-07-25,269
2021-07-26,385
2021-07-27,425
2021-07-28,346
2021-07-29,422
2021-07-30,383
2021-07-31,265
2021-08-01,242
2021-08-02,337
2021-08-03,392
2021-08-04,344
2021-08-05,323
2021-08-06,318
2021-08-07,243
2021-08-08,246
2021-08-09,349
2021-08-10,319
2021-08-11,315
2021-08-12,371
2021-08-13,314
2021-08-14,216
2021-08-15,245
2021-08-16,359
2021-08-17,396
2021-08-18,402
2021-08-19,402
2021-08-20,375
2021-08-21,293
2021-08-22,251
2021-08-23,407
2021-08-24,391
2021-08-25,334
2021-08-26,389
2021-08-27,339
2021-08-28,263
2021-08-29,251
2021-08-30,333
2021-08-31,390
2021-09-01,419
2021-09-02,388
2021-09-03,388
2021-09-04,236
2021-09-05,275
2021-09-06,363
2021-09-07,393
2021-09-08,437
2021-09-09,463
2021-09-10,395
2021-09-11,265
2021-09-12,305
2021-09-13,466
2021-09-14,497
2021-09-15,431
2021-09-16,420
2021-09-17,372
2021-09-18,275
2021-09-19,303
2021-09-20,423
2021-09-21,430
2021-09-22,382
2021-09-23,439
2021-09-24,368
2021-09-25,277
2021-09-26,287
2021-09-27,446
2021-09-28,411
2021-09-29,409
2021-09-30,423
2021-10-01,393
2021-10-02,267
2021-10-03,272
2021-10-04,417
2021-10-05,427
2021-10-06,440
2021-10-07,453
2021-10-08,339
2021-10-09,304
2021-10-10,273
2021-10-11,393
2021-10-12,408
2021-10-13,378
2021-10-14,392
2021-10-15,314
2021-10-16,313
2021-10-17,288
2021-10-18,402
2021-10-19,358
2021-10-20,370
2021-10-21,361
2021-10-22,348
2021-10-23,269
2021-10-24,285
2021-10-25,448
2021-10-26,394
2021-10-27,373
2021-10-28,381
2021-10-29,320
2021-10-30,241
2021-10-31,240
2021-11-01,356
2021-11-02,381
2021-11-03,387
2021-11-04,413
2021-11-05,339
2021-11-06,311
2021-11-07,334
2021-11-08,489
2021-11-09,423
2021-11-10,408
2021-11-11,370
2021-11-12,487
2021-11-13,324
2021-11-14,320
2021-11-15,462
2021-11-16,462
2021-11-17,508
2021-11-18,464
2021-11-19,390
2021-11-20,249
2021-11-21,263
2021-11-22,372
2021-11-23,347
2021-11-24,332
2021-11-25,331
2021-11-26,264
2021-11-27,238
2021-11-28,265
2021-11-29,447
2021-11-30,469
2021-12-01,476
2021-12-02,485
2021-12-03,495
2021-12-04,309
2021-12-05,330
2021-12-06,467
2021-12-07,513
2021-12-08,393
2021-12-09,366
2021-12-10,415
2021-12-11,330
2021-12-12,288
2021-12-13,361
2021-12-14,428
2021-12-15,417
2021-12-16,405
2021-12-17,376
2021-12-18,263
2021-12-19,215
2021-12-20,254
2021-12-21,266
2021-12-22,216
2021-12-23,247
2021-12-24,159
2021-12-25,194
2021-12-26,171
2021-12-27,201
2021-12-28,226
2021-12-29,204
2021-12-30,201
2021-12-31,187
2022-01-01,161
2022-01-02,218
2022-01-03,248
2022-01-04,298
2022-01-05,298
2022-01-06,295
2022-01-07,360
2022-01-08,307
2022-01-09,288
2022-01-10,368
2022-01-11,370
2022-01-12,328
2022-01-13,294
2022-01-14,340
2022-01-15,247
2022-01-16,252
2022-01-17,322
2022-01-18,358
2022-01-19,390
2022-01-20,363
2022-01-21,402
2022-01-22,259
2022-01-23,274
2022-01-24,415
2022-01-25,359
2022-01-26,373
2022-01-27,447
2022-01-28,434
2022-01-29,319
2022-01-30,308
2022-01-31,478
2022-02-01,467
2022-02-02,459
2022-02-03,399
2022-02-04,385
2022-02-05,316
2022-02-06,372
2022-02-07,459
2022-02-08,549
2022-02-09,495
2022-02-10,462
2022-02-11,475
2022-02-12,336
2022-02-13,368
2022-02-14,421
2022-02-15,558
2022-02-16,521
2022-02-17,542
2022-02-18,507
2022-02-19,310
2022-02-20,337
2022-02-21,430
2022-02-22,566
2022-02-23,477
2022-02-24,479
2022-02-25,458
2022-02-26,335
2022-02-27,330
2022-02-28,518
2022-03-01,523
2022-03-02,540
2022-03-03,532
2022-03-04,500
2022-03-05,393
2022-03-06,416
2022-03-07,613
2022-03-08,538
2022-03-09,575
2022-03-10,582
2022-03-11,454
2022-03-12,319
2022-03-13,399
2022-03-14,552
2022-03-15,578
2022-03-16,537
2022-03-17,515
2022-03-18,537
2022-03-19,400
2022-03-20,431
2022-03-21,580
2022-03-22,553
2022-03-23,601
2022-03-24,651
2022-03-25,547
2022-03-26,400
2022-03-27,417
2022-03-28,644
2022-03-29,591
2022-03-30,654
2022-03-31,640
2022-04-01,664
2022-04-02,401
2022-04-03,424
2022-04-04,689
2022-04-05,565
2022-04-06,482
2022-04-07,505
2022-04-08,437
2022-04-09,375
2022-04-10,436
2022-04-11,450
2022-04-12,398
2022-04-13,403
2022-04-14,424
2022-04-15,366
2022-04-16,284
2022-04-17,261
2022-04-18,511
2022-04-19,492
2022-04-20,546
2022-04-21,540
2022-04-22,457
2022-04-23,363
2022-04-24,375
2022-04-25,500
2022-04-26,544
2022-04-27,540
2022-04-28,567
2022-04-29,508
2022-04-30,368
2022-05-01,414
2022-05-02,613
2022-05-03,610
2022-05-04,538
2022-05-05,567
2022-05-06,526
2022-05-07,396
2022-05-08,413
2022-05-09,597
2022-05-10,586
2022-05-11,617
2022-05-12,601
2022-05-13,536
2022-05-14,410
2022-05-15,408
2022-05-16,630
2022-05-17,611
2022-05-18,592
2022-05-19,612
2022-05-20,486
2022-05-21,423
2022-05-22,362
2022-05-23,577
2022-05-24,610
2022-05-25,479
2022-05-26,440
2022-05-27,431
2022-05-28,335
2022-05-29,297
2022-05-30,439
2022-05-31,623
2022-06-01,547
2022-06-02,589
2022-06-03,476
2022-06-04,333
2022-06-05,389
2022-06-06,540
2022-06-07,526
2022-06-08,672
2022-06-09,740
2022-06-10,502
2022-06-11,389
2022-06-12,404
2022-06-13,817
2022-06-14,612
2022-06-15,550
2022-06-16,569
2022-06-17,508
2022-06-18,413
2022-06-19,335
2022-06-20,597
2022-06-21,584
2022-06-22,465
2022-06-23,510
2022-06-24,485
2022-06-25,375
2022-06-26,392
2022-06-27,546
2022-06-28,451
2022-06-29,481
2022-06-30,445
2022-07-01,363
2022-07-02,263
2022-07-03,267
2022-07-04,346
2022-07-05,433
2022-07-06,454
2022-07-07,485
2022-07-08,461
2022-07-09,328
2022-07-10,362
2022-07-11,554
2022-07-12,513
2022-07-13,523
2022-07-14,559
2022-07-15,476
2022-07-16,363
2022-07-17,364
2022-07-18,496
2022-07-19,541
2022-07-20,481
2022-07-21,440
2022-07-22,423
2022-07-23,413
2022-07-24,306
2022-07-25,498
2022-07-26,504
2022-07-27,509
2022-07-28,453
2022-07-29,396
2022-07-30,388
2022-07-31,397
2022-08-01,551
2022-08-02,416
2022-08-03,452
2022-08-04,499
2022-08-05,475
2022-08-06,406
2022-08-07,349
2022-08-08,538
2022-08-09,500
2022-08-10,457
2022-08-11,517
2022-08-12,463
2022-08-13,369
2022-08-14,386
2022-08-15,565
2022-08-16,552
2022-08-17,514
2022-08-18,541
2022-08-19,545
2022-08-20,400
2022-08-21,403
2022-08-22,619
2022-08-23,536
2022-08-24,596
2022-08-25,587
2022-08-26,531
2022-08-27,455
2022-08-28,448
2022-08-29,682
2022-08-30,644
2022-08-31,613
2022-09-01,600
2022-09-02,519
2022-09-03,354
2022-09-04,421
2022-09-05,477
2022-09-06,741
2022-09-07,745
2022-09-08,661
2022-09-09,591
2022-09-10,480
2022-09-11,482
2022-09-12,777
2022-09-13,870
2022-09-14,744
2022-09-15,645
2022-09-16,767
2022-09-17,472
2022-09-18,517
2022-09-19,694
2022-09-20,830
2022-09-21,790
2022-09-22,826
2022-09-23,701
2022-09-24,500
2022-09-25,570
2022-09-26,814
2022-09-27,779
2022-09-28,777
2022-09-29,705
2022-09-30,585
2022-10-01,392
2022-10-02,428
2022-10-03,679
2022-10-04,690
2022-10-05,658
2022-10-06,775
2022-10-07,671
2022-10-08,417
2022-10-09,397
2022-10-10,586
2022-10-11,626
2022-10-12,659
2022-10-13,644
2022-10-14,572
2022-10-15,439
2022-10-16,441
2022-10-17,648
2022-10-18,646
2022-10-19,683
2022-10-20,675
2022-10-21,543
2022-10-22,384
2022-10-23,416
2022-10-24,646
2022-10-25,505
2022-10-26,583
2022-10-27,607
2022-10-28,456
2022-10-29,329
2022-10-30,367
2022-10-31,544
2022-11-01,569
2022-11-02,584
2022-11-03,594
2022-11-04,510
2022-11-05,423
2022-11-06,374
2022-11-07,581
2022-11-08,551
2022-11-09,597
2022-11-10,605
2022-11-11,543
2022-11-12,381
2022-11-13,421
2022-11-14,573
2022-11-15,575
2022-11-16,569
2022-11-17,494
2022-11-18,468
2022-11-19,374
2022-11-20,321
2022-11-21,421
2022-11-22,393
2022-11-23,400
2022-11-24,357
2022-11-25,416
2022-11-26,294
2022-11-27,243
2022-11-28,555
2022-11-29,580
2022-11-30,516
2022-12-01,582
2022-12-02,505
2022-12-03,331
2022-12-04,345
2022-12-05,497
2022-12-06,512
2022-12-07,517
2022-12-08,486
2022-12-09,439
2022-12-10,347
2022-12-11,265
2022-12-12,434
2022-12-13,468
2022-12-14,434
2022-12-15,409
2022-12-16,376
2022-12-17,214
2022-12-18,184
2022-12-19,273
2022-12-20,292
2022-12-21,228
2022-12-22,191
2022-12-23,159
2022-12-24,135
2022-12-25,121
2022-12-26,200
2022-12-27,237
2022-12-28,239
2022-12-29,255
2022-12-30,206
2022-12-31,167
2023-01-01,176
2023-01-02,285
2023-01-03,308
2023-01-04,308
2023-01-05,364
2023-01-06,336
2023-01-07,275
2023-01-08,278
2023-01-09,500
2023-01-10,470
2023-01-11,376
2023-01-12,410
2023-01-13,358
2023-01-14,276
2023-01-15,293
2023-01-16,405
2023-01-17,477
2023-01-18,452
2023-01-19,432
2023-01-20,375
2023-01-21,288
2023-01-22,280
2023-01-23,477
2023-01-24,425
2023-01-25,460
2023-01-26,474
2023-01-27,369
2023-01-28,295
2023-01-29,276
2023-01-30,385
2023-01-31,399
2023-02-01,408
2023-02-02,440
2023-02-03,392
2023-02-04,293
2023-02-05,318
2023-02-06,481
2023-02-07,342
2023-02-08,499
2023-02-09,439
2023-02-10,409
2023-02-11,345
2023-02-12,354
2023-02-13,452
2023-02-14,426
2023-02-15,471
2023-02-16,457
2023-02-17,482
2023-02-18,323
2023-02-19,271
2023-02-20,435
2023-02-21,507
2023-02-22,483
2023-02-23,454
2023-02-24,500
2023-02-25,348
2023-02-26,413
2023-02-27,694
2023-02-28,628
2023-03-01,480
2023-03-02,468
2023-03-03,491
2023-03-04,407
2023-03-05,346
2023-03-06,473
2023-03-07,467
2023-03-08,535
2023-03-09,492
2023-03-10,502
2023-03-11,376
2023-03-12,332
2023-03-13,476
2023-03-14,500
2023-03-15,422
2023-03-16,465
2023-03-17,472
2023-03-18,328
2023-03-19,288
2023-03-20,445
2023-03-21,393
2023-03-22,458
2023-03-23,520
2023-03-24,428
2023-03-25,321
2023-03-26,344
2023-03-27,539
2023-03-28,479
2023-03-29,418
2023-03-30,471
2023-03-31,431
2023-04-01,281
2023-04-02,274
2023-04-03,395
2023-04-04,376
2023-04-05,344
2023-04-06,341
2023-04-07,287
2023-04-08,249
2023-04-09,216
2023-04-10,363
2023-04-11,428
2023-04-12,412
2023-04-13,422
2023-04-14,402
2023-04-15,289
2023-04-16,297
2023-04-17,463
2023-04-18,355
2023-04-19,432
2023-04-20,417
2023-04-21,348
2023-04-22,267
2023-04-23,284
2023-04-24,419
2023-04-25,401
2023-04-26,406
2023-04-27,360
2023-04-28,344
2023-04-29,252
2023-04-30,217
2023-05-01,378
2023-05-02,411
2023-05-03,409
2023-05-04,403
2023-05-05,395
2023-05-06,248
2023-05-07,297
2023-05-08,449
2023-05-09,412
2023-05-10,363
2023-05-11,513
2023-05-12,396
2023-05-13,307
2023-05-14,297
2023-05-15,464
2023-05-16,423
2023-05-17,380
2023-05-18,345
2023-05-19,386
2023-05-20,292
2023-05-21,264
2023-05-22,352
2023-05-23,350
2023-05-24,332
2023-05-25,325
2023-05-26,262
2023-05-27,214
2023-05-28,173
2023-05-29,241
2023-05-30,305
2023-05-31,355
2023-06-01,456
2023-06-02,331
2023-06-03,337
2023-06-04,293
2023-06-05,392
2023-06-06,405
2023-06-07,376
2023-06-08,369
2023-06-09,327
2023-06-10,231
2023-06-11,255
2023-06-12,382
2023-06-13,414
2023-06-14,384
2023-06-15,367
2023-06-16,326
2023-06-17,216
2023-06-18,229
2023-06-19,392
2023-06-20,341
2023-06-21,374
2023-06-22,327
2023-06-23,242
2023-06-24,179
2023-06-25,268
2023-06-26,339
2023-06-27,312
2023-06-28,318
2023-06-29,280
2023-06-30,248
2023-07-01,175
2023-07-02,247
2023-07-03,283
2023-07-04,224
2023-07-05,297
2023-07-06,325
2023-07-07,277
2023-07-08,237
2023-07-09,245
2023-07-10,346
2023-07-11,346
2023-07-12,288
2023-07-13,291
2023-07-14,280
2023-07-15,230
2023-07-16,229
2023-07-17,332
2023-07-18,287
2023-07-19,280
2023-07-20,279
2023-07-21,233
2023-07-22,261
2023-07-23,198
2023-07-24,331
2023-07-25,311
2023-07-26,252
2023-07-27,316
2023-07-28,289
2023-07-29,252
2023-07-30,238
2023-07-31,348
2023-08-01,259
2023-08-02,292
2023-08-03,316
2023-08-04,245
2023-08-05,198
2023-08-06,197
2023-08-07,266
2023-08-08,360
2023-08-09,346
2023-08-10,298
2023-08-11,274
2023-08-12,198
2023-08-13,232
2023-08-14,266
2023-08-15,282
2023-08-16,303
2023-08-17,319
2023-08-18,250
2023-08-19,165
2023-08-20,254
2023-08-21,332
2023-08-22,301
2023-08-23,282
2023-08-24,267
2023-08-25,284
2023-08-26,195
2023-08-27,226
2023-08-28,267
2023-08-29,303
2023-08-30,277
2023-08-31,262
2023-09-01,218
2023-09-02,151
2023-09-03,180
2023-09-04,254
2023-09-05,371
2023-09-06,321
2023-09-07,378
2023-09-08,275
2023-09-09,230
2023-09-10,247
2023-09-11,360
2023-09-12,346
2023-09-13,361
2023-09-14,308
2023-09-15,309
2023-09-16,219
2023-09-17,256
2023-09-18,317
2023-09-19,342
2023-09-20,365
2023-09-21,312
2023-09-22,300
2023-09-23,211
2023-09-24,207
2023-09-25,391
2023-09-26,362
2023-09-27,307
2023-09-28,345
2023-09-29,345
2023-09-30,269
2023-10-01,227
2023-10-02,371
2023-10-03,347
2023-10-04,334
2023-10-05,326
2023-10-06,303
2023-10-07,184
2023-10-08,190
2023-10-09,310
2023-10-10,380
2023-10-11,326
2023-10-12,419
2023-10-13,320
2023-10-14,239
2023-10-15,184
2023-10-16,373
2023-10-17,350
2023-10-18,329
2023-10-19,357
2023-10-20,269
2023-10-21,186
2023-10-22,200
2023-10-23,296
2023-10-24,319
2023-10-25,299
2023-10-26,257
2023-10-27,246
2023-10-28,167
2023-10-29,159
2023-10-30,216
2023-10-31,244
2023-11-01,252
2023-11-02,284
2023-11-03,265
2023-11-04,190
2023-11-05,184
2023-11-06,295
2023-11-07,282
2023-11-08,274
2023-11-09,274
2023-11-10,227
2023-11-11,206
2023-11-12,170
2023-11-13,285
2023-11-14,286
2023-11-15,260
2023-11-16,231
2023-11-17,250
2023-11-18,189
2023-11-19,161
2023-11-20,240
2023-11-21,244
2023-11-22,232
2023-11-23,202
2023-11-24,228
2023-11-25,143
2023-11-26,208
2023-11-27,328
2023-11-28,285
2023-11-29,301
2023-11-30,297
2023-12-01,261
2023-12-02,202
2023-12-03,180
2023-12-04,295
2023-12-05,271
2023-12-06,276
2023-12-07,366
2023-12-08,289
2023-12-09,177
2023-12-10,196
2023-12-11,285
2023-12-12,239
2023-12-13,227
2023-12-14,249
2023-12-15,209
2023-12-16,142
2023-12-17,130
2023-12-18,199
2023-12-19,193
2023-12-20,130
2023-12-21,130
2023-12-22,103
2023-12-23,95
2023-12-24,94
2023-12-25,98
2023-12-26,94
2023-12-27,132
2023-12-28,143
2023-12-29,115
2023-12-30,159
2023-12-31,152
2024-01-01,104
2024-01-02,220
2024-01-03,196
2024-01-04,192
2024-01-05,229
2024-01-06,170
2024-01-07,191
2024-01-08,292
2024-01-09,219
2024-01-10,237
2024-01-11,253
2024-01-12,226
2024-01-13,155
2024-01-14,162
2024-01-15,247
2024-01-16,288
2024-01-17,210
2024-01-18,290
2024-01-19,271
2024-01-20,184
2024-01-21,173
2024-01-22,276
2024-01-23,274
2024-01-24,266
2024-01-25,272
2024-01-26,249
2024-01-27,200
2024-01-28,182
2024-01-29,271
2024-01-30,326
2024-01-31,255
2024-02-01,250
2024-02-02,233
2024-02-03,210
2024-02-04,170
2024-02-05,231
2024-02-06,226
2024-02-07,248
2024-02-08,212
2024-02-09,208
2024-02-10,188
2024-02-11,134
2024-02-12,228
2024-02-13,275
2024-02-14,207
2024-02-15,195
2024-02-16,233
2024-02-17,175
2024-02-18,149
2024-02-19,243
2024-02-20,267
2024-02-21,278
2024-02-22,273
2024-02-23,238
2024-02-24,208
2024-02-25,199
2024-02-26,281
2024-02-27,267
2024-02-28,284
2024-02-29,287
2024-03-01,258
2024-03-02,163
2024-03-03,188
2024-03-04,247
2024-03-05,247
2024-03-06,274
2024-03-07,249
2024-03-08,249
2024-03-09,207
2024-03-10,187
2024-03-11,286
2024-03-12,285
2024-03-13,273
2024-03-14,259
2024-03-15,245
2024-03-16,196
2024-03-17,183
2024-03-18,261
2024-03-19,281
2024-03-20,247
2024-03-21,233
2024-03-22,249
2024-03-23,206
2024-03-24,181
2024-03-25,234
2024-03-26,284
2024-03-27,215
2024-03-28,217
2024-03-29,178
2024-03-30,167
2024-03-31,173
2024-04-01,234
2024-04-02,298
2024-04-03,286
2024-04-04,266
2024-04-05,251
2024-04-06,210
2024-04-07,223
2024-04-08,253
2024-04-09,306
2024-04-10,314
2024-04-11,349
2024-04-12,304
2024-04-13,235
2024-04-14,256
2024-04-15,426
2024-04-16,350
2024-04-17,342
2024-04-18,329
2024-04-19,272
2024-04-20,238
2024-04-21,215
2024-04-22,346
2024-04-23,330
2024-04-24,310
2024-04-25,275
2024-04-26,280
2024-04-27,178
2024-04-28,192
2024-04-29,363
2024-04-30,310
2024-05-01,257
2024-05-02,317
2024-05-03,289
2024-05-04,227
2024-05-05,223
2024-05-06,388
2024-05-07,319
2024-05-08,313
2024-05-09,326
2024-05-10,318
2024-05-11,216
2024-05-12,216
2024-05-13,361
2024-05-14,355
2024-05-15,363
2024-05-16,387
2024-05-17,333
2024-05-18,237
2024-05-19,245
2024-05-20,312
2024-05-21,376
2024-05-22,334
2024-05-23,317
2024-05-24,283
2024-05-25,212
2024-05-26,225
2024-05-27,260
2024-05-28,350
2024-05-29,382
2024-05-30,368
2024-05-31,332
2024-06-01,332
2024-06-02,321
2024-06-03,581
2024-06-04,473
2024-06-05,426
2024-06-06,441
2024-06-07,332
2024-06-08,242
2024-06-09,266
2024-06-10,450
2024-06-11,397
2024-06-12,354
2024-06-13,419
2024-06-14,368
2024-06-15,252
2024-06-16,246
2024-06-17,402
2024-06-18,443
2024-06-19,383
2024-06-20,405
2024-06-21,341
2024-06-22,212
2024-06-23,219
2024-06-24,379
2024-06-25,383
2024-06-26,426
2024-06-27,350
2024-06-28,220
2024-06-29,231
2024-06-30,197
2024-07-01,315
2024-07-02,291
2024-07-03,344
2024-07-04,229
2024-07-05,282
2024-07-06,191
2024-07-07,212
2024-07-08,320
2024-07-09,316
2024-07-10,358
2024-07-11,312
2024-07-12,366
2024-07-13,287
2024-07-14,246
2024-07-15,326
2024-07-16,355
2024-07-17,340
2024-07-18,396
2024-07-19,306
2024-07-20,223
2024-07-21,214
2024-07-22,379
2024-07-23,383
2024-07-24,375
2024-07-25,323
2024-07-26,360
2024-07-27,293
2024-07-28,280
2024-07-29,425
2024-07-30,368
2024-07-31,375
2024-08-01,443
2024-08-02,384
2024-08-03,272
2024-08-04,240
2024-08-05,439
2024-08-06,528
2024-08-07,485
2024-08-08,453
2024-08-09,384
2024-08-10,247
2024-08-11,302
2024-08-12,485
2024-08-13,523
2024-08-14,423
2024-08-15,411
2024-08-16,391
2024-08-17,243
2024-08-18,272
2024-08-19,466
2024-08-20,427
2024-08-21,440
2024-08-22,482
2024-08-23,459
2024-08-24,307
2024-08-25,260
2024-08-26,508
2024-08-27,508
2024-08-28,450
2024-08-29,450
2024-08-30,394
2024-08-31,278
2024-09-01,317
2024-09-02,457
2024-09-03,639
2024-09-04,519
2024-09-05,407
2024-09-06,418
2024-09-07,259
2024-09-08,347
2024-09-09,612
2024-09-10,546
2024-09-11,523
2024-09-12,467
2024-09-13,442
2024-09-14,308
2024-09-15,361
2024-09-16,524
2024-09-17,634
2024-09-18,627
2024-09-19,536
2024-09-20,463
2024-09-21,334
2024-09-22,362
2024-09-23,540
2024-09-24,554
2024-09-25,522
2024-09-26,536
2024-09-27,428
2024-09-28,258
2024-09-29,248
2024-09-30,473
2024-10-01,428
2024-10-02,408
2024-10-03,440
2024-10-04,437
2024-10-05,267
2024-10-06,296
2024-10-07,536
2024-10-08,475
2024-10-09,511
2024-10-10,422
2024-10-11,392
2024-10-12,301
2024-10-13,267
2024-10-14,443
2024-10-15,549
2024-10-16,535
2024-10-17,438
2024-10-18,437
2024-10-19,306
2024-10-20,369
2024-10-21,505
2024-10-22,499
2024-10-23,526
2024-10-24,478
2024-10-25,346
2024-10-26,291
2024-10-27,269
2024-10-28,393
2024-10-29,418
2024-10-30,382
2024-10-31,320
2024-11-01,362
2024-11-02,247
2024-11-03,264
2024-11-04,448
2024-11-05,452
2024-11-06,439
2024-11-07,496
2024-11-08,361
2024-11-09,314
2024-11-10,347
2024-11-11,480
2024-11-12,551
2024-11-13,441
2024-11-14,421
2024-11-15,402
2024-11-16,264
2024-11-17,272
2024-11-18,448
2024-11-19,471
2024-11-20,479
2024-11-21,461
2024-11-22,467
2024-11-23,277
2024-11-24,287
2024-11-25,462
2024-11-26,482
2024-11-27,476
2024-11-28,417
2024-11-29,389
2024-11-30,281
2024-12-01,293
2024-12-02,575
2024-12-03,614
2024-12-04,557
2024-12-05,478
2024-12-06,462
2024-12-07,299
2024-12-08,283
2024-12-09,427
2024-12-10,468
2024-12-11,446
2024-12-12,511
2024-12-13,422
2024-12-14,323
2024-12-15,301
2024-12-16,375
2024-12-17,396
2024-12-18,332
2024-12-19,376
2024-12-20,297
2024-12-21,210
2024-12-22,198
2024-12-23,207
2024-12-24,181
2024-12-25,148
2024-12-26,215
2024-12-27,258
2024-12-28,217
2024-12-29,251
2024-12-30,316
2024-12-31,284
2025-01-01,241
2025-01-02,370
2025-01-03,450
2025-01-04,277
2025-01-05,266
2025-01-06,433
2025-01-07,493
2025-01-08,452
2025-01-09,462
2025-01-10,422
2025-01-11,281
2025-01-12,305
2025-01-13,502
2025-01-14,416
2025-01-15,456
2025-01-16,429
2025-01-17,465
2025-01-18,316
2025-01-19,312
2025-01-20,414
2025-01-21,480
2025-01-22,519
2025-01-23,556
2025-01-24,426
2025-01-25,323
2025-01-26,277
2025-01-27,438
2025-01-28,501
2025-01-29,474
2025-01-30,462
2025-01-31,365
2025-02-01,266
2025-02-02,305
2025-02-03,465
2025-02-04,423
2025-02-05,487
2025-02-06,443
2025-02-07,399
2025-02-08,323
2025-02-09,297
2025-02-10,376
2025-02-11,403
2025-02-12,391
2025-02-13,411
2025-02-14,372
2025-02-15,279
2025-02-16,251
2025-02-17,415
2025-02-18,477
2025-02-19,423
2025-02-20,503
2025-02-21,435
2025-02-22,313
2025-02-23,300
2025-02-24,514
2025-02-25,536
2025-02-26,418
2025-02-27,453
2025-02-28,386
2025-03-01,318
2025-03-02,320
2025-03-03,486
2025-03-04,474
2025-03-05,497
2025-03-06,492
2025-03-07,428
2025-03-08,303
2025-03-09,309
2025-03-10,429
2025-03-11,431
2025-03-12,461
2025-03-13,423
2025-03-14,377
2025-03-15,286
2025-03-16,312
2025-03-17,550
2025-03-18,467
2025-03-19,449
2025-03-20,425
2025-03-21,410
2025-03-22,270
2025-03-23,306
2025-03-24,471
2025-03-25,484
2025-03-26,450
2025-03-27,405
2025-03-28,414
2025-03-29,266
2025-03-30,311
2025-03-31,432
2025-04-01,416
2025-04-02,421
2025-04-03,497
2025-04-04,434
2025-04-05,345
2025-04-06,302
2025-04-07,434
2025-04-08,471
2025-04-09,428
2025-04-10,407
2025-04-11,343
2025-04-12,279
2025-04-13,241
2025-04-14,377
2025-04-15,424
2025-04-16,407
2025-04-17,365
2025-04-18,304
2025-04-19,197
2025-04-20,227
2025-04-21,424
2025-04-22,430
2025-04-23,373
2025-04-24,429
2025-04-25,357
2025-04-26,246
2025-04-27,223
2025-04-28,417
2025-04-29,486
2025-04-30,429
2025-05-01,403
2025-05-02,441
2025-05-03,324
2025-05-04,303
2025-05-05,617
2025-05-06,532
2025-05-07,440
2025-05-08,476
2025-05-09,389
2025-05-10,341
2025-05-11,330
2025-05-12,439
2025-05-13,533
2025-05-14,580
2025-05-15,491
2025-05-16,461
2025-05-17,371
2025-05-18,415
2025-05-19,656
2025-05-20,510
2025-05-21,548
2025-05-22,441
2025-05-23,413
2025-05-24,301
2025-05-25,343
2025-05-26,392
2025-05-27,481
2025-05-28,559
2025-05-29,472
2025-05-30,486
2025-05-31,346
2025-06-01,373
2025-06-02,583
2025-06-03,524
2025-06-04,447
2025-06-05,478
2025-06-06,434
2025-06-07,340
2025-06-08,363
2025-06-09,580
2025-06-10,512
2025-06-11,497
2025-06-12,637
2025-06-13,513
2025-06-14,359
2025-06-15,364
2025-06-16,508
2025-06-17,467
2025-06-18,444
2025-06-19,417
2025-06-20,402
2025-06-21,317
2025-06-22,293
2025-06-23,532
2025-06-24,501
2025-06-25,434
2025-06-26,400
2025-06-27,390
2025-06-28,211
2025-06-29,218
2025-06-30,589
2025-07-01,443
2025-07-02,344
2025-07-03,308
2025-07-04,258
2025-07-05,223
2025-07-06,268
2025-07-07,321
2025-07-08,411
2025-07-09,406
2025-07-10,382
2025-07-11,413
2025-07-12,289
2025-07-13,295
2025-07-14,515
2025-07-15,458
2025-07-16,438
2025-07-17,404
2025-07-18,388
2025-07-19,273
2025-07-20,269
2025-07-21,433
2025-07-22,460
2025-07-23,480
2025-07-24,389
2025-07-25,341
2025-07-26,251
2025-07-27,244
2025-07-28,457
2025-07-29,505
2025-07-30,501
2025-07-31,471
2025-08-01,417
2025-08-02,272
2025-08-03,304
2025-08-04,451
2025-08-05,490
2025-08-06,462
2025-08-07,459
2025-08-08,426
2025-08-09,286
2025-08-10,316
2025-08-11,557
2025-08-12,435
2025-08-13,469
2025-08-14,439
2025-08-15,404
2025-08-16,348
2025-08-17,369
2025-08-18,565
2025-08-19,457
2025-08-20,497
2025-08-21,547
2025-08-22,478
2025-08-23,339
2025-08-24,355
2025-08-25,548
2025-08-26,454
2025-08-27,481
2025-08-28,458
2025-08-29,438
2025-08-30,267
2025-08-31,299
2025-09-01,403
2025-09-02,526
2025-09-03,526
2025-09-04,558
2025-09-05,578
2025-09-06,342
2025-09-07,420
2025-09-08,654
2025-09-09,612
2025-09-10,579
2025-09-11,538
2025-09-12,491
2025-09-13,355
2025-09-14,486
2025-09-15,719
2025-09-16,698
2025-09-17,584
2025-09-18,496
2025-09-19,496
2025-09-20,379
2025-09-21,395
2025-09-22,664
2025-09-23,512
2025-09-24,549
2025-09-25,469
2025-09-26,429
2025-09-27,290
2025-09-28,354
2025-09-29,518
2025-09-30,513
2025-10-01,447
2025-10-02,423
2025-10-03,431
2025-10-04,308
2025-10-05,333
2025-10-06,501
2025-10-07,550
2025-10-08,513
2025-10-09,444
2025-10-10,431
2025-10-11,290
2025-10-12,327
2025-10-13,440
2025-10-14,439
2025-10-15,448
2025-10-16,462
2025-10-17,430
2025-10-18,305
2025-10-19,336
2025-10-20,505
2025-10-21,538
2025-10-22,502
2025-10-23,505
2025-10-24,428
2025-10-25,321
2025-10-26,332
2025-10-27,542
2025-10-28,561
2025-10-29,469
2025-10-30,468
2025-10-31,413
2025-11-01,299
2025-11-02,433
2025-11-03,597
2025-11-04,551
2025-11-05,508
2025-11-06,552
2025-11-07,452
2025-11-08,281
2025-11-09,319
2025-11-10,474
2025-11-11,490
2025-11-12,531
2025-11-13,531
2025-11-14,509
2025-11-15,356
2025-11-16,350
2025-11-17,585
2025-11-18,574
2025-11-19,515
2025-11-20,465
2025-11-21,507
2025-11-22,330
2025-11-23,229
2025-11-24,430
2025-11-25,400
2025-11-26,432
2025-11-27,340
2025-11-28,301
2025-11-29,239
2025-11-30,316
2025-12-01,490
2025-12-02,528
2025-12-03,477
2025-12-04,528
2025-12-05,496
2025-12-06,331
2025-12-07,264
2025-12-08,454
2025-12-09,483
2025-12-10,458
2025-12-11,432
2025-12-12,382
2025-12-13,235
2025-12-14,211
2025-12-15,343
2025-12-16,308
2025-12-17,311
2025-12-18,276
2025-12-19,235
2025-12-20,210
2025-12-21,139
2025-12-22,193
2025-12-23,188
2025-12-24,168
2025-12-25,154
2025-12-26,183
2025-12-27,171
2025-12-28,194
2025-12-29,234
2025-12-30,212
2025-12-31,214
2026-01-01,172
2026-01-02,228
2026-01-03,211
2026-01-04,236
2026-01-05,332
2026-01-06,303
2026-01-07,310
2026-01-08,365
2026-01-09,370
2026-01-10,240
2026-01-11,243
2026-01-12,403
2026-01-13,355
2026-01-14,376
2026-01-15,396
2026-01-16,368
2026-01-17,267
2026-01-18,239
2026-01-19,329
2026-01-20,372
2026-01-21,395
2026-01-22,355
2026-01-23,341
2026-01-24,221
2026-01-25,194
2026-01-26,298
2026-01-27,408
2026-01-28,381
2026-01-29,367
2026-01-30,374
2026-01-31,277
2026-02-01,288
2026-02-02,460
2026-02-03,455
2026-02-04,469
2026-02-05,446
2026-02-06,404
2026-02-07,304
2026-02-08,239
2026-02-09,369
2026-02-10,344
2026-02-11,298
2026-02-12,386
2026-02-13,316
2026-02-14,201
2026-02-15,229
2026-02-16,234
2026-02-17,270
2026-02-18,312
2026-02-19,387
2026-02-20,253
2026-02-21,185
2026-02-22,207
2026-02-23,332
2026-02-24,337
2026-02-25,248
2026-02-26,389
2026-02-27,332
2026-02-28,235
2026-03-01,233
2026-03-02,379
2026-03-03,379
2026-03-04,305
2026-03-05,383
2026-03-06,306
2026-03-07,306
2026-03-08,278
2026-03-09,404
2026-03-10,327
2026-03-11,296
2026-03-12,309
2026-03-13,281
2026-03-14,236
2026-03-15,253
2026-03-16,386
2026-03-17,403
2026-03-18,414
2026-03-19,378
2026-03-20,310
2026-03-21,308
2026-03-22,286
2026-03-23,399
2026-03-24,441
2026-03-25,429
2026-03-26,372
2026-03-27,382
2026-03-28,288
2026-03-29,278
2026-03-30,364
2026-03-31,378
2026-04-01,265
2026-04-02,284
2026-04-03,285
2026-04-04,223
2026-04-05,197
2026-04-06,323
2026-04-07,404
2026-04-08,473
2026-04-09,498
2026-04-10,436
2026-04-11,362
2026-04-12,334
2026-04-13,560
