Date,"Mom jeans"
2015-07-01,135
2015-07-02,204
2015-07-03,135
2015-07-04,150
2015-07-05,131
2015-07-06,159
2015-07-07,181
2015-07-08,168
2015-07-09,151
2015-07-10,154
2015-07-11,145
2015-07-12,152
2015-07-13,158
2015-07-14,121
2015-07-15,136
2015-07-16,138
2015-07-17,150
2015-07-18,142
2015-07-19,136
2015-07-20,154
2015-07-21,145
2015-07-22,134
2015-07-23,150
2015-07-24,176
2015-07-25,150
2015-07-26,144
2015-07-27,143
2015-07-28,136
2015-07-29,115
2015-07-30,173
2015-07-31,170
2015-08-01,127
2015-08-02,147
2015-08-03,129
2015-08-04,109
2015-08-05,122
2015-08-06,140
2015-08-07,149
2015-08-08,114
2015-08-09,139
2015-08-10,123
2015-08-11,109
2015-08-12,116
2015-08-13,122
2015-08-14,114
2015-08-15,102
2015-08-16,119
2015-08-17,119
2015-08-18,133
2015-08-19,127
2015-08-20,149
2015-08-21,124
2015-08-22,118
2015-08-23,131
2015-08-24,151
2015-08-25,140
2015-08-26,140
2015-08-27,141
2015-08-28,106
2015-08-29,128
2015-08-30,118
2015-08-31,125
2015-09-01,145
2015-09-02,116
2015-09-03,139
2015-09-04,135
2015-09-05,135
2015-09-06,130
2015-09-07,143
2015-09-08,152
2015-09-09,146
2015-09-10,121
2015-09-11,103
2015-09-12,160
2015-09-13,155
2015-09-14,112
2015-09-15,92
2015-09-16,118
2015-09-17,111
2015-09-18,130
2015-09-19,130
2015-09-20,128
2015-09-21,126
2015-09-22,95
2015-09-23,139
2015-09-24,157
2015-09-25,277
2015-09-26,132
2015-09-27,128
2015-09-28,125
2015-09-29,144
2015-09-30,119
2015-10-01,204
2015-10-02,152
2015-10-03,162
2015-10-04,155
2015-10-05,131
2015-10-06,135
2015-10-07,119
2015-10-08,148
2015-10-09,118
2015-10-10,130
2015-10-11,195
2015-10-12,148
2015-10-13,145
2015-10-14,142
2015-10-15,125
2015-10-16,124
2015-10-17,139
2015-10-18,150
2015-10-19,130
2015-10-20,148
2015-10-21,129
2015-10-22,109
2015-10-23,173
2015-10-24,146
2015-10-25,150
2015-10-26,173
2015-10-27,150
2015-10-28,128
2015-10-29,167
2015-10-30,125
2015-10-31,129
2015-11-01,114
2015-11-02,136
2015-11-03,152
2015-11-04,105
2015-11-05,129
2015-11-06,139
2015-11-07,123
2015-11-08,146
2015-11-09,149
2015-11-10,242
2015-11-11,109
2015-11-12,112
2015-11-13,126
2015-11-14,113
2015-11-15,112
2015-11-16,121
2015-11-17,134
2015-11-18,133
2015-11-19,120
2015-11-20,103
2015-11-21,134
2015-11-22,128
2015-11-23,122
2015-11-24,121
2015-11-25,120
2015-11-26,105
2015-11-27,128
2015-11-28,113
2015-11-29,103
2015-11-30,119
2015-12-01,113
2015-12-02,95
2015-12-03,94
2015-12-04,112
2015-12-05,104
2015-12-06,108
2015-12-07,96
2015-12-08,132
2015-12-09,133
2015-12-10,92
2015-12-11,119
2015-12-12,119
2015-12-13,126
2015-12-14,198
2015-12-15,151
2015-12-16,113
2015-12-17,130
2015-12-18,196
2015-12-19,158
2015-12-20,115
2015-12-21,98
2015-12-22,108
2015-12-23,108
2015-12-24,91
2015-12-25,99
2015-12-26,121
2015-12-27,142
2015-12-28,165
2015-12-29,130
2015-12-30,191
2015-12-31,130
2016-01-01,132
2016-01-02,164
2016-01-03,138
2016-01-04,119
2016-01-05,122
2016-01-06,155
2016-01-07,148
2016-01-08,162
2016-01-09,127
2016-01-10,154
2016-01-11,124
2016-01-12,123
2016-01-13,125
2016-01-14,146
2016-01-15,132
2016-01-16,126
2016-01-17,161
2016-01-18,194
2016-01-19,182
2016-01-20,137
2016-01-21,427
2016-01-22,213
2016-01-23,383
2016-01-24,173
2016-01-25,143
2016-01-26,150
2016-01-27,191
2016-01-28,442
2016-01-29,212
2016-01-30,202
2016-01-31,171
2016-02-01,150
2016-02-02,153
2016-02-03,147
2016-02-04,230
2016-02-05,169
2016-02-06,164
2016-02-07,132
2016-02-08,131
2016-02-09,125
2016-02-10,128
2016-02-11,144
2016-02-12,146
2016-02-13,141
2016-02-14,134
2016-02-15,194
2016-02-16,155
2016-02-17,162
2016-02-18,200
2016-02-19,174
2016-02-20,143
2016-02-21,204
2016-02-22,149
2016-02-23,154
2016-02-24,145
2016-02-25,144
2016-02-26,136
2016-02-27,134
2016-02-28,183
2016-02-29,141
2016-03-01,155
2016-03-02,171
2016-03-03,247
2016-03-04,231
2016-03-05,201
2016-03-06,181
2016-03-07,386
2016-03-08,157
2016-03-09,133
2016-03-10,150
2016-03-11,132
2016-03-12,139
2016-03-13,162
2016-03-14,156
2016-03-15,152
2016-03-16,121
2016-03-17,151
2016-03-18,163
2016-03-19,145
2016-03-20,148
2016-03-21,126
2016-03-22,156
2016-03-23,187
2016-03-24,216
2016-03-25,192
2016-03-26,253
2016-03-27,185
2016-03-28,218
2016-03-29,170
2016-03-30,167
2016-03-31,190
2016-04-01,207
2016-04-02,170
2016-04-03,210
2016-04-04,175
2016-04-05,168
2016-04-06,165
2016-04-07,165
2016-04-08,175
2016-04-09,161
2016-04-10,208
2016-04-11,186
2016-04-12,187
2016-04-13,183
2016-04-14,193
2016-04-15,166
2016-04-16,154
2016-04-17,203
2016-04-18,155
2016-04-19,143
2016-04-20,159
2016-04-21,149
2016-04-22,154
2016-04-23,114
2016-04-24,194
2016-04-25,156
2016-04-26,165
2016-04-27,166
2016-04-28,185
2016-04-29,173
2016-04-30,207
2016-05-01,521
2016-05-02,341
2016-05-03,224
2016-05-04,222
2016-05-05,240
2016-05-06,217
2016-05-07,216
2016-05-08,342
2016-05-09,241
2016-05-10,164
2016-05-11,171
2016-05-12,173
2016-05-13,194
2016-05-14,172
2016-05-15,186
2016-05-16,192
2016-05-17,180
2016-05-18,180
2016-05-19,151
2016-05-20,203
2016-05-21,169
2016-05-22,167
2016-05-23,172
2016-05-24,182
2016-05-25,201
2016-05-26,191
2016-05-27,168
2016-05-28,145
2016-05-29,149
2016-05-30,172
2016-05-31,165
2016-06-01,157
2016-06-02,166
2016-06-03,151
2016-06-04,142
2016-06-05,144
2016-06-06,171
2016-06-07,168
2016-06-08,138
2016-06-09,174
2016-06-10,146
2016-06-11,212
2016-06-12,221
2016-06-13,187
2016-06-14,168
2016-06-15,184
2016-06-16,177
2016-06-17,140
2016-06-18,142
2016-06-19,146
2016-06-20,138
2016-06-21,140
2016-06-22,216
2016-06-23,159
2016-06-24,151
2016-06-25,138
2016-06-26,126
2016-06-27,144
2016-06-28,154
2016-06-29,146
2016-06-30,173
2016-07-01,137
2016-07-02,141
2016-07-03,143
2016-07-04,217
2016-07-05,179
2016-07-06,154
2016-07-07,184
2016-07-08,121
2016-07-09,129
2016-07-10,123
2016-07-11,138
2016-07-12,123
2016-07-13,141
2016-07-14,154
2016-07-15,150
2016-07-16,137
2016-07-17,138
2016-07-18,145
2016-07-19,167
2016-07-20,265
2016-07-21,188
2016-07-22,148
2016-07-23,163
2016-07-24,143
2016-07-25,144
2016-07-26,125
2016-07-27,146
2016-07-28,181
2016-07-29,129
2016-07-30,140
2016-07-31,128
2016-08-01,130
2016-08-02,134
2016-08-03,175
2016-08-04,158
2016-08-05,194
2016-08-06,271
2016-08-07,180
2016-08-08,200
2016-08-09,169
2016-08-10,156
2016-08-11,131
2016-08-12,122
2016-08-13,145
2016-08-14,150
2016-08-15,135
2016-08-16,157
2016-08-17,134
2016-08-18,155
2016-08-19,148
2016-08-20,188
2016-08-21,179
2016-08-22,160
2016-08-23,162
2016-08-24,198
2016-08-25,170
2016-08-26,358
2016-08-27,170
2016-08-28,192
2016-08-29,189
2016-08-30,188
2016-08-31,121
2016-09-01,129
2016-09-02,221
2016-09-03,150
2016-09-04,177
2016-09-05,161
2016-09-06,178
2016-09-07,136
2016-09-08,128
2016-09-09,139
2016-09-10,187
2016-09-11,158
2016-09-12,110
2016-09-13,113
2016-09-14,169
2016-09-15,147
2016-09-16,498
2016-09-17,325
2016-09-18,172
2016-09-19,156
2016-09-20,148
2016-09-21,146
2016-09-22,156
2016-09-23,152
2016-09-24,168
2016-09-25,155
2016-09-26,175
2016-09-27,119
2016-09-28,192
2016-09-29,142
2016-09-30,148
2016-10-01,152
2016-10-02,149
2016-10-03,157
2016-10-04,153
2016-10-05,143
2016-10-06,144
2016-10-07,124
2016-10-08,139
2016-10-09,109
2016-10-10,118
2016-10-11,128
2016-10-12,137
2016-10-13,141
2016-10-14,139
2016-10-15,134
2016-10-16,122
2016-10-17,431
2016-10-18,223
2016-10-19,163
2016-10-20,135
2016-10-21,168
2016-10-22,169
2016-10-23,139
2016-10-24,151
2016-10-25,542
2016-10-26,458
2016-10-27,289
2016-10-28,183
2016-10-29,201
2016-10-30,196
2016-10-31,203
2016-11-01,207
2016-11-02,225
2016-11-03,181
2016-11-04,152
2016-11-05,146
2016-11-06,155
2016-11-07,163
2016-11-08,183
2016-11-09,112
2016-11-10,135
2016-11-11,167
2016-11-12,162
2016-11-13,200
2016-11-14,177
2016-11-15,149
2016-11-16,141
2016-11-17,150
2016-11-18,173
2016-11-19,147
2016-11-20,131
2016-11-21,149
2016-11-22,136
2016-11-23,148
2016-11-24,130
2016-11-25,169
2016-11-26,194
2016-11-27,199
2016-11-28,208
2016-11-29,241
2016-11-30,160
2016-12-01,126
2016-12-02,162
2016-12-03,163
2016-12-04,177
2016-12-05,164
2016-12-06,165
2016-12-07,131
2016-12-08,168
2016-12-09,176
2016-12-10,152
2016-12-11,145
2016-12-12,130
2016-12-13,138
2016-12-14,162
2016-12-15,139
2016-12-16,142
2016-12-17,137
2016-12-18,165
2016-12-19,196
2016-12-20,167
2016-12-21,163
2016-12-22,134
2016-12-23,148
2016-12-24,141
2016-12-25,123
2016-12-26,183
2016-12-27,208
2016-12-28,171
2016-12-29,186
2016-12-30,156
2016-12-31,256
2017-01-01,171
2017-01-02,189
2017-01-03,188
2017-01-04,154
2017-01-05,157
2017-01-06,165
2017-01-07,177
2017-01-08,196
2017-01-09,182
2017-01-10,192
2017-01-11,168
2017-01-12,312
2017-01-13,280
2017-01-14,234
2017-01-15,300
2017-01-16,201
2017-01-17,222
2017-01-18,206
2017-01-19,196
2017-01-20,191
2017-01-21,271
2017-01-22,375
2017-01-23,217
2017-01-24,193
2017-01-25,213
2017-01-26,176
2017-01-27,188
2017-01-28,243
2017-01-29,232
2017-01-30,168
2017-01-31,213
2017-02-01,186
2017-02-02,284
2017-02-03,380
2017-02-04,196
2017-02-05,227
2017-02-06,155
2017-02-07,244
2017-02-08,192
2017-02-09,164
2017-02-10,185
2017-02-11,212
2017-02-12,209
2017-02-13,171
2017-02-14,149
2017-02-15,177
2017-02-16,142
2017-02-17,175
2017-02-18,157
2017-02-19,191
2017-02-20,200
2017-02-21,208
2017-02-22,194
2017-02-23,149
2017-02-24,187
2017-02-25,193
2017-02-26,248
2017-02-27,170
2017-02-28,175
2017-03-01,136
2017-03-02,156
2017-03-03,174
2017-03-04,174
2017-03-05,234
2017-03-06,183
2017-03-07,184
2017-03-08,182
2017-03-09,204
2017-03-10,203
2017-03-11,211
2017-03-12,243
2017-03-13,243
2017-03-14,455
2017-03-15,597
2017-03-16,464
2017-03-17,252
2017-03-18,351
2017-03-19,308
2017-03-20,270
2017-03-21,237
2017-03-22,208
2017-03-23,227
2017-03-24,158
2017-03-25,251
2017-03-26,333
2017-03-27,294
2017-03-28,261
2017-03-29,192
2017-03-30,206
2017-03-31,216
2017-04-01,217
2017-04-02,192
2017-04-03,211
2017-04-04,229
2017-04-05,229
2017-04-06,220
2017-04-07,159
2017-04-08,183
2017-04-09,194
2017-04-10,208
2017-04-11,198
2017-04-12,197
2017-04-13,227
2017-04-14,163
2017-04-15,158
2017-04-16,173
2017-04-17,168
2017-04-18,158
2017-04-19,215
2017-04-20,230
2017-04-21,198
2017-04-22,195
2017-04-23,208
2017-04-24,189
2017-04-25,253
2017-04-26,230
2017-04-27,202
2017-04-28,173
2017-04-29,188
2017-04-30,225
2017-05-01,185
2017-05-02,202
2017-05-03,181
2017-05-04,165
2017-05-05,151
2017-05-06,151
2017-05-07,180
2017-05-08,209
2017-05-09,163
2017-05-10,178
2017-05-11,238
2017-05-12,176
2017-05-13,202
2017-05-14,336
2017-05-15,222
2017-05-16,185
2017-05-17,165
2017-05-18,232
2017-05-19,245
2017-05-20,328
2017-05-21,201
2017-05-22,255
2017-05-23,196
2017-05-24,163
2017-05-25,148
2017-05-26,167
2017-05-27,148
2017-05-28,189
2017-05-29,180
2017-05-30,152
2017-05-31,164
2017-06-01,145
2017-06-02,150
2017-06-03,166
2017-06-04,178
2017-06-05,150
2017-06-06,163
2017-06-07,145
2017-06-08,206
2017-06-09,172
2017-06-10,162
2017-06-11,244
2017-06-12,183
2017-06-13,147
2017-06-14,173
2017-06-15,157
2017-06-16,167
2017-06-17,185
2017-06-18,186
2017-06-19,137
2017-06-20,147
2017-06-21,142
2017-06-22,174
2017-06-23,165
2017-06-24,145
2017-06-25,147
2017-06-26,165
2017-06-27,157
2017-06-28,155
2017-06-29,211
2017-06-30,178
2017-07-01,145
2017-07-02,192
2017-07-03,188
2017-07-04,153
2017-07-05,163
2017-07-06,199
2017-07-07,148
2017-07-08,170
2017-07-09,185
2017-07-10,204
2017-07-11,155
2017-07-12,179
2017-07-13,166
2017-07-14,159
2017-07-15,163
2017-07-16,172
2017-07-17,147
2017-07-18,148
2017-07-19,168
2017-07-20,149
2017-07-21,162
2017-07-22,162
2017-07-23,195
2017-07-24,144
2017-07-25,162
2017-07-26,170
2017-07-27,161
2017-07-28,143
2017-07-29,172
2017-07-30,177
2017-07-31,133
2017-08-01,181
2017-08-02,181
2017-08-03,136
2017-08-04,192
2017-08-05,162
2017-08-06,194
2017-08-07,160
2017-08-08,186
2017-08-09,140
2017-08-10,177
2017-08-11,161
2017-08-12,200
2017-08-13,180
2017-08-14,149
2017-08-15,145
2017-08-16,147
2017-08-17,132
2017-08-18,148
2017-08-19,166
2017-08-20,176
2017-08-21,170
2017-08-22,153
2017-08-23,162
2017-08-24,173
2017-08-25,184
2017-08-26,179
2017-08-27,173
2017-08-28,156
2017-08-29,162
2017-08-30,173
2017-08-31,190
2017-09-01,172
2017-09-02,168
2017-09-03,174
2017-09-04,195
2017-09-05,184
2017-09-06,182
2017-09-07,198
2017-09-08,174
2017-09-09,170
2017-09-10,172
2017-09-11,175
2017-09-12,188
2017-09-13,151
2017-09-14,174
2017-09-15,137
2017-09-16,180
2017-09-17,172
2017-09-18,199
2017-09-19,167
2017-09-20,201
2017-09-21,196
2017-09-22,194
2017-09-23,227
2017-09-24,214
2017-09-25,186
2017-09-26,169
2017-09-27,217
2017-09-28,173
2017-09-29,142
2017-09-30,211
2017-10-01,171
2017-10-02,137
2017-10-03,166
2017-10-04,179
2017-10-05,188
2017-10-06,205
2017-10-07,187
2017-10-08,186
2017-10-09,170
2017-10-10,161
2017-10-11,157
2017-10-12,157
2017-10-13,159
2017-10-14,180
2017-10-15,206
2017-10-16,169
2017-10-17,146
2017-10-18,183
2017-10-19,187
2017-10-20,185
2017-10-21,222
2017-10-22,231
2017-10-23,223
2017-10-24,169
2017-10-25,187
2017-10-26,174
2017-10-27,166
2017-10-28,150
2017-10-29,209
2017-10-30,175
2017-10-31,167
2017-11-01,154
2017-11-02,176
2017-11-03,168
2017-11-04,188
2017-11-05,225
2017-11-06,213
2017-11-07,187
2017-11-08,183
2017-11-09,187
2017-11-10,190
2017-11-11,211
2017-11-12,221
2017-11-13,198
2017-11-14,228
2017-11-15,213
2017-11-16,176
2017-11-17,192
2017-11-18,171
2017-11-19,214
2017-11-20,199
2017-11-21,187
2017-11-22,188
2017-11-23,176
2017-11-24,208
2017-11-25,224
2017-11-26,212
2017-11-27,184
2017-11-28,174
2017-11-29,189
2017-11-30,175
2017-12-01,164
2017-12-02,178
2017-12-03,185
2017-12-04,170
2017-12-05,159
2017-12-06,150
2017-12-07,158
2017-12-08,175
2017-12-09,167
2017-12-10,164
2017-12-11,160
2017-12-12,142
2017-12-13,149
2017-12-14,143
2017-12-15,130
2017-12-16,161
2017-12-17,146
2017-12-18,131
2017-12-19,215
2017-12-20,140
2017-12-21,135
2017-12-22,131
2017-12-23,149
2017-12-24,139
2017-12-25,147
2017-12-26,180
2017-12-27,167
2017-12-28,157
2017-12-29,214
2017-12-30,147
2017-12-31,162
2018-01-01,156
2018-01-02,160
2018-01-03,182
2018-01-04,195
2018-01-05,170
2018-01-06,181
2018-01-07,180
2018-01-08,161
2018-01-09,162
2018-01-10,126
2018-01-11,168
2018-01-12,211
2018-01-13,188
2018-01-14,240
2018-01-15,178
2018-01-16,145
2018-01-17,147
2018-01-18,148
2018-01-19,176
2018-01-20,188
2018-01-21,201
2018-01-22,236
2018-01-23,178
2018-01-24,167
2018-01-25,160
2018-01-26,185
2018-01-27,197
2018-01-28,199
2018-01-29,179
2018-01-30,176
2018-01-31,198
2018-02-01,168
2018-02-02,192
2018-02-03,177
2018-02-04,155
2018-02-05,144
2018-02-06,146
2018-02-07,179
2018-02-08,146
2018-02-09,194
2018-02-10,177
2018-02-11,189
2018-02-12,166
2018-02-13,145
2018-02-14,144
2018-02-15,147
2018-02-16,167
2018-02-17,169
2018-02-18,192
2018-02-19,202
2018-02-20,182
2018-02-21,175
2018-02-22,181
2018-02-23,197
2018-02-24,197
2018-02-25,219
2018-02-26,211
2018-02-27,180
2018-02-28,204
2018-03-01,176
2018-03-02,166
2018-03-03,194
2018-03-04,198
2018-03-05,194
2018-03-06,159
2018-03-07,149
2018-03-08,172
2018-03-09,194
2018-03-10,169
2018-03-11,204
2018-03-12,157
2018-03-13,148
2018-03-14,306
2018-03-15,233
2018-03-16,142
2018-03-17,175
2018-03-18,172
2018-03-19,163
2018-03-20,141
2018-03-21,184
2018-03-22,154
2018-03-23,149
2018-03-24,176
2018-03-25,176
2018-03-26,154
2018-03-27,161
2018-03-28,150
2018-03-29,121
2018-03-30,152
2018-03-31,157
2018-04-01,165
2018-04-02,172
2018-04-03,174
2018-04-04,173
2018-04-05,200
2018-04-06,190
2018-04-07,179
2018-04-08,213
2018-04-09,162
2018-04-10,179
2018-04-11,218
2018-04-12,174
2018-04-13,147
2018-04-14,181
2018-04-15,210
2018-04-16,161
2018-04-17,152
2018-04-18,146
2018-04-19,171
2018-04-20,169
2018-04-21,170
2018-04-22,162
2018-04-23,143
2018-04-24,137
2018-04-25,202
2018-04-26,143
2018-04-27,147
2018-04-28,156
2018-04-29,122
2018-04-30,159
2018-05-01,124
2018-05-02,149
2018-05-03,140
2018-05-04,192
2018-05-05,123
2018-05-06,124
2018-05-07,144
2018-05-08,136
2018-05-09,172
2018-05-10,165
2018-05-11,156
2018-05-12,165
2018-05-13,326
2018-05-14,199
2018-05-15,171
2018-05-16,149
2018-05-17,163
2018-05-18,145
2018-05-19,184
2018-05-20,288
2018-05-21,162
2018-05-22,131
2018-05-23,171
2018-05-24,184
2018-05-25,158
2018-05-26,165
2018-05-27,168
2018-05-28,195
2018-05-29,136
2018-05-30,160
2018-05-31,162
2018-06-01,125
2018-06-02,161
2018-06-03,148
2018-06-04,148
2018-06-05,225
2018-06-06,174
2018-06-07,170
2018-06-08,165
2018-06-09,157
2018-06-10,155
2018-06-11,123
2018-06-12,157
2018-06-13,154
2018-06-14,138
2018-06-15,165
2018-06-16,131
2018-06-17,156
2018-06-18,150
2018-06-19,128
2018-06-20,196
2018-06-21,168
2018-06-22,142
2018-06-23,166
2018-06-24,160
2018-06-25,155
2018-06-26,168
2018-06-27,170
2018-06-28,169
2018-06-29,158
2018-06-30,151
2018-07-01,162
2018-07-02,172
2018-07-03,224
2018-07-04,267
2018-07-05,188
2018-07-06,221
2018-07-07,169
2018-07-08,191
2018-07-09,204
2018-07-10,161
2018-07-11,164
2018-07-12,198
2018-07-13,181
2018-07-14,188
2018-07-15,167
2018-07-16,200
2018-07-17,188
2018-07-18,199
2018-07-19,202
2018-07-20,178
2018-07-21,179
2018-07-22,188
2018-07-23,192
2018-07-24,171
2018-07-25,214
2018-07-26,186
2018-07-27,179
2018-07-28,180
2018-07-29,175
2018-07-30,190
2018-07-31,164
2018-08-01,189
2018-08-02,202
2018-08-03,206
2018-08-04,209
2018-08-05,211
2018-08-06,212
2018-08-07,226
2018-08-08,203
2018-08-09,201
2018-08-10,225
2018-08-11,219
2018-08-12,213
2018-08-13,243
2018-08-14,179
2018-08-15,207
2018-08-16,202
2018-08-17,216
2018-08-18,193
2018-08-19,212
2018-08-20,214
2018-08-21,199
2018-08-22,213
2018-08-23,209
2018-08-24,257
2018-08-25,225
2018-08-26,247
2018-08-27,206
2018-08-28,219
2018-08-29,215
2018-08-30,263
2018-08-31,207
2018-09-01,247
2018-09-02,248
2018-09-03,252
2018-09-04,290
2018-09-05,359
2018-09-06,279
2018-09-07,202
2018-09-08,205
2018-09-09,236
2018-09-10,187
2018-09-11,189
2018-09-12,208
2018-09-13,204
2018-09-14,189
2018-09-15,648
2018-09-16,362
2018-09-17,238
2018-09-18,193
2018-09-19,212
2018-09-20,196
2018-09-21,253
2018-09-22,296
2018-09-23,254
2018-09-24,193
2018-09-25,197
2018-09-26,193
2018-09-27,199
2018-09-28,196
2018-09-29,250
2018-09-30,235
2018-10-01,218
2018-10-02,229
2018-10-03,173
2018-10-04,222
2018-10-05,194
2018-10-06,185
2018-10-07,218
2018-10-08,175
2018-10-09,171
2018-10-10,204
2018-10-11,186
2018-10-12,280
2018-10-13,213
2018-10-14,230
2018-10-15,191
2018-10-16,195
2018-10-17,198
2018-10-18,175
2018-10-19,196
2018-10-20,250
2018-10-21,240
2018-10-22,220
2018-10-23,220
2018-10-24,201
2018-10-25,223
2018-10-26,230
2018-10-27,235
2018-10-28,233
2018-10-29,193
2018-10-30,250
2018-10-31,167
2018-11-01,203
2018-11-02,214
2018-11-03,236
2018-11-04,218
2018-11-05,208
2018-11-06,199
2018-11-07,171
2018-11-08,214
2018-11-09,246
2018-11-10,238
2018-11-11,224
2018-11-12,203
2018-11-13,216
2018-11-14,208
2018-11-15,206
2018-11-16,213
2018-11-17,234
2018-11-18,287
2018-11-19,382
2018-11-20,376
2018-11-21,292
2018-11-22,360
2018-11-23,545
2018-11-24,473
2018-11-25,535
2018-11-26,367
2018-11-27,342
2018-11-28,398
2018-11-29,290
2018-11-30,267
2018-12-01,319
2018-12-02,459
2018-12-03,313
2018-12-04,289
2018-12-05,273
2018-12-06,315
2018-12-07,299
2018-12-08,344
2018-12-09,343
2018-12-10,425
2018-12-11,275
2018-12-12,281
2018-12-13,258
2018-12-14,329
2018-12-15,516
2018-12-16,660
2018-12-17,628
2018-12-18,600
2018-12-19,553
2018-12-20,427
2018-12-21,475
2018-12-22,504
2018-12-23,606
2018-12-24,581
2018-12-25,659
2018-12-26,735
2018-12-27,600
2018-12-28,650
2018-12-29,869
2018-12-30,883
2018-12-31,1209
2019-01-01,910
2019-01-02,1126
2019-01-03,711
2019-01-04,767
2019-01-05,740
2019-01-06,715
2019-01-07,471
2019-01-08,393
2019-01-09,483
2019-01-10,384
2019-01-11,711
2019-01-12,821
2019-01-13,535
2019-01-14,535
2019-01-15,434
2019-01-16,458
2019-01-17,411
2019-01-18,408
2019-01-19,614
2019-01-20,1131
2019-01-21,1285
2019-01-22,472
2019-01-23,454
2019-01-24,487
2019-01-25,411
2019-01-26,569
2019-01-27,626
2019-01-28,454
2019-01-29,425
2019-01-30,487
2019-01-31,384
2019-02-01,390
2019-02-02,470
2019-02-03,510
2019-02-04,340
2019-02-05,395
2019-02-06,338
2019-02-07,378
2019-02-08,294
2019-02-09,305
2019-02-10,344
2019-02-11,292
2019-02-12,282
2019-02-13,282
2019-02-14,236
2019-02-15,243
2019-02-16,285
2019-02-17,298
2019-02-18,318
2019-02-19,242
2019-02-20,248
2019-02-21,311
2019-02-22,286
2019-02-23,314
2019-02-24,322
2019-02-25,254
2019-02-26,249
2019-02-27,311
2019-02-28,346
2019-03-01,296
2019-03-02,312
2019-03-03,370
2019-03-04,269
2019-03-05,251
2019-03-06,267
2019-03-07,258
2019-03-08,263
2019-03-09,279
2019-03-10,255
2019-03-11,225
2019-03-12,208
2019-03-13,249
2019-03-14,365
2019-03-15,364
2019-03-16,317
2019-03-17,343
2019-03-18,286
2019-03-19,288
2019-03-20,234
2019-03-21,248
2019-03-22,255
2019-03-23,328
2019-03-24,292
2019-03-25,262
2019-03-26,215
2019-03-27,259
2019-03-28,248
2019-03-29,258
2019-03-30,284
2019-03-31,293
2019-04-01,280
2019-04-02,245
2019-04-03,281
2019-04-04,263
2019-04-05,267
2019-04-06,278
2019-04-07,293
2019-04-08,249
2019-04-09,261
2019-04-10,254
2019-04-11,278
2019-04-12,256
2019-04-13,291
2019-04-14,254
2019-04-15,225
2019-04-16,239
2019-04-17,305
2019-04-18,384
2019-04-19,301
2019-04-20,297
2019-04-21,325
2019-04-22,261
2019-04-23,232
2019-04-24,356
2019-04-25,233
2019-04-26,289
2019-04-27,299
2019-04-28,290
2019-04-29,222
2019-04-30,320
2019-05-01,293
2019-05-02,224
2019-05-03,253
2019-05-04,238
2019-05-05,282
2019-05-06,227
2019-05-07,218
2019-05-08,246
2019-05-09,269
2019-05-10,270
2019-05-11,274
2019-05-12,448
2019-05-13,267
2019-05-14,273
2019-05-15,224
2019-05-16,238
2019-05-17,261
2019-05-18,235
2019-05-19,266
2019-05-20,229
2019-05-21,189
2019-05-22,244
2019-05-23,220
2019-05-24,213
2019-05-25,229
2019-05-26,200
2019-05-27,221
2019-05-28,253
2019-05-29,251
2019-05-30,244
2019-05-31,220
2019-06-01,225
2019-06-02,218
2019-06-03,233
2019-06-04,204
2019-06-05,225
2019-06-06,246
2019-06-07,226
2019-06-08,240
2019-06-09,251
2019-06-10,217
2019-06-11,187
2019-06-12,231
2019-06-13,219
2019-06-14,166
2019-06-15,222
2019-06-16,228
2019-06-17,233
2019-06-18,245
2019-06-19,238
2019-06-20,208
2019-06-21,199
2019-06-22,216
2019-06-23,241
2019-06-24,224
2019-06-25,216
2019-06-26,249
2019-06-27,200
2019-06-28,248
2019-06-29,230
2019-06-30,205
2019-07-01,205
2019-07-02,202
2019-07-03,178
2019-07-04,159
2019-07-05,217
2019-07-06,203
2019-07-07,196
2019-07-08,218
2019-07-09,219
2019-07-10,229
2019-07-11,232
2019-07-12,291
2019-07-13,305
2019-07-14,249
2019-07-15,243
2019-07-16,228
2019-07-17,203
2019-07-18,265
2019-07-19,247
2019-07-20,233
2019-07-21,201
2019-07-22,312
2019-07-23,452
2019-07-24,354
2019-07-25,282
2019-07-26,269
2019-07-27,344
2019-07-28,289
2019-07-29,256
2019-07-30,235
2019-07-31,250
2019-08-01,282
2019-08-02,300
2019-08-03,290
2019-08-04,282
2019-08-05,253
2019-08-06,310
2019-08-07,306
2019-08-08,287
2019-08-09,281
2019-08-10,340
2019-08-11,259
2019-08-12,285
2019-08-13,324
2019-08-14,280
2019-08-15,297
2019-08-16,277
2019-08-17,300
2019-08-18,322
2019-08-19,313
2019-08-20,306
2019-08-21,270
2019-08-22,282
2019-08-23,316
2019-08-24,303
2019-08-25,310
2019-08-26,270
2019-08-27,246
2019-08-28,267
2019-08-29,333
2019-08-30,294
2019-08-31,317
2019-09-01,286
2019-09-02,293
2019-09-03,246
2019-09-04,248
2019-09-05,254
2019-09-06,290
2019-09-07,307
2019-09-08,322
2019-09-09,232
2019-09-10,209
2019-09-11,250
2019-09-12,304
2019-09-13,315
2019-09-14,295
2019-09-15,462
2019-09-16,246
2019-09-17,343
2019-09-18,303
2019-09-19,265
2019-09-20,236
2019-09-21,272
2019-09-22,323
2019-09-23,271
2019-09-24,274
2019-09-25,229
2019-09-26,275
2019-09-27,309
2019-09-28,276
2019-09-29,351
2019-09-30,264
2019-10-01,240
2019-10-02,236
2019-10-03,253
2019-10-04,255
2019-10-05,277
2019-10-06,281
2019-10-07,284
2019-10-08,256
2019-10-09,253
2019-10-10,278
2019-10-11,233
2019-10-12,288
2019-10-13,309
2019-10-14,308
2019-10-15,277
2019-10-16,270
2019-10-17,299
2019-10-18,288
2019-10-19,307
2019-10-20,329
2019-10-21,252
2019-10-22,242
2019-10-23,280
2019-10-24,275
2019-10-25,314
2019-10-26,267
2019-10-27,290
2019-10-28,309
2019-10-29,247
2019-10-30,319
2019-10-31,276
2019-11-01,258
2019-11-02,309
2019-11-03,298
2019-11-04,229
2019-11-05,241
2019-11-06,251
2019-11-07,215
2019-11-08,248
2019-11-09,280
2019-11-10,270
2019-11-11,278
2019-11-12,291
2019-11-13,243
2019-11-14,265
2019-11-15,233
2019-11-16,294
2019-11-17,318
2019-11-18,287
2019-11-19,273
2019-11-20,254
2019-11-21,274
2019-11-22,301
2019-11-23,329
2019-11-24,355
2019-11-25,283
2019-11-26,260
2019-11-27,292
2019-11-28,292
2019-11-29,306
2019-11-30,353
2019-12-01,406
2019-12-02,317
2019-12-03,307
2019-12-04,275
2019-12-05,281
2019-12-06,277
2019-12-07,347
2019-12-08,337
2019-12-09,254
2019-12-10,292
2019-12-11,370
2019-12-12,315
2019-12-13,322
2019-12-14,365
2019-12-15,349
2019-12-16,316
2019-12-17,368
2019-12-18,329
2019-12-19,309
2019-12-20,288
2019-12-21,304
2019-12-22,328
2019-12-23,289
2019-12-24,292
2019-12-25,354
2019-12-26,395
2019-12-27,385
2019-12-28,370
2019-12-29,370
2019-12-30,361
2019-12-31,342
2020-01-01,307
2020-01-02,352
2020-01-03,367
2020-01-04,357
2020-01-05,373
2020-01-06,392
2020-01-07,303
2020-01-08,293
2020-01-09,324
2020-01-10,343
2020-01-11,357
2020-01-12,320
2020-01-13,297
2020-01-14,282
2020-01-15,274
2020-01-16,295
2020-01-17,279
2020-01-18,335
2020-01-19,345
2020-01-20,300
2020-01-21,280
2020-01-22,266
2020-01-23,303
2020-01-24,276
2020-01-25,353
2020-01-26,278
2020-01-27,276
2020-01-28,274
2020-01-29,311
2020-01-30,236
2020-01-31,275
2020-02-01,221
2020-02-02,185
2020-02-03,194
2020-02-04,261
2020-02-05,227
2020-02-06,345
2020-02-07,257
2020-02-08,228
2020-02-09,263
2020-02-10,203
2020-02-11,231
2020-02-12,186
2020-02-13,220
2020-02-14,171
2020-02-15,214
2020-02-16,219
2020-02-17,190
2020-02-18,213
2020-02-19,213
2020-02-20,193
2020-02-21,200
2020-02-22,223
2020-02-23,205
2020-02-24,223
2020-02-25,207
2020-02-26,211
2020-02-27,204
2020-02-28,213
2020-02-29,215
2020-03-01,245
2020-03-02,205
2020-03-03,211
2020-03-04,203
2020-03-05,208
2020-03-06,182
2020-03-07,174
2020-03-08,215
2020-03-09,149
2020-03-10,198
2020-03-11,177
2020-03-12,149
2020-03-13,143
2020-03-14,156
2020-03-15,144
2020-03-16,127
2020-03-17,150
2020-03-18,134
2020-03-19,153
2020-03-20,106
2020-03-21,120
2020-03-22,131
2020-03-23,203
2020-03-24,162
2020-03-25,179
2020-03-26,132
2020-03-27,157
2020-03-28,142
2020-03-29,128
2020-03-30,139
2020-03-31,126
2020-04-01,108
2020-04-02,134
2020-04-03,161
2020-04-04,144
2020-04-05,138
2020-04-06,129
2020-04-07,135
2020-04-08,130
2020-04-09,114
2020-04-10,129
2020-04-11,114
2020-04-12,132
2020-04-13,141
2020-04-14,157
2020-04-15,151
2020-04-16,110
2020-04-17,138
2020-04-18,128
2020-04-19,151
2020-04-20,162
2020-04-21,174
2020-04-22,160
2020-04-23,138
2020-04-24,132
2020-04-25,125
2020-04-26,120
2020-04-27,145
2020-04-28,141
2020-04-29,123
2020-04-30,131
2020-05-01,156
2020-05-02,172
2020-05-03,177
2020-05-04,165
2020-05-05,152
2020-05-06,149
2020-05-07,159
2020-05-08,179
2020-05-09,176
2020-05-10,198
2020-05-11,184
2020-05-12,164
2020-05-13,138
2020-05-14,164
2020-05-15,128
2020-05-16,154
2020-05-17,160
2020-05-18,133
2020-05-19,146
2020-05-20,150
2020-05-21,157
2020-05-22,133
2020-05-23,172
2020-05-24,140
2020-05-25,135
2020-05-26,158
2020-05-27,155
2020-05-28,161
2020-05-29,169
2020-05-30,169
2020-05-31,154
2020-06-01,134
2020-06-02,122
2020-06-03,142
2020-06-04,132
2020-06-05,153
2020-06-06,177
2020-06-07,162
2020-06-08,156
2020-06-09,170
2020-06-10,180
2020-06-11,128
2020-06-12,143
2020-06-13,133
2020-06-14,128
2020-06-15,165
2020-06-16,128
2020-06-17,118
2020-06-18,188
2020-06-19,190
2020-06-20,172
2020-06-21,172
2020-06-22,158
2020-06-23,143
2020-06-24,144
2020-06-25,140
2020-06-26,142
2020-06-27,170
2020-06-28,210
2020-06-29,165
2020-06-30,156
2020-07-01,158
2020-07-02,167
2020-07-03,161
2020-07-04,146
2020-07-05,150
2020-07-06,192
2020-07-07,191
2020-07-08,153
2020-07-09,154
2020-07-10,147
2020-07-11,158
2020-07-12,154
2020-07-13,138
2020-07-14,143
2020-07-15,155
2020-07-16,177
2020-07-17,173
2020-07-18,121
2020-07-19,155
2020-07-20,149
2020-07-21,168
2020-07-22,147
2020-07-23,153
2020-07-24,160
2020-07-25,152
2020-07-26,144
2020-07-27,176
2020-07-28,156
2020-07-29,171
2020-07-30,186
2020-07-31,147
2020-08-01,157
2020-08-02,169
2020-08-03,163
2020-08-04,177
2020-08-05,177
2020-08-06,161
2020-08-07,152
2020-08-08,177
2020-08-09,184
2020-08-10,178
2020-08-11,172
2020-08-12,128
2020-08-13,178
2020-08-14,151
2020-08-15,160
2020-08-16,169
2020-08-17,218
2020-08-18,189
2020-08-19,195
2020-08-20,173
2020-08-21,193
2020-08-22,204
2020-08-23,183
2020-08-24,230
2020-08-25,220
2020-08-26,217
2020-08-27,213
2020-08-28,221
2020-08-29,253
2020-08-30,269
2020-08-31,219
2020-09-01,205
2020-09-02,218
2020-09-03,229
2020-09-04,212
2020-09-05,271
2020-09-06,236
2020-09-07,220
2020-09-08,212
2020-09-09,183
2020-09-10,218
2020-09-11,214
2020-09-12,233
2020-09-13,283
2020-09-14,209
2020-09-15,176
2020-09-16,213
2020-09-17,202
2020-09-18,204
2020-09-19,225
2020-09-20,221
2020-09-21,237
2020-09-22,183
2020-09-23,196
2020-09-24,172
2020-09-25,167
2020-09-26,193
2020-09-27,208
2020-09-28,226
2020-09-29,208
2020-09-30,177
2020-10-01,182
2020-10-02,198
2020-10-03,198
2020-10-04,236
2020-10-05,191
2020-10-06,215
2020-10-07,194
2020-10-08,199
2020-10-09,193
2020-10-10,242
2020-10-11,263
2020-10-12,217
2020-10-13,203
2020-10-14,200
2020-10-15,180
2020-10-16,192
2020-10-17,194
2020-10-18,187
2020-10-19,211
2020-10-20,168
2020-10-21,183
2020-10-22,203
2020-10-23,201
2020-10-24,196
2020-10-25,229
2020-10-26,4198
2020-10-27,709
2020-10-28,241
2020-10-29,220
2020-10-30,173
2020-10-31,167
2020-11-01,183
2020-11-02,173
2020-11-03,176
2020-11-04,167
2020-11-05,181
2020-11-06,186
2020-11-07,223
2020-11-08,205
2020-11-09,183
2020-11-10,183
2020-11-11,207
2020-11-12,191
2020-11-13,195
2020-11-14,222
2020-11-15,217
2020-11-16,186
2020-11-17,142
2020-11-18,204
2020-11-19,180
2020-11-20,183
2020-11-21,181
2020-11-22,200
2020-11-23,185
2020-11-24,185
2020-11-25,356
2020-11-26,253
2020-11-27,200
2020-11-28,251
2020-11-29,233
2020-11-30,217
2020-12-01,184
2020-12-02,214
2020-12-03,207
2020-12-04,219
2020-12-05,187
2020-12-06,184
2020-12-07,155
2020-12-08,161
2020-12-09,191
2020-12-10,166
2020-12-11,141
2020-12-12,148
2020-12-13,228
2020-12-14,158
2020-12-15,171
2020-12-16,203
2020-12-17,149
2020-12-18,165
2020-12-19,153
2020-12-20,202
2020-12-21,182
2020-12-22,137
2020-12-23,132
2020-12-24,140
2020-12-25,122
2020-12-26,181
2020-12-27,165
2020-12-28,188
2020-12-29,193
2020-12-30,186
2020-12-31,137
2021-01-01,138
2021-01-02,156
2021-01-03,168
2021-01-04,164
2021-01-05,166
2021-01-06,177
2021-01-07,161
2021-01-08,198
2021-01-09,195
2021-01-10,169
2021-01-11,180
2021-01-12,196
2021-01-13,178
2021-01-14,182
2021-01-15,161
2021-01-16,204
2021-01-17,163
2021-01-18,187
2021-01-19,159
2021-01-20,206
2021-01-21,178
2021-01-22,163
2021-01-23,166
2021-01-24,165
2021-01-25,167
2021-01-26,162
2021-01-27,151
2021-01-28,169
2021-01-29,144
2021-01-30,136
2021-01-31,170
2021-02-01,138
2021-02-02,162
2021-02-03,190
2021-02-04,169
2021-02-05,185
2021-02-06,171
2021-02-07,193
2021-02-08,181
2021-02-09,191
2021-02-10,203
2021-02-11,210
2021-02-12,228
2021-02-13,287
2021-02-14,228
2021-02-15,247
2021-02-16,280
2021-02-17,214
2021-02-18,232
2021-02-19,239
2021-02-20,247
2021-02-21,248
2021-02-22,247
2021-02-23,235
2021-02-24,400
2021-02-25,386
2021-02-26,279
2021-02-27,301
2021-02-28,279
2021-03-01,236
2021-03-02,239
2021-03-03,221
2021-03-04,249
2021-03-05,260
2021-03-06,283
2021-03-07,302
2021-03-08,265
2021-03-09,212
2021-03-10,252
2021-03-11,249
2021-03-12,229
2021-03-13,220
2021-03-14,223
2021-03-15,194
2021-03-16,274
2021-03-17,233
2021-03-18,214
2021-03-19,196
2021-03-20,240
2021-03-21,351
2021-03-22,236
2021-03-23,217
2021-03-24,206
2021-03-25,212
2021-03-26,221
2021-03-27,193
2021-03-28,287
2021-03-29,233
2021-03-30,181
2021-03-31,229
2021-04-01,210
2021-04-02,230
2021-04-03,221
2021-04-04,223
2021-04-05,256
2021-04-06,243
2021-04-07,266
2021-04-08,252
2021-04-09,248
2021-04-10,242
2021-04-11,239
2021-04-12,236
2021-04-13,234
2021-04-14,283
2021-04-15,260
2021-04-16,286
2021-04-17,251
2021-04-18,305
2021-04-19,241
2021-04-20,227
2021-04-21,254
2021-04-22,259
2021-04-23,240
2021-04-24,282
2021-04-25,261
2021-04-26,247
2021-04-27,212
2021-04-28,225
2021-04-29,237
2021-04-30,226
2021-05-01,256
2021-05-02,233
2021-05-03,257
2021-05-04,226
2021-05-05,201
2021-05-06,205
2021-05-07,229
2021-05-08,205
2021-05-09,232
2021-05-10,199
2021-05-11,260
2021-05-12,653
2021-05-13,330
2021-05-14,272
2021-05-15,232
2021-05-16,228
2021-05-17,224
2021-05-18,217
2021-05-19,226
2021-05-20,379
2021-05-21,248
2021-05-22,227
2021-05-23,218
2021-05-24,159
2021-05-25,194
2021-05-26,209
2021-05-27,198
2021-05-28,197
2021-05-29,219
2021-05-30,215
2021-05-31,178
2021-06-01,162
2021-06-02,160
2021-06-03,163
2021-06-04,188
2021-06-05,189
2021-06-06,181
2021-06-07,175
2021-06-08,175
2021-06-09,132
2021-06-10,164
2021-06-11,160
2021-06-12,154
2021-06-13,185
2021-06-14,151
2021-06-15,162
2021-06-16,147
2021-06-17,176
2021-06-18,163
2021-06-19,142
2021-06-20,156
2021-06-21,163
2021-06-22,148
2021-06-23,160
2021-06-24,222
2021-06-25,188
2021-06-26,175
2021-06-27,188
2021-06-28,175
2021-06-29,144
2021-06-30,165
2021-07-01,225
2021-07-02,205
2021-07-03,224
2021-07-04,178
2021-07-05,177
2021-07-06,179
2021-07-07,171
2021-07-08,227
2021-07-09,151
2021-07-10,202
2021-07-11,164
2021-07-12,158
2021-07-13,152
2021-07-14,161
2021-07-15,152
2021-07-16,180
2021-07-17,168
2021-07-18,154
2021-07-19,107
2021-07-20,140
2021-07-21,153
2021-07-22,183
2021-07-23,157
2021-07-24,150
2021-07-25,174
2021-07-26,151
2021-07-27,159
2021-07-28,150
2021-07-29,175
2021-07-30,179
2021-07-31,178
2021-08-01,159
2021-08-02,188
2021-08-03,183
2021-08-04,187
2021-08-05,168
2021-08-06,152
2021-08-07,173
2021-08-08,210
2021-08-09,193
2021-08-10,165
2021-08-11,156
2021-08-12,147
2021-08-13,125
2021-08-14,162
2021-08-15,178
2021-08-16,148
2021-08-17,146
2021-08-18,186
2021-08-19,174
2021-08-20,184
2021-08-21,192
2021-08-22,166
2021-08-23,169
2021-08-24,154
2021-08-25,160
2021-08-26,176
2021-08-27,168
2021-08-28,187
2021-08-29,213
2021-08-30,150
2021-08-31,183
2021-09-01,172
2021-09-02,190
2021-09-03,194
2021-09-04,176
2021-09-05,173
2021-09-06,177
2021-09-07,165
2021-09-08,140
2021-09-09,169
2021-09-10,181
2021-09-11,202
2021-09-12,251
2021-09-13,191
2021-09-14,159
2021-09-15,165
2021-09-16,187
2021-09-17,170
2021-09-18,194
2021-09-19,223
2021-09-20,161
2021-09-21,191
2021-09-22,193
2021-09-23,169
2021-09-24,185
2021-09-25,192
2021-09-26,244
2021-09-27,186
2021-09-28,168
2021-09-29,175
2021-09-30,198
2021-10-01,138
2021-10-02,187
2021-10-03,166
2021-10-04,155
2021-10-05,163
2021-10-06,182
2021-10-07,184
2021-10-08,162
2021-10-09,160
2021-10-10,184
2021-10-11,168
2021-10-12,151
2021-10-13,156
2021-10-14,140
2021-10-15,164
2021-10-16,140
2021-10-17,170
2021-10-18,166
2021-10-19,156
2021-10-20,150
2021-10-21,149
2021-10-22,159
2021-10-23,179
2021-10-24,168
2021-10-25,148
2021-10-26,149
2021-10-27,134
2021-10-28,149
2021-10-29,101
2021-10-30,99
2021-10-31,122
2021-11-01,129
2021-11-02,104
2021-11-03,105
2021-11-04,104
2021-11-05,102
2021-11-06,140
2021-11-07,127
2021-11-08,137
2021-11-09,145
2021-11-10,124
2021-11-11,144
2021-11-12,106
2021-11-13,125
2021-11-14,137
2021-11-15,119
2021-11-16,137
2021-11-17,120
2021-11-18,121
2021-11-19,122
2021-11-20,117
2021-11-21,123
2021-11-22,144
2021-11-23,124
2021-11-24,116
2021-11-25,133
2021-11-26,127
2021-11-27,203
2021-11-28,130
2021-11-29,144
2021-11-30,134
2021-12-01,109
2021-12-02,99
2021-12-03,103
2021-12-04,144
2021-12-05,103
2021-12-06,125
2021-12-07,117
2021-12-08,123
2021-12-09,123
2021-12-10,102
2021-12-11,115
2021-12-12,128
2021-12-13,127
2021-12-14,124
2021-12-15,135
2021-12-16,148
2021-12-17,157
2021-12-18,127
2021-12-19,110
2021-12-20,103
2021-12-21,104
2021-12-22,99
2021-12-23,90
2021-12-24,88
2021-12-25,92
2021-12-26,96
2021-12-27,132
2021-12-28,130
2021-12-29,137
2021-12-30,129
2021-12-31,117
2022-01-01,109
2022-01-02,157
2022-01-03,134
2022-01-04,108
2022-01-05,127
2022-01-06,154
2022-01-07,138
2022-01-08,132
2022-01-09,142
2022-01-10,138
2022-01-11,104
2022-01-12,158
2022-01-13,157
2022-01-14,119
2022-01-15,137
2022-01-16,136
2022-01-17,135
2022-01-18,122
2022-01-19,167
2022-01-20,161
2022-01-21,143
2022-01-22,136
2022-01-23,157
2022-01-24,119
2022-01-25,132
2022-01-26,133
2022-01-27,118
2022-01-28,140
2022-01-29,125
2022-01-30,160
2022-01-31,146
2022-02-01,156
2022-02-02,145
2022-02-03,124
2022-02-04,123
2022-02-05,144
2022-02-06,133
2022-02-07,156
2022-02-08,138
2022-02-09,146
2022-02-10,149
2022-02-11,161
2022-02-12,154
2022-02-13,141
2022-02-14,123
2022-02-15,139
2022-02-16,118
2022-02-17,168
2022-02-18,134
2022-02-19,148
2022-02-20,189
2022-02-21,137
2022-02-22,136
2022-02-23,159
2022-02-24,142
2022-02-25,157
2022-02-26,134
2022-02-27,138
2022-02-28,150
2022-03-01,127
2022-03-02,128
2022-03-03,142
2022-03-04,139
2022-03-05,130
2022-03-06,136
2022-03-07,154
2022-03-08,127
2022-03-09,163
2022-03-10,109
2022-03-11,146
2022-03-12,133
2022-03-13,147
2022-03-14,122
2022-03-15,145
2022-03-16,127
2022-03-17,143
2022-03-18,125
2022-03-19,169
2022-03-20,158
2022-03-21,129
2022-03-22,111
2022-03-23,115
2022-03-24,131
2022-03-25,149
2022-03-26,109
2022-03-27,130
2022-03-28,132
2022-03-29,127
2022-03-30,128
2022-03-31,140
2022-04-01,124
2022-04-02,135
2022-04-03,181
2022-04-04,128
2022-04-05,115
2022-04-06,127
2022-04-07,158
2022-04-08,123
2022-04-09,127
2022-04-10,134
2022-04-11,121
2022-04-12,123
2022-04-13,114
2022-04-14,116
2022-04-15,151
2022-04-16,137
2022-04-17,152
2022-04-18,143
2022-04-19,107
2022-04-20,135
2022-04-21,118
2022-04-22,147
2022-04-23,150
2022-04-24,143
2022-04-25,152
2022-04-26,109
2022-04-27,117
2022-04-28,141
2022-04-29,102
2022-04-30,139
2022-05-01,138
2022-05-02,124
2022-05-03,105
2022-05-04,146
2022-05-05,114
2022-05-06,143
2022-05-07,122
2022-05-08,156
2022-05-09,110
2022-05-10,107
2022-05-11,104
2022-05-12,128
2022-05-13,124
2022-05-14,143
2022-05-15,152
2022-05-16,121
2022-05-17,119
2022-05-18,85
2022-05-19,121
2022-05-20,122
2022-05-21,106
2022-05-22,110
2022-05-23,118
2022-05-24,110
2022-05-25,101
2022-05-26,161
2022-05-27,128
2022-05-28,118
2022-05-29,126
2022-05-30,157
2022-05-31,168
2022-06-01,130
2022-06-02,128
2022-06-03,134
2022-06-04,128
2022-06-05,127
2022-06-06,131
2022-06-07,139
2022-06-08,121
2022-06-09,134
2022-06-10,112
2022-06-11,128
2022-06-12,147
2022-06-13,110
2022-06-14,112
2022-06-15,122
2022-06-16,94
2022-06-17,100
2022-06-18,106
2022-06-19,121
2022-06-20,117
2022-06-21,121
2022-06-22,94
2022-06-23,111
2022-06-24,105
2022-06-25,99
2022-06-26,129
2022-06-27,94
2022-06-28,118
2022-06-29,118
2022-06-30,129
2022-07-01,167
2022-07-02,119
2022-07-03,124
2022-07-04,109
2022-07-05,124
2022-07-06,114
2022-07-07,116
2022-07-08,113
2022-07-09,126
2022-07-10,149
2022-07-11,115
2022-07-12,101
2022-07-13,140
2022-07-14,138
2022-07-15,90
2022-07-16,117
2022-07-17,111
2022-07-18,120
2022-07-19,115
2022-07-20,103
2022-07-21,184
2022-07-22,142
2022-07-23,108
2022-07-24,107
2022-07-25,125
2022-07-26,91
2022-07-27,103
2022-07-28,115
2022-07-29,109
2022-07-30,81
2022-07-31,122
2022-08-01,90
2022-08-02,82
2022-08-03,102
2022-08-04,98
2022-08-05,120
2022-08-06,110
2022-08-07,129
2022-08-08,125
2022-08-09,130
2022-08-10,140
2022-08-11,94
2022-08-12,109
2022-08-13,138
2022-08-14,122
2022-08-15,115
2022-08-16,130
2022-08-17,119
2022-08-18,129
2022-08-19,118
2022-08-20,126
2022-08-21,132
2022-08-22,135
2022-08-23,125
2022-08-24,134
2022-08-25,129
2022-08-26,141
2022-08-27,141
2022-08-28,137
2022-08-29,132
2022-08-30,147
2022-08-31,121
2022-09-01,104
2022-09-02,143
2022-09-03,129
2022-09-04,137
2022-09-05,115
2022-09-06,140
2022-09-07,106
2022-09-08,118
2022-09-09,103
2022-09-10,138
2022-09-11,154
2022-09-12,132
2022-09-13,128
2022-09-14,125
2022-09-15,109
2022-09-16,128
2022-09-17,124
2022-09-18,144
2022-09-19,135
2022-09-20,111
2022-09-21,123
2022-09-22,153
2022-09-23,117
2022-09-24,134
2022-09-25,145
2022-09-26,114
2022-09-27,128
2022-09-28,125
2022-09-29,113
2022-09-30,124
2022-10-01,122
2022-10-02,126
2022-10-03,116
2022-10-04,104
2022-10-05,149
2022-10-06,136
2022-10-07,112
2022-10-08,127
2022-10-09,130
2022-10-10,120
2022-10-11,211
2022-10-12,119
2022-10-13,132
2022-10-14,120
2022-10-15,131
2022-10-16,169
2022-10-17,126
2022-10-18,112
2022-10-19,119
2022-10-20,120
2022-10-21,122
2022-10-22,122
2022-10-23,128
2022-10-24,137
2022-10-25,124
2022-10-26,120
2022-10-27,109
2022-10-28,131
2022-10-29,120
2022-10-30,137
2022-10-31,90
2022-11-01,105
2022-11-02,106
2022-11-03,97
2022-11-04,125
2022-11-05,132
2022-11-06,108
2022-11-07,130
2022-11-08,122
2022-11-09,101
2022-11-10,110
2022-11-11,101
2022-11-12,108
2022-11-13,116
2022-11-14,119
2022-11-15,99
2022-11-16,90
2022-11-17,104
2022-11-18,107
2022-11-19,135
2022-11-20,128
2022-11-21,123
2022-11-22,151
2022-11-23,150
2022-11-24,145
2022-11-25,121
2022-11-26,135
2022-11-27,135
2022-11-28,109
2022-11-29,149
2022-11-30,126
2022-12-01,105
2022-12-02,99
2022-12-03,109
2022-12-04,115
2022-12-05,120
2022-12-06,127
2022-12-07,120
2022-12-08,135
2022-12-09,96
2022-12-10,102
2022-12-11,120
2022-12-12,99
2022-12-13,133
2022-12-14,114
2022-12-15,123
2022-12-16,135
2022-12-17,86
2022-12-18,111
2022-12-19,93
2022-12-20,85
2022-12-21,140
2022-12-22,113
2022-12-23,113
2022-12-24,87
2022-12-25,92
2022-12-26,107
2022-12-27,116
2022-12-28,117
2022-12-29,136
2022-12-30,110
2022-12-31,91
2023-01-01,94
2023-01-02,122
2023-01-03,125
2023-01-04,112
2023-01-05,119
2023-01-06,112
2023-01-07,121
2023-01-08,106
2023-01-09,152
2023-01-10,106
2023-01-11,97
2023-01-12,117
2023-01-13,140
2023-01-14,142
2023-01-15,123
2023-01-16,118
2023-01-17,100
2023-01-18,138
2023-01-19,103
2023-01-20,105
2023-01-21,141
2023-01-22,150
2023-01-23,137
2023-01-24,121
2023-01-25,84
2023-01-26,118
2023-01-27,116
2023-01-28,127
2023-01-29,145
2023-01-30,127
2023-01-31,128
2023-02-01,112
2023-02-02,116
2023-02-03,107
2023-02-04,126
2023-02-05,121
2023-02-06,112
2023-02-07,108
2023-02-08,81
2023-02-09,119
2023-02-10,119
2023-02-11,98
2023-02-12,126
2023-02-13,109
2023-02-14,102
2023-02-15,113
2023-02-16,118
2023-02-17,114
2023-02-18,138
2023-02-19,139
2023-02-20,124
2023-02-21,123
2023-02-22,114
2023-02-23,117
2023-02-24,133
2023-02-25,237
2023-02-26,113
2023-02-27,106
2023-02-28,102
2023-03-01,122
2023-03-02,92
2023-03-03,128
2023-03-04,149
2023-03-05,136
2023-03-06,113
2023-03-07,114
2023-03-08,118
2023-03-09,111
2023-03-10,123
2023-03-11,135
2023-03-12,132
2023-03-13,132
2023-03-14,106
2023-03-15,121
2023-03-16,102
2023-03-17,158
2023-03-18,119
2023-03-19,139
2023-03-20,104
2023-03-21,112
2023-03-22,111
2023-03-23,123
2023-03-24,113
2023-03-25,116
2023-03-26,115
2023-03-27,112
2023-03-28,93
2023-03-29,90
2023-03-30,109
2023-03-31,94
2023-04-01,143
2023-04-02,116
2023-04-03,91
2023-04-04,98
2023-04-05,111
2023-04-06,108
2023-04-07,137
2023-04-08,160
2023-04-09,125
2023-04-10,108
2023-04-11,117
2023-04-12,106
2023-04-13,113
2023-04-14,112
2023-04-15,105
2023-04-16,111
2023-04-17,95
2023-04-18,104
2023-04-19,108
2023-04-20,113
2023-04-21,83
2023-04-22,113
2023-04-23,116
2023-04-24,110
2023-04-25,129
2023-04-26,84
2023-04-27,110
2023-04-28,114
2023-04-29,92
2023-04-30,122
2023-05-01,110
2023-05-02,104
2023-05-03,102
2023-05-04,87
2023-05-05,105
2023-05-06,74
2023-05-07,94
2023-05-08,117
2023-05-09,100
2023-05-10,106
2023-05-11,98
2023-05-12,111
2023-05-13,87
2023-05-14,144
2023-05-15,107
2023-05-16,90
2023-05-17,164
2023-05-18,106
2023-05-19,103
2023-05-20,92
2023-05-21,111
2023-05-22,111
2023-05-23,88
2023-05-24,98
2023-05-25,109
2023-05-26,94
2023-05-27,85
2023-05-28,96
2023-05-29,94
2023-05-30,77
2023-05-31,110
2023-06-01,185
2023-06-02,111
2023-06-03,101
2023-06-04,97
2023-06-05,93
2023-06-06,93
2023-06-07,87
2023-06-08,79
2023-06-09,115
2023-06-10,94
2023-06-11,103
2023-06-12,84
2023-06-13,88
2023-06-14,86
2023-06-15,70
2023-06-16,79
2023-06-17,78
2023-06-18,107
2023-06-19,98
2023-06-20,96
2023-06-21,85
2023-06-22,97
2023-06-23,69
2023-06-24,87
2023-06-25,94
2023-06-26,73
2023-06-27,96
2023-06-28,87
2023-06-29,125
2023-06-30,112
2023-07-01,81
2023-07-02,93
2023-07-03,77
2023-07-04,89
2023-07-05,85
2023-07-06,80
2023-07-07,79
2023-07-08,82
2023-07-09,90
2023-07-10,97
2023-07-11,89
2023-07-12,96
2023-07-13,107
2023-07-14,90
2023-07-15,88
2023-07-16,83
2023-07-17,107
2023-07-18,96
2023-07-19,101
2023-07-20,105
2023-07-21,104
2023-07-22,95
2023-07-23,150
2023-07-24,102
2023-07-25,109
2023-07-26,93
2023-07-27,108
2023-07-28,95
2023-07-29,106
2023-07-30,101
2023-07-31,131
2023-08-01,97
2023-08-02,97
2023-08-03,90
2023-08-04,141
2023-08-05,94
2023-08-06,108
2023-08-07,93
2023-08-08,112
2023-08-09,77
2023-08-10,120
2023-08-11,94
2023-08-12,117
2023-08-13,197
2023-08-14,112
2023-08-15,106
2023-08-16,97
2023-08-17,91
2023-08-18,106
2023-08-19,127
2023-08-20,127
2023-08-21,99
2023-08-22,102
2023-08-23,84
2023-08-24,81
2023-08-25,106
2023-08-26,110
2023-08-27,89
2023-08-28,107
2023-08-29,138
2023-08-30,75
2023-08-31,87
2023-09-01,107
2023-09-02,89
2023-09-03,97
2023-09-04,89
2023-09-05,90
2023-09-06,75
2023-09-07,255
2023-09-08,356
2023-09-09,270
2023-09-10,273
2023-09-11,206
2023-09-12,158
2023-09-13,126
2023-09-14,152
2023-09-15,109
2023-09-16,128
2023-09-17,132
2023-09-18,131
2023-09-19,101
2023-09-20,152
2023-09-21,105
2023-09-22,80
2023-09-23,110
2023-09-24,142
2023-09-25,102
2023-09-26,139
2023-09-27,127
2023-09-28,100
2023-09-29,85
2023-09-30,88
2023-10-01,90
2023-10-02,72
2023-10-03,96
2023-10-04,103
2023-10-05,100
2023-10-06,86
2023-10-07,109
2023-10-08,103
2023-10-09,97
2023-10-10,88
2023-10-11,103
2023-10-12,96
2023-10-13,79
2023-10-14,118
2023-10-15,102
2023-10-16,100
2023-10-17,110
2023-10-18,100
2023-10-19,74
2023-10-20,78
2023-10-21,90
2023-10-22,92
2023-10-23,75
2023-10-24,112
2023-10-25,83
2023-10-26,115
2023-10-27,104
2023-10-28,84
2023-10-29,98
2023-10-30,74
2023-10-31,85
2023-11-01,86
2023-11-02,70
2023-11-03,71
2023-11-04,83
2023-11-05,116
2023-11-06,107
2023-11-07,81
2023-11-08,102
2023-11-09,79
2023-11-10,122
2023-11-11,123
2023-11-12,81
2023-11-13,95
2023-11-14,154
2023-11-15,100
2023-11-16,95
2023-11-17,97
2023-11-18,121
2023-11-19,111
2023-11-20,131
2023-11-21,98
2023-11-22,103
2023-11-23,122
2023-11-24,120
2023-11-25,137
2023-11-26,119
2023-11-27,104
2023-11-28,113
2023-11-29,126
2023-11-30,96
2023-12-01,205
2023-12-02,115
2023-12-03,121
2023-12-04,104
2023-12-05,99
2023-12-06,132
2023-12-07,114
2023-12-08,111
2023-12-09,114
2023-12-10,99
2023-12-11,98
2023-12-12,117
2023-12-13,128
2023-12-14,114
2023-12-15,91
2023-12-16,89
2023-12-17,92
2023-12-18,95
2023-12-19,81
2023-12-20,86
2023-12-21,89
2023-12-22,97
2023-12-23,72
2023-12-24,85
2023-12-25,63
2023-12-26,92
2023-12-27,84
2023-12-28,118
2023-12-29,93
2023-12-30,91
2023-12-31,83
2024-01-01,95
2024-01-02,99
2024-01-03,65
2024-01-04,88
2024-01-05,131
2024-01-06,120
2024-01-07,91
2024-01-08,89
2024-01-09,105
2024-01-10,102
2024-01-11,114
2024-01-12,99
2024-01-13,106
2024-01-14,87
2024-01-15,109
2024-01-16,72
2024-01-17,94
2024-01-18,80
2024-01-19,84
2024-01-20,109
2024-01-21,87
2024-01-22,100
2024-01-23,110
2024-01-24,69
2024-01-25,96
2024-01-26,91
2024-01-27,91
2024-01-28,91
2024-01-29,70
2024-01-30,84
2024-01-31,78
2024-02-01,113
2024-02-02,83
2024-02-03,95
2024-02-04,89
2024-02-05,99
2024-02-06,82
2024-02-07,95
2024-02-08,114
2024-02-09,98
2024-02-10,116
2024-02-11,99
2024-02-12,86
2024-02-13,82
2024-02-14,74
2024-02-15,80
2024-02-16,109
2024-02-17,89
2024-02-18,99
2024-02-19,112
2024-02-20,107
2024-02-21,100
2024-02-22,108
2024-02-23,103
2024-02-24,131
2024-02-25,90
2024-02-26,104
2024-02-27,84
2024-02-28,99
2024-02-29,86
2024-03-01,98
2024-03-02,142
2024-03-03,135
2024-03-04,135
2024-03-05,115
2024-03-06,93
2024-03-07,115
2024-03-08,101
2024-03-09,102
2024-03-10,113
2024-03-11,109
2024-03-12,89
2024-03-13,100
2024-03-14,106
2024-03-15,76
2024-03-16,106
2024-03-17,106
2024-03-18,110
2024-03-19,93
2024-03-20,112
2024-03-21,116
2024-03-22,89
2024-03-23,123
2024-03-24,127
2024-03-25,105
2024-03-26,113
2024-03-27,115
2024-03-28,86
2024-03-29,103
2024-03-30,94
2024-03-31,81
2024-04-01,103
2024-04-02,101
2024-04-03,137
2024-04-04,114
2024-04-05,134
2024-04-06,137
2024-04-07,119
2024-04-08,89
2024-04-09,103
2024-04-10,119
2024-04-11,120
2024-04-12,95
2024-04-13,114
2024-04-14,130
2024-04-15,123
2024-04-16,95
2024-04-17,109
2024-04-18,106
2024-04-19,117
2024-04-20,128
2024-04-21,117
2024-04-22,112
2024-04-23,115
2024-04-24,100
2024-04-25,117
2024-04-26,99
2024-04-27,107
2024-04-28,118
2024-04-29,108
2024-04-30,113
2024-05-01,105
2024-05-02,77
2024-05-03,100
2024-05-04,109
2024-05-05,131
2024-05-06,114
2024-05-07,128
2024-05-08,103
2024-05-09,108
2024-05-10,85
2024-05-11,119
2024-05-12,142
2024-05-13,118
2024-05-14,88
2024-05-15,87
2024-05-16,93
2024-05-17,97
2024-05-18,126
2024-05-19,105
2024-05-20,99
2024-05-21,85
2024-05-22,71
2024-05-23,83
2024-05-24,89
2024-05-25,101
2024-05-26,124
2024-05-27,67
2024-05-28,102
2024-05-29,93
2024-05-30,97
2024-05-31,83
2024-06-01,104
2024-06-02,88
2024-06-03,81
2024-06-04,76
2024-06-05,85
2024-06-06,67
2024-06-07,74
2024-06-08,100
2024-06-09,92
2024-06-10,80
2024-06-11,72
2024-06-12,83
2024-06-13,73
2024-06-14,65
2024-06-15,87
2024-06-16,86
2024-06-17,81
2024-06-18,76
2024-06-19,68
2024-06-20,84
2024-06-21,83
2024-06-22,73
2024-06-23,81
2024-06-24,93
2024-06-25,76
2024-06-26,68
2024-06-27,104
2024-06-28,57
2024-06-29,80
2024-06-30,84
2024-07-01,74
2024-07-02,83
2024-07-03,71
2024-07-04,80
2024-07-05,79
2024-07-06,107
2024-07-07,75
2024-07-08,85
2024-07-09,85
2024-07-10,79
2024-07-11,77
2024-07-12,84
2024-07-13,90
2024-07-14,77
2024-07-15,61
2024-07-16,76
2024-07-17,83
2024-07-18,89
2024-07-19,67
2024-07-20,80
2024-07-21,81
2024-07-22,74
2024-07-23,83
2024-07-24,75
2024-07-25,67
2024-07-26,62
2024-07-27,98
2024-07-28,88
2024-07-29,95
2024-07-30,95
2024-07-31,101
2024-08-01,89
2024-08-02,105
2024-08-03,95
2024-08-04,113
2024-08-05,102
2024-08-06,108
2024-08-07,106
2024-08-08,102
2024-08-09,94
2024-08-10,123
2024-08-11,121
2024-08-12,107
2024-08-13,100
2024-08-14,130
2024-08-15,97
2024-08-16,111
2024-08-17,102
2024-08-18,116
2024-08-19,91
2024-08-20,93
2024-08-21,95
2024-08-22,92
2024-08-23,112
2024-08-24,110
2024-08-25,103
2024-08-26,86
2024-08-27,86
2024-08-28,115
2024-08-29,90
2024-08-30,102
2024-08-31,112
2024-09-01,96
2024-09-02,102
2024-09-03,114
2024-09-04,94
2024-09-05,110
2024-09-06,143
2024-09-07,159
2024-09-08,157
2024-09-09,128
2024-09-10,87
2024-09-11,84
2024-09-12,97
2024-09-13,97
2024-09-14,109
2024-09-15,107
2024-09-16,83
2024-09-17,106
2024-09-18,103
2024-09-19,117
2024-09-20,112
2024-09-21,125
2024-09-22,112
2024-09-23,101
2024-09-24,95
2024-09-25,103
2024-09-26,109
2024-09-27,105
2024-09-28,100
2024-09-29,125
2024-09-30,113
2024-10-01,95
2024-10-02,142
2024-10-03,107
2024-10-04,122
2024-10-05,160
2024-10-06,134
2024-10-07,115
2024-10-08,77
2024-10-09,103
2024-10-10,104
2024-10-11,110
2024-10-12,122
2024-10-13,120
2024-10-14,122
2024-10-15,119
2024-10-16,121
2024-10-17,147
2024-10-18,150
2024-10-19,151
2024-10-20,154
2024-10-21,141
2024-10-22,132
2024-10-23,161
2024-10-24,125
2024-10-25,117
2024-10-26,121
2024-10-27,140
2024-10-28,165
2024-10-29,139
2024-10-30,92
2024-10-31,95
2024-11-01,101
2024-11-02,129
2024-11-03,109
2024-11-04,111
2024-11-05,92
2024-11-06,99
2024-11-07,103
2024-11-08,114
2024-11-09,125
2024-11-10,117
2024-11-11,117
2024-11-12,120
2024-11-13,101
2024-11-14,118
2024-11-15,92
2024-11-16,108
2024-11-17,113
2024-11-18,113
2024-11-19,134
2024-11-20,117
2024-11-21,112
2024-11-22,110
2024-11-23,101
2024-11-24,115
2024-11-25,119
2024-11-26,92
2024-11-27,75
2024-11-28,102
2024-11-29,93
2024-11-30,113
2024-12-01,145
2024-12-02,94
2024-12-03,238
2024-12-04,123
2024-12-05,96
2024-12-06,80
2024-12-07,101
2024-12-08,85
2024-12-09,89
2024-12-10,56
2024-12-11,60
2024-12-12,184
2024-12-13,98
2024-12-14,98
2024-12-15,103
2024-12-16,86
2024-12-17,76
2024-12-18,92
2024-12-19,87
2024-12-20,91
2024-12-21,85
2024-12-22,107
2024-12-23,107
2024-12-24,57
2024-12-25,55
2024-12-26,94
2024-12-27,108
2024-12-28,83
2024-12-29,109
2024-12-30,101
2024-12-31,102
2025-01-01,91
2025-01-02,107
2025-01-03,96
2025-01-04,108
2025-01-05,103
2025-01-06,131
2025-01-07,86
2025-01-08,110
2025-01-09,96
2025-01-10,93
2025-01-11,86
2025-01-12,99
2025-01-13,86
2025-01-14,106
2025-01-15,95
2025-01-16,94
2025-01-17,104
2025-01-18,140
2025-01-19,105
2025-01-20,116
2025-01-21,70
2025-01-22,82
2025-01-23,105
2025-01-24,99
2025-01-25,103
2025-01-26,105
2025-01-27,78
2025-01-28,84
2025-01-29,89
2025-01-30,72
2025-01-31,120
2025-02-01,115
2025-02-02,134
2025-02-03,76
2025-02-04,104
2025-02-05,109
2025-02-06,107
2025-02-07,77
2025-02-08,79
2025-02-09,81
2025-02-10,81
2025-02-11,68
2025-02-12,88
2025-02-13,98
2025-02-14,81
2025-02-15,75
2025-02-16,101
2025-02-17,112
2025-02-18,93
2025-02-19,98
2025-02-20,130
2025-02-21,91
2025-02-22,106
2025-02-23,83
2025-02-24,74
2025-02-25,78
2025-02-26,72
2025-02-27,67
2025-02-28,82
2025-03-01,158
2025-03-02,677
2025-03-03,94
2025-03-04,92
2025-03-05,285
2025-03-06,517
2025-03-07,407
2025-03-08,114
2025-03-09,108
2025-03-10,366
2025-03-11,638
2025-03-12,436
2025-03-13,124
2025-03-14,99
2025-03-15,670
2025-03-16,1014
2025-03-17,674
2025-03-18,111
2025-03-19,107
2025-03-20,227
2025-03-21,662
2025-03-22,544
2025-03-23,103
2025-03-24,100
2025-03-25,154
2025-03-26,609
2025-03-27,489
2025-03-28,79
2025-03-29,83
2025-03-30,96
2025-03-31,108
2025-04-01,76
2025-04-02,71
2025-04-03,77
2025-04-04,85
2025-04-05,83
2025-04-06,75
2025-04-07,85
2025-04-08,91
2025-04-09,66
2025-04-10,82
2025-04-11,84
2025-04-12,86
2025-04-13,83
2025-04-14,96
2025-04-15,105
2025-04-16,66
2025-04-17,61
2025-04-18,69
2025-04-19,113
2025-04-20,160
2025-04-21,120
2025-04-22,92
2025-04-23,65
2025-04-24,69
2025-04-25,91
2025-04-26,72
2025-04-27,62
2025-04-28,76
2025-04-29,94
2025-04-30,83
2025-05-01,66
2025-05-02,78
2025-05-03,83
2025-05-04,101
2025-05-05,70
2025-05-06,109
2025-05-07,89
2025-05-08,176
2025-05-09,113
2025-05-10,106
2025-05-11,178
2025-05-12,121
2025-05-13,96
2025-05-14,102
2025-05-15,107
2025-05-16,99
2025-05-17,94
2025-05-18,106
2025-05-19,90
2025-05-20,94
2025-05-21,93
2025-05-22,87
2025-05-23,106
2025-05-24,81
2025-05-25,93
2025-05-26,98
2025-05-27,97
2025-05-28,69
2025-05-29,65
2025-05-30,84
2025-05-31,112
2025-06-01,72
2025-06-02,78
2025-06-03,112
2025-06-04,89
2025-06-05,85
2025-06-06,69
2025-06-07,73
2025-06-08,71
2025-06-09,73
2025-06-10,64
2025-06-11,52
2025-06-12,67
2025-06-13,66
2025-06-14,88
2025-06-15,81
2025-06-16,67
2025-06-17,44
2025-06-18,62
2025-06-19,67
2025-06-20,48
2025-06-21,58
2025-06-22,102
2025-06-23,954
2025-06-24,317
2025-06-25,87
2025-06-26,80
2025-06-27,62
2025-06-28,72
2025-06-29,73
2025-06-30,72
2025-07-01,62
2025-07-02,78
2025-07-03,72
2025-07-04,63
2025-07-05,67
2025-07-06,78
2025-07-07,86
2025-07-08,80
2025-07-09,83
2025-07-10,88
2025-07-11,81
2025-07-12,76
2025-07-13,69
2025-07-14,93
2025-07-15,57
2025-07-16,79
2025-07-17,70
2025-07-18,80
2025-07-19,89
2025-07-20,67
2025-07-21,64
2025-07-22,98
2025-07-23,67
2025-07-24,76
2025-07-25,78
2025-07-26,90
2025-07-27,83
2025-07-28,72
2025-07-29,90
2025-07-30,77
2025-07-31,66
2025-08-01,98
2025-08-02,83
2025-08-03,72
2025-08-04,118
2025-08-05,81
2025-08-06,73
2025-08-07,77
2025-08-08,112
2025-08-09,82
2025-08-10,73
2025-08-11,100
2025-08-12,78
2025-08-13,72
2025-08-14,69
2025-08-15,75
2025-08-16,69
2025-08-17,84
2025-08-18,85
2025-08-19,72
2025-08-20,81
2025-08-21,78
2025-08-22,80
2025-08-23,72
2025-08-24,88
2025-08-25,77
2025-08-26,77
2025-08-27,66
2025-08-28,80
2025-08-29,67
2025-08-30,76
2025-08-31,71
2025-09-01,75
2025-09-02,96
2025-09-03,96
2025-09-04,82
2025-09-05,84
2025-09-06,95
2025-09-07,80
2025-09-08,78
2025-09-09,75
2025-09-10,57
2025-09-11,58
2025-09-12,52
2025-09-13,69
2025-09-14,77
2025-09-15,71
2025-09-16,71
2025-09-17,76
2025-09-18,78
2025-09-19,67
2025-09-20,72
2025-09-21,63
2025-09-22,78
2025-09-23,61
2025-09-24,83
2025-09-25,60
2025-09-26,83
2025-09-27,95
2025-09-28,73
2025-09-29,96
2025-09-30,75
2025-10-01,61
2025-10-02,72
2025-10-03,80
2025-10-04,63
2025-10-05,58
2025-10-06,68
2025-10-07,72
2025-10-08,77
2025-10-09,85
2025-10-10,53
2025-10-11,74
2025-10-12,87
2025-10-13,67
2025-10-14,57
2025-10-15,72
2025-10-16,73
2025-10-17,75
2025-10-18,75
2025-10-19,79
2025-10-20,45
2025-10-21,48
2025-10-22,58
2025-10-23,69
2025-10-24,91
2025-10-25,67
2025-10-26,73
2025-10-27,90
2025-10-28,66
2025-10-29,70
2025-10-30,72
2025-10-31,60
2025-11-01,58
2025-11-02,83
2025-11-03,72
2025-11-04,49
2025-11-05,86
2025-11-06,69
2025-11-07,62
2025-11-08,75
2025-11-09,78
2025-11-10,71
2025-11-11,83
2025-11-12,65
2025-11-13,64
2025-11-14,78
2025-11-15,73
2025-11-16,87
2025-11-17,81
2025-11-18,88
2025-11-19,47
2025-11-20,76
2025-11-21,88
2025-11-22,57
2025-11-23,95
2025-11-24,57
2025-11-25,89
2025-11-26,77
2025-11-27,65
2025-11-28,61
2025-11-29,67
2025-11-30,85
2025-12-01,58
2025-12-02,87
2025-12-03,74
2025-12-04,56
2025-12-05,75
2025-12-06,89
2025-12-07,65
2025-12-08,70
2025-12-09,65
2025-12-10,66
2025-12-11,65
2025-12-12,61
2025-12-13,75
2025-12-14,70
2025-12-15,50
2025-12-16,55
2025-12-17,52
2025-12-18,64
2025-12-19,55
2025-12-20,66
2025-12-21,62
2025-12-22,59
2025-12-23,60
2025-12-24,40
2025-12-25,54
2025-12-26,59
2025-12-27,69
2025-12-28,70
2025-12-29,80
2025-12-30,67
2025-12-31,61
2026-01-01,49
2026-01-02,99
2026-01-03,60
2026-01-04,64
2026-01-05,57
2026-01-06,55
2026-01-07,58
2026-01-08,88
2026-01-09,68
2026-01-10,69
2026-01-11,75
2026-01-12,85
2026-01-13,55
2026-01-14,64
2026-01-15,51
2026-01-16,59
2026-01-17,63
2026-01-18,76
2026-01-19,64
2026-01-20,79
2026-01-21,76
2026-01-22,68
2026-01-23,49
2026-01-24,51
2026-01-25,67
2026-01-26,69
2026-01-27,56
2026-01-28,68
2026-01-29,63
2026-01-30,57
2026-01-31,76
2026-02-01,66
2026-02-02,61
2026-02-03,64
2026-02-04,49
2026-02-05,70
2026-02-06,97
2026-02-07,74
2026-02-08,80
2026-02-09,66
2026-02-10,50
2026-02-11,37
2026-02-12,23
2026-02-13,49
2026-02-14,20
2026-02-15,29
2026-02-16,41
2026-02-17,33
2026-02-18,32
2026-02-19,39
2026-02-20,24
2026-02-21,26
2026-02-22,56
2026-02-23,36
2026-02-24,33
2026-02-25,29
2026-02-26,38
2026-02-27,36
2026-02-28,44
2026-03-01,40
2026-03-02,22
2026-03-03,33
2026-03-04,35
2026-03-05,31
2026-03-06,43
2026-03-07,30
2026-03-08,39
2026-03-09,34
2026-03-10,38
2026-03-11,40
2026-03-12,35
2026-03-13,37
2026-03-14,41
2026-03-15,41
2026-03-16,23
2026-03-17,24
2026-03-18,44
2026-03-19,37
2026-03-20,37
2026-03-21,65
2026-03-22,41
2026-03-23,36
2026-03-24,29
2026-03-25,31
2026-03-26,36
2026-03-27,43
2026-03-28,42
2026-03-29,46
2026-03-30,45
2026-03-31,39
2026-04-01,38
2026-04-02,35
2026-04-03,34
2026-04-04,33
2026-04-05,37
2026-04-06,32
2026-04-07,39
2026-04-08,36
2026-04-09,46
2026-04-10,41
2026-04-11,36
2026-04-12,52
2026-04-13,35
