Date,"Streetwear"
2015-07-01,121
2015-07-02,103
2015-07-03,88
2015-07-04,100
2015-07-05,83
2015-07-06,125
2015-07-07,104
2015-07-08,133
2015-07-09,143
2015-07-10,111
2015-07-11,112
2015-07-12,111
2015-07-13,112
2015-07-14,154
2015-07-15,121
2015-07-16,109
2015-07-17,121
2015-07-18,79
2015-07-19,122
2015-07-20,149
2015-07-21,173
2015-07-22,111
2015-07-23,103
2015-07-24,105
2015-07-25,96
2015-07-26,114
2015-07-27,107
2015-07-28,122
2015-07-29,158
2015-07-30,111
2015-07-31,111
2015-08-01,127
2015-08-02,111
2015-08-03,122
2015-08-04,116
2015-08-05,136
2015-08-06,100
2015-08-07,116
2015-08-08,111
2015-08-09,83
2015-08-10,113
2015-08-11,157
2015-08-12,170
2015-08-13,119
2015-08-14,136
2015-08-15,129
2015-08-16,114
2015-08-17,129
2015-08-18,120
2015-08-19,154
2015-08-20,118
2015-08-21,117
2015-08-22,115
2015-08-23,106
2015-08-24,111
2015-08-25,145
2015-08-26,140
2015-08-27,142
2015-08-28,104
2015-08-29,98
2015-08-30,119
2015-08-31,111
2015-09-01,136
2015-09-02,160
2015-09-03,141
2015-09-04,140
2015-09-05,90
2015-09-06,109
2015-09-07,118
2015-09-08,136
2015-09-09,129
2015-09-10,121
2015-09-11,120
2015-09-12,105
2015-09-13,106
2015-09-14,115
2015-09-15,143
2015-09-16,137
2015-09-17,146
2015-09-18,111
2015-09-19,103
2015-09-20,117
2015-09-21,142
2015-09-22,136
2015-09-23,123
2015-09-24,114
2015-09-25,121
2015-09-26,93
2015-09-27,114
2015-09-28,146
2015-09-29,146
2015-09-30,121
2015-10-01,171
2015-10-02,140
2015-10-03,129
2015-10-04,108
2015-10-05,127
2015-10-06,139
2015-10-07,128
2015-10-08,122
2015-10-09,105
2015-10-10,89
2015-10-11,110
2015-10-12,158
2015-10-13,148
2015-10-14,138
2015-10-15,125
2015-10-16,116
2015-10-17,111
2015-10-18,138
2015-10-19,128
2015-10-20,148
2015-10-21,100
2015-10-22,139
2015-10-23,106
2015-10-24,100
2015-10-25,92
2015-10-26,140
2015-10-27,127
2015-10-28,108
2015-10-29,147
2015-10-30,116
2015-10-31,90
2015-11-01,126
2015-11-02,153
2015-11-03,136
2015-11-04,153
2015-11-05,116
2015-11-06,108
2015-11-07,88
2015-11-08,121
2015-11-09,146
2015-11-10,118
2015-11-11,109
2015-11-12,152
2015-11-13,95
2015-11-14,88
2015-11-15,120
2015-11-16,131
2015-11-17,129
2015-11-18,163
2015-11-19,119
2015-11-20,110
2015-11-21,109
2015-11-22,104
2015-11-23,130
2015-11-24,146
2015-11-25,135
2015-11-26,123
2015-11-27,126
2015-11-28,117
2015-11-29,121
2015-11-30,147
2015-12-01,145
2015-12-02,143
2015-12-03,127
2015-12-04,119
2015-12-05,114
2015-12-06,119
2015-12-07,153
2015-12-08,139
2015-12-09,183
2015-12-10,128
2015-12-11,122
2015-12-12,112
2015-12-13,142
2015-12-14,144
2015-12-15,156
2015-12-16,144
2015-12-17,147
2015-12-18,97
2015-12-19,89
2015-12-20,116
2015-12-21,107
2015-12-22,116
2015-12-23,102
2015-12-24,84
2015-12-25,89
2015-12-26,98
2015-12-27,115
2015-12-28,122
2015-12-29,169
2015-12-30,103
2015-12-31,90
2016-01-01,90
2016-01-02,107
2016-01-03,103
2016-01-04,121
2016-01-05,110
2016-01-06,124
2016-01-07,142
2016-01-08,135
2016-01-09,99
2016-01-10,111
2016-01-11,141
2016-01-12,157
2016-01-13,141
2016-01-14,124
2016-01-15,115
2016-01-16,107
2016-01-17,128
2016-01-18,153
2016-01-19,162
2016-01-20,167
2016-01-21,138
2016-01-22,131
2016-01-23,151
2016-01-24,123
2016-01-25,166
2016-01-26,148
2016-01-27,142
2016-01-28,169
2016-01-29,122
2016-01-30,116
2016-01-31,125
2016-02-01,143
2016-02-02,147
2016-02-03,135
2016-02-04,215
2016-02-05,167
2016-02-06,104
2016-02-07,112
2016-02-08,139
2016-02-09,162
2016-02-10,149
2016-02-11,131
2016-02-12,113
2016-02-13,99
2016-02-14,101
2016-02-15,161
2016-02-16,163
2016-02-17,187
2016-02-18,133
2016-02-19,132
2016-02-20,106
2016-02-21,143
2016-02-22,169
2016-02-23,157
2016-02-24,166
2016-02-25,124
2016-02-26,102
2016-02-27,110
2016-02-28,122
2016-02-29,169
2016-03-01,184
2016-03-02,158
2016-03-03,139
2016-03-04,158
2016-03-05,121
2016-03-06,132
2016-03-07,141
2016-03-08,155
2016-03-09,139
2016-03-10,126
2016-03-11,140
2016-03-12,104
2016-03-13,122
2016-03-14,183
2016-03-15,136
2016-03-16,134
2016-03-17,127
2016-03-18,124
2016-03-19,95
2016-03-20,126
2016-03-21,134
2016-03-22,144
2016-03-23,132
2016-03-24,118
2016-03-25,108
2016-03-26,109
2016-03-27,128
2016-03-28,138
2016-03-29,163
2016-03-30,132
2016-03-31,145
2016-04-01,134
2016-04-02,100
2016-04-03,150
2016-04-04,172
2016-04-05,147
2016-04-06,142
2016-04-07,153
2016-04-08,124
2016-04-09,120
2016-04-10,164
2016-04-11,159
2016-04-12,150
2016-04-13,164
2016-04-14,148
2016-04-15,108
2016-04-16,77
2016-04-17,85
2016-04-18,124
2016-04-19,161
2016-04-20,147
2016-04-21,133
2016-04-22,146
2016-04-23,121
2016-04-24,132
2016-04-25,172
2016-04-26,154
2016-04-27,142
2016-04-28,142
2016-04-29,118
2016-04-30,95
2016-05-01,114
2016-05-02,137
2016-05-03,127
2016-05-04,159
2016-05-05,190
2016-05-06,125
2016-05-07,114
2016-05-08,144
2016-05-09,126
2016-05-10,130
2016-05-11,156
2016-05-12,131
2016-05-13,121
2016-05-14,99
2016-05-15,121
2016-05-16,133
2016-05-17,129
2016-05-18,133
2016-05-19,156
2016-05-20,101
2016-05-21,103
2016-05-22,106
2016-05-23,122
2016-05-24,152
2016-05-25,120
2016-05-26,117
2016-05-27,127
2016-05-28,82
2016-05-29,101
2016-05-30,161
2016-05-31,135
2016-06-01,117
2016-06-02,115
2016-06-03,102
2016-06-04,99
2016-06-05,153
2016-06-06,119
2016-06-07,121
2016-06-08,134
2016-06-09,128
2016-06-10,107
2016-06-11,114
2016-06-12,103
2016-06-13,123
2016-06-14,109
2016-06-15,117
2016-06-16,115
2016-06-17,79
2016-06-18,83
2016-06-19,89
2016-06-20,121
2016-06-21,133
2016-06-22,206
2016-06-23,129
2016-06-24,95
2016-06-25,74
2016-06-26,87
2016-06-27,106
2016-06-28,103
2016-06-29,114
2016-06-30,138
2016-07-01,111
2016-07-02,72
2016-07-03,85
2016-07-04,94
2016-07-05,93
2016-07-06,117
2016-07-07,106
2016-07-08,87
2016-07-09,88
2016-07-10,101
2016-07-11,82
2016-07-12,101
2016-07-13,116
2016-07-14,106
2016-07-15,90
2016-07-16,96
2016-07-17,114
2016-07-18,116
2016-07-19,123
2016-07-20,104
2016-07-21,98
2016-07-22,104
2016-07-23,95
2016-07-24,95
2016-07-25,116
2016-07-26,100
2016-07-27,125
2016-07-28,120
2016-07-29,85
2016-07-30,90
2016-07-31,115
2016-08-01,102
2016-08-02,139
2016-08-03,97
2016-08-04,110
2016-08-05,97
2016-08-06,79
2016-08-07,117
2016-08-08,125
2016-08-09,133
2016-08-10,90
2016-08-11,121
2016-08-12,96
2016-08-13,65
2016-08-14,101
2016-08-15,110
2016-08-16,95
2016-08-17,103
2016-08-18,107
2016-08-19,95
2016-08-20,81
2016-08-21,99
2016-08-22,131
2016-08-23,155
2016-08-24,124
2016-08-25,139
2016-08-26,96
2016-08-27,141
2016-08-28,135
2016-08-29,149
2016-08-30,109
2016-08-31,128
2016-09-01,145
2016-09-02,157
2016-09-03,118
2016-09-04,125
2016-09-05,137
2016-09-06,154
2016-09-07,152
2016-09-08,166
2016-09-09,131
2016-09-10,128
2016-09-11,112
2016-09-12,145
2016-09-13,164
2016-09-14,135
2016-09-15,145
2016-09-16,134
2016-09-17,94
2016-09-18,149
2016-09-19,145
2016-09-20,163
2016-09-21,148
2016-09-22,135
2016-09-23,141
2016-09-24,110
2016-09-25,130
2016-09-26,135
2016-09-27,135
2016-09-28,130
2016-09-29,129
2016-09-30,112
2016-10-01,141
2016-10-02,125
2016-10-03,239
2016-10-04,139
2016-10-05,132
2016-10-06,156
2016-10-07,133
2016-10-08,141
2016-10-09,120
2016-10-10,158
2016-10-11,172
2016-10-12,180
2016-10-13,154
2016-10-14,165
2016-10-15,191
2016-10-16,163
2016-10-17,153
2016-10-18,169
2016-10-19,164
2016-10-20,163
2016-10-21,134
2016-10-22,128
2016-10-23,154
2016-10-24,220
2016-10-25,158
2016-10-26,184
2016-10-27,164
2016-10-28,372
2016-10-29,209
2016-10-30,177
2016-10-31,198
2016-11-01,159
2016-11-02,159
2016-11-03,191
2016-11-04,180
2016-11-05,140
2016-11-06,168
2016-11-07,159
2016-11-08,171
2016-11-09,103
2016-11-10,164
2016-11-11,133
2016-11-12,134
2016-11-13,173
2016-11-14,199
2016-11-15,234
2016-11-16,291
2016-11-17,178
2016-11-18,159
2016-11-19,123
2016-11-20,147
2016-11-21,179
2016-11-22,198
2016-11-23,149
2016-11-24,152
2016-11-25,137
2016-11-26,115
2016-11-27,163
2016-11-28,232
2016-11-29,202
2016-11-30,192
2016-12-01,144
2016-12-02,183
2016-12-03,132
2016-12-04,166
2016-12-05,179
2016-12-06,192
2016-12-07,168
2016-12-08,175
2016-12-09,149
2016-12-10,145
2016-12-11,166
2016-12-12,175
2016-12-13,195
2016-12-14,241
2016-12-15,166
2016-12-16,151
2016-12-17,124
2016-12-18,168
2016-12-19,192
2016-12-20,158
2016-12-21,160
2016-12-22,149
2016-12-23,127
2016-12-24,97
2016-12-25,109
2016-12-26,134
2016-12-27,136
2016-12-28,140
2016-12-29,140
2016-12-30,158
2016-12-31,82
2017-01-01,109
2017-01-02,151
2017-01-03,161
2017-01-04,164
2017-01-05,172
2017-01-06,165
2017-01-07,140
2017-01-08,163
2017-01-09,172
2017-01-10,201
2017-01-11,194
2017-01-12,179
2017-01-13,202
2017-01-14,143
2017-01-15,160
2017-01-16,159
2017-01-17,185
2017-01-18,189
2017-01-19,199
2017-01-20,207
2017-01-21,115
2017-01-22,132
2017-01-23,189
2017-01-24,197
2017-01-25,194
2017-01-26,201
2017-01-27,188
2017-01-28,167
2017-01-29,141
2017-01-30,213
2017-01-31,191
2017-02-01,188
2017-02-02,189
2017-02-03,204
2017-02-04,162
2017-02-05,226
2017-02-06,228
2017-02-07,211
2017-02-08,205
2017-02-09,201
2017-02-10,175
2017-02-11,177
2017-02-12,174
2017-02-13,197
2017-02-14,211
2017-02-15,185
2017-02-16,218
2017-02-17,188
2017-02-18,170
2017-02-19,216
2017-02-20,211
2017-02-21,237
2017-02-22,237
2017-02-23,195
2017-02-24,186
2017-02-25,149
2017-02-26,189
2017-02-27,215
2017-02-28,225
2017-03-01,197
2017-03-02,213
2017-03-03,178
2017-03-04,215
2017-03-05,214
2017-03-06,223
2017-03-07,222
2017-03-08,187
2017-03-09,198
2017-03-10,215
2017-03-11,175
2017-03-12,233
2017-03-13,245
2017-03-14,237
2017-03-15,245
2017-03-16,241
2017-03-17,236
2017-03-18,168
2017-03-19,209
2017-03-20,279
2017-03-21,219
2017-03-22,228
2017-03-23,227
2017-03-24,195
2017-03-25,156
2017-03-26,218
2017-03-27,249
2017-03-28,206
2017-03-29,219
2017-03-30,204
2017-03-31,173
2017-04-01,131
2017-04-02,128
2017-04-03,213
2017-04-04,181
2017-04-05,175
2017-04-06,202
2017-04-07,173
2017-04-08,171
2017-04-09,190
2017-04-10,190
2017-04-11,182
2017-04-12,164
2017-04-13,162
2017-04-14,141
2017-04-15,143
2017-04-16,220
2017-04-17,212
2017-04-18,251
2017-04-19,210
2017-04-20,208
2017-04-21,198
2017-04-22,147
2017-04-23,161
2017-04-24,220
2017-04-25,220
2017-04-26,197
2017-04-27,182
2017-04-28,156
2017-04-29,125
2017-04-30,132
2017-05-01,191
2017-05-02,201
2017-05-03,199
2017-05-04,196
2017-05-05,184
2017-05-06,170
2017-05-07,178
2017-05-08,225
2017-05-09,211
2017-05-10,189
2017-05-11,215
2017-05-12,155
2017-05-13,159
2017-05-14,167
2017-05-15,201
2017-05-16,148
2017-05-17,174
2017-05-18,206
2017-05-19,144
2017-05-20,118
2017-05-21,152
2017-05-22,173
2017-05-23,183
2017-05-24,218
2017-05-25,205
2017-05-26,185
2017-05-27,161
2017-05-28,127
2017-05-29,157
2017-05-30,207
2017-05-31,172
2017-06-01,170
2017-06-02,133
2017-06-03,155
2017-06-04,143
2017-06-05,197
2017-06-06,212
2017-06-07,163
2017-06-08,192
2017-06-09,178
2017-06-10,147
2017-06-11,141
2017-06-12,186
2017-06-13,180
2017-06-14,153
2017-06-15,154
2017-06-16,144
2017-06-17,128
2017-06-18,129
2017-06-19,130
2017-06-20,161
2017-06-21,169
2017-06-22,138
2017-06-23,140
2017-06-24,135
2017-06-25,131
2017-06-26,140
2017-06-27,154
2017-06-28,152
2017-06-29,149
2017-06-30,156
2017-07-01,112
2017-07-02,144
2017-07-03,144
2017-07-04,154
2017-07-05,133
2017-07-06,152
2017-07-07,134
2017-07-08,153
2017-07-09,172
2017-07-10,174
2017-07-11,171
2017-07-12,181
2017-07-13,167
2017-07-14,154
2017-07-15,107
2017-07-16,137
2017-07-17,173
2017-07-18,159
2017-07-19,154
2017-07-20,161
2017-07-21,144
2017-07-22,134
2017-07-23,150
2017-07-24,163
2017-07-25,157
2017-07-26,178
2017-07-27,184
2017-07-28,153
2017-07-29,126
2017-07-30,151
2017-07-31,180
2017-08-01,182
2017-08-02,199
2017-08-03,189
2017-08-04,157
2017-08-05,126
2017-08-06,172
2017-08-07,159
2017-08-08,177
2017-08-09,156
2017-08-10,194
2017-08-11,156
2017-08-12,143
2017-08-13,175
2017-08-14,188
2017-08-15,198
2017-08-16,184
2017-08-17,176
2017-08-18,176
2017-08-19,170
2017-08-20,138
2017-08-21,174
2017-08-22,225
2017-08-23,198
2017-08-24,187
2017-08-25,173
2017-08-26,131
2017-08-27,162
2017-08-28,165
2017-08-29,146
2017-08-30,150
2017-08-31,175
2017-09-01,147
2017-09-02,150
2017-09-03,163
2017-09-04,188
2017-09-05,496
2017-09-06,500
2017-09-07,1006
2017-09-08,175
2017-09-09,149
2017-09-10,173
2017-09-11,249
2017-09-12,395
2017-09-13,234
2017-09-14,221
2017-09-15,189
2017-09-16,167
2017-09-17,228
2017-09-18,250
2017-09-19,240
2017-09-20,260
2017-09-21,241
2017-09-22,225
2017-09-23,162
2017-09-24,222
2017-09-25,201
2017-09-26,218
2017-09-27,235
2017-09-28,242
2017-09-29,241
2017-09-30,165
2017-10-01,204
2017-10-02,256
2017-10-03,237
2017-10-04,247
2017-10-05,209
2017-10-06,212
2017-10-07,205
2017-10-08,235
2017-10-09,302
2017-10-10,281
2017-10-11,259
2017-10-12,240
2017-10-13,183
2017-10-14,161
2017-10-15,203
2017-10-16,231
2017-10-17,261
2017-10-18,244
2017-10-19,206
2017-10-20,184
2017-10-21,182
2017-10-22,180
2017-10-23,266
2017-10-24,237
2017-10-25,262
2017-10-26,259
2017-10-27,184
2017-10-28,165
2017-10-29,231
2017-10-30,252
2017-10-31,198
2017-11-01,221
2017-11-02,283
2017-11-03,253
2017-11-04,210
2017-11-05,228
2017-11-06,288
2017-11-07,248
2017-11-08,266
2017-11-09,269
2017-11-10,224
2017-11-11,223
2017-11-12,278
2017-11-13,336
2017-11-14,309
2017-11-15,284
2017-11-16,272
2017-11-17,272
2017-11-18,183
2017-11-19,263
2017-11-20,355
2017-11-21,307
2017-11-22,278
2017-11-23,263
2017-11-24,259
2017-11-25,206
2017-11-26,280
2017-11-27,307
2017-11-28,337
2017-11-29,316
2017-11-30,271
2017-12-01,254
2017-12-02,212
2017-12-03,238
2017-12-04,249
2017-12-05,318
2017-12-06,279
2017-12-07,303
2017-12-08,252
2017-12-09,227
2017-12-10,300
2017-12-11,331
2017-12-12,249
2017-12-13,258
2017-12-14,239
2017-12-15,232
2017-12-16,183
2017-12-17,203
2017-12-18,272
2017-12-19,246
2017-12-20,225
2017-12-21,230
2017-12-22,229
2017-12-23,175
2017-12-24,194
2017-12-25,216
2017-12-26,205
2017-12-27,254
2017-12-28,237
2017-12-29,222
2017-12-30,190
2017-12-31,184
2018-01-01,182
2018-01-02,243
2018-01-03,235
2018-01-04,237
2018-01-05,242
2018-01-06,232
2018-01-07,240
2018-01-08,288
2018-01-09,303
2018-01-10,284
2018-01-11,290
2018-01-12,265
2018-01-13,255
2018-01-14,263
2018-01-15,356
2018-01-16,307
2018-01-17,293
2018-01-18,290
2018-01-19,261
2018-01-20,254
2018-01-21,299
2018-01-22,300
2018-01-23,336
2018-01-24,329
2018-01-25,296
2018-01-26,277
2018-01-27,240
2018-01-28,270
2018-01-29,302
2018-01-30,332
2018-01-31,302
2018-02-01,274
2018-02-02,268
2018-02-03,223
2018-02-04,250
2018-02-05,278
2018-02-06,285
2018-02-07,318
2018-02-08,296
2018-02-09,257
2018-02-10,228
2018-02-11,279
2018-02-12,343
2018-02-13,289
2018-02-14,343
2018-02-15,220
2018-02-16,225
2018-02-17,256
2018-02-18,254
2018-02-19,328
2018-02-20,279
2018-02-21,303
2018-02-22,342
2018-02-23,284
2018-02-24,581
2018-02-25,296
2018-02-26,352
2018-02-27,387
2018-02-28,297
2018-03-01,321
2018-03-02,271
2018-03-03,253
2018-03-04,313
2018-03-05,348
2018-03-06,359
2018-03-07,349
2018-03-08,295
2018-03-09,332
2018-03-10,301
2018-03-11,328
2018-03-12,379
2018-03-13,381
2018-03-14,388
2018-03-15,392
2018-03-16,343
2018-03-17,245
2018-03-18,283
2018-03-19,314
2018-03-20,381
2018-03-21,383
2018-03-22,350
2018-03-23,315
2018-03-24,262
2018-03-25,304
2018-03-26,441
2018-03-27,408
2018-03-28,376
2018-03-29,340
2018-03-30,313
2018-03-31,286
2018-04-01,274
2018-04-02,361
2018-04-03,360
2018-04-04,359
2018-04-05,345
2018-04-06,338
2018-04-07,312
2018-04-08,339
2018-04-09,449
2018-04-10,376
2018-04-11,373
2018-04-12,497
2018-04-13,375
2018-04-14,304
2018-04-15,366
2018-04-16,399
2018-04-17,357
2018-04-18,381
2018-04-19,390
2018-04-20,323
2018-04-21,287
2018-04-22,316
2018-04-23,384
2018-04-24,385
2018-04-25,360
2018-04-26,288
2018-04-27,291
2018-04-28,246
2018-04-29,246
2018-04-30,324
2018-05-01,340
2018-05-02,385
2018-05-03,361
2018-05-04,303
2018-05-05,266
2018-05-06,314
2018-05-07,338
2018-05-08,339
2018-05-09,340
2018-05-10,313
2018-05-11,276
2018-05-12,234
2018-05-13,310
2018-05-14,373
2018-05-15,294
2018-05-16,388
2018-05-17,306
2018-05-18,264
2018-05-19,254
2018-05-20,314
2018-05-21,361
2018-05-22,335
2018-05-23,358
2018-05-24,299
2018-05-25,232
2018-05-26,275
2018-05-27,320
2018-05-28,293
2018-05-29,320
2018-05-30,311
2018-05-31,337
2018-06-01,267
2018-06-02,220
2018-06-03,289
2018-06-04,383
2018-06-05,415
2018-06-06,333
2018-06-07,342
2018-06-08,345
2018-06-09,291
2018-06-10,282
2018-06-11,296
2018-06-12,271
2018-06-13,263
2018-06-14,248
2018-06-15,210
2018-06-16,236
2018-06-17,241
2018-06-18,264
2018-06-19,277
2018-06-20,286
2018-06-21,356
2018-06-22,360
2018-06-23,252
2018-06-24,246
2018-06-25,342
2018-06-26,281
2018-06-27,253
2018-06-28,265
2018-06-29,262
2018-06-30,183
2018-07-01,228
2018-07-02,254
2018-07-03,295
2018-07-04,344
2018-07-05,298
2018-07-06,250
2018-07-07,240
2018-07-08,259
2018-07-09,249
2018-07-10,304
2018-07-11,284
2018-07-12,256
2018-07-13,252
2018-07-14,220
2018-07-15,256
2018-07-16,293
2018-07-17,274
2018-07-18,286
2018-07-19,277
2018-07-20,267
2018-07-21,190
2018-07-22,226
2018-07-23,277
2018-07-24,269
2018-07-25,244
2018-07-26,270
2018-07-27,285
2018-07-28,225
2018-07-29,280
2018-07-30,260
2018-07-31,242
2018-08-01,304
2018-08-02,200
2018-08-03,226
2018-08-04,217
2018-08-05,222
2018-08-06,267
2018-08-07,271
2018-08-08,243
2018-08-09,258
2018-08-10,210
2018-08-11,230
2018-08-12,230
2018-08-13,276
2018-08-14,272
2018-08-15,265
2018-08-16,341
2018-08-17,321
2018-08-18,256
2018-08-19,286
2018-08-20,250
2018-08-21,276
2018-08-22,283
2018-08-23,271
2018-08-24,223
2018-08-25,231
2018-08-26,255
2018-08-27,300
2018-08-28,310
2018-08-29,289
2018-08-30,289
2018-08-31,259
2018-09-01,267
2018-09-02,228
2018-09-03,284
2018-09-04,311
2018-09-05,280
2018-09-06,288
2018-09-07,245
2018-09-08,255
2018-09-09,326
2018-09-10,308
2018-09-11,353
2018-09-12,314
2018-09-13,313
2018-09-14,262
2018-09-15,217
2018-09-16,290
2018-09-17,328
2018-09-18,311
2018-09-19,321
2018-09-20,289
2018-09-21,284
2018-09-22,213
2018-09-23,276
2018-09-24,305
2018-09-25,305
2018-09-26,289
2018-09-27,324
2018-09-28,273
2018-09-29,251
2018-09-30,299
2018-10-01,385
2018-10-02,384
2018-10-03,345
2018-10-04,311
2018-10-05,312
2018-10-06,268
2018-10-07,320
2018-10-08,401
2018-10-09,386
2018-10-10,333
2018-10-11,353
2018-10-12,291
2018-10-13,319
2018-10-14,308
2018-10-15,369
2018-10-16,383
2018-10-17,367
2018-10-18,319
2018-10-19,340
2018-10-20,273
2018-10-21,304
2018-10-22,397
2018-10-23,337
2018-10-24,381
2018-10-25,353
2018-10-26,288
2018-10-27,258
2018-10-28,320
2018-10-29,357
2018-10-30,358
2018-10-31,337
2018-11-01,317
2018-11-02,383
2018-11-03,286
2018-11-04,306
2018-11-05,392
2018-11-06,370
2018-11-07,347
2018-11-08,296
2018-11-09,296
2018-11-10,291
2018-11-11,351
2018-11-12,417
2018-11-13,387
2018-11-14,402
2018-11-15,366
2018-11-16,341
2018-11-17,320
2018-11-18,361
2018-11-19,452
2018-11-20,433
2018-11-21,416
2018-11-22,332
2018-11-23,537
2018-11-24,385
2018-11-25,389
2018-11-26,427
2018-11-27,404
2018-11-28,446
2018-11-29,437
2018-11-30,350
2018-12-01,269
2018-12-02,322
2018-12-03,356
2018-12-04,381
2018-12-05,398
2018-12-06,315
2018-12-07,338
2018-12-08,303
2018-12-09,317
2018-12-10,385
2018-12-11,422
2018-12-12,371
2018-12-13,336
2018-12-14,340
2018-12-15,289
2018-12-16,296
2018-12-17,351
2018-12-18,356
2018-12-19,326
2018-12-20,308
2018-12-21,267
2018-12-22,257
2018-12-23,245
2018-12-24,269
2018-12-25,235
2018-12-26,261
2018-12-27,307
2018-12-28,257
2018-12-29,247
2018-12-30,282
2018-12-31,183
2019-01-01,238
2019-01-02,501
2019-01-03,357
2019-01-04,314
2019-01-05,293
2019-01-06,373
2019-01-07,377
2019-01-08,394
2019-01-09,395
2019-01-10,423
2019-01-11,353
2019-01-12,343
2019-01-13,358
2019-01-14,375
2019-01-15,408
2019-01-16,384
2019-01-17,391
2019-01-18,367
2019-01-19,339
2019-01-20,335
2019-01-21,377
2019-01-22,381
2019-01-23,352
2019-01-24,382
2019-01-25,339
2019-01-26,269
2019-01-27,323
2019-01-28,332
2019-01-29,364
2019-01-30,355
2019-01-31,367
2019-02-01,362
2019-02-02,249
2019-02-03,291
2019-02-04,326
2019-02-05,374
2019-02-06,298
2019-02-07,401
2019-02-08,359
2019-02-09,310
2019-02-10,377
2019-02-11,405
2019-02-12,337
2019-02-13,361
2019-02-14,388
2019-02-15,351
2019-02-16,335
2019-02-17,304
2019-02-18,350
2019-02-19,352
2019-02-20,407
2019-02-21,366
2019-02-22,332
2019-02-23,247
2019-02-24,324
2019-02-25,375
2019-02-26,404
2019-02-27,361
2019-02-28,376
2019-03-01,282
2019-03-02,250
2019-03-03,283
2019-03-04,330
2019-03-05,388
2019-03-06,390
2019-03-07,314
2019-03-08,309
2019-03-09,292
2019-03-10,312
2019-03-11,382
2019-03-12,352
2019-03-13,374
2019-03-14,322
2019-03-15,284
2019-03-16,352
2019-03-17,278
2019-03-18,370
2019-03-19,327
2019-03-20,368
2019-03-21,289
2019-03-22,331
2019-03-23,227
2019-03-24,283
2019-03-25,358
2019-03-26,370
2019-03-27,296
2019-03-28,319
2019-03-29,292
2019-03-30,243
2019-03-31,296
2019-04-01,400
2019-04-02,318
2019-04-03,361
2019-04-04,302
2019-04-05,309
2019-04-06,256
2019-04-07,310
2019-04-08,345
2019-04-09,333
2019-04-10,319
2019-04-11,337
2019-04-12,1018
2019-04-13,534
2019-04-14,422
2019-04-15,394
2019-04-16,402
2019-04-17,352
2019-04-18,335
2019-04-19,337
2019-04-20,246
2019-04-21,272
2019-04-22,291
2019-04-23,333
2019-04-24,342
2019-04-25,325
2019-04-26,343
2019-04-27,289
2019-04-28,320
2019-04-29,330
2019-04-30,276
2019-05-01,269
2019-05-02,323
2019-05-03,289
2019-05-04,253
2019-05-05,265
2019-05-06,387
2019-05-07,358
2019-05-08,382
2019-05-09,319
2019-05-10,288
2019-05-11,298
2019-05-12,283
2019-05-13,282
2019-05-14,335
2019-05-15,354
2019-05-16,289
2019-05-17,256
2019-05-18,232
2019-05-19,311
2019-05-20,338
2019-05-21,307
2019-05-22,387
2019-05-23,336
2019-05-24,293
2019-05-25,243
2019-05-26,248
2019-05-27,293
2019-05-28,361
2019-05-29,296
2019-05-30,319
2019-05-31,249
2019-06-01,229
2019-06-02,256
2019-06-03,361
2019-06-04,279
2019-06-05,277
2019-06-06,263
2019-06-07,256
2019-06-08,582
2019-06-09,377
2019-06-10,335
2019-06-11,267
2019-06-12,243
2019-06-13,310
2019-06-14,250
2019-06-15,257
2019-06-16,272
2019-06-17,297
2019-06-18,292
2019-06-19,291
2019-06-20,265
2019-06-21,216
2019-06-22,216
2019-06-23,290
2019-06-24,302
2019-06-25,342
2019-06-26,345
2019-06-27,275
2019-06-28,240
2019-06-29,241
2019-06-30,237
2019-07-01,246
2019-07-02,242
2019-07-03,294
2019-07-04,292
2019-07-05,251
2019-07-06,244
2019-07-07,250
2019-07-08,277
2019-07-09,273
2019-07-10,286
2019-07-11,258
2019-07-12,270
2019-07-13,217
2019-07-14,219
2019-07-15,290
2019-07-16,270
2019-07-17,333
2019-07-18,285
2019-07-19,287
2019-07-20,261
2019-07-21,239
2019-07-22,323
2019-07-23,296
2019-07-24,295
2019-07-25,282
2019-07-26,220
2019-07-27,229
2019-07-28,250
2019-07-29,252
2019-07-30,262
2019-07-31,242
2019-08-01,288
2019-08-02,248
2019-08-03,260
2019-08-04,269
2019-08-05,275
2019-08-06,297
2019-08-07,280
2019-08-08,284
2019-08-09,282
2019-08-10,251
2019-08-11,248
2019-08-12,281
2019-08-13,295
2019-08-14,269
2019-08-15,258
2019-08-16,211
2019-08-17,225
2019-08-18,245
2019-08-19,293
2019-08-20,287
2019-08-21,241
2019-08-22,236
2019-08-23,308
2019-08-24,220
2019-08-25,303
2019-08-26,327
2019-08-27,341
2019-08-28,330
2019-08-29,330
2019-08-30,278
2019-08-31,212
2019-09-01,265
2019-09-02,295
2019-09-03,325
2019-09-04,316
2019-09-05,295
2019-09-06,271
2019-09-07,1022
2019-09-08,356
2019-09-09,362
2019-09-10,365
2019-09-11,351
2019-09-12,360
2019-09-13,336
2019-09-14,309
2019-09-15,306
2019-09-16,384
2019-09-17,380
2019-09-18,374
2019-09-19,378
2019-09-20,305
2019-09-21,279
2019-09-22,275
2019-09-23,367
2019-09-24,417
2019-09-25,375
2019-09-26,390
2019-09-27,312
2019-09-28,280
2019-09-29,418
2019-09-30,473
2019-10-01,360
2019-10-02,368
2019-10-03,353
2019-10-04,357
2019-10-05,339
2019-10-06,300
2019-10-07,384
2019-10-08,360
2019-10-09,397
2019-10-10,394
2019-10-11,358
2019-10-12,290
2019-10-13,321
2019-10-14,385
2019-10-15,365
2019-10-16,343
2019-10-17,403
2019-10-18,380
2019-10-19,309
2019-10-20,337
2019-10-21,434
2019-10-22,435
2019-10-23,338
2019-10-24,345
2019-10-25,298
2019-10-26,268
2019-10-27,291
2019-10-28,349
2019-10-29,385
2019-10-30,370
2019-10-31,345
2019-11-01,307
2019-11-02,250
2019-11-03,352
2019-11-04,342
2019-11-05,399
2019-11-06,327
2019-11-07,390
2019-11-08,336
2019-11-09,335
2019-11-10,344
2019-11-11,379
2019-11-12,393
2019-11-13,405
2019-11-14,360
2019-11-15,319
2019-11-16,366
2019-11-17,295
2019-11-18,428
2019-11-19,458
2019-11-20,393
2019-11-21,398
2019-11-22,510
2019-11-23,243
2019-11-24,354
2019-11-25,400
2019-11-26,375
2019-11-27,356
2019-11-28,344
2019-11-29,315
2019-11-30,308
2019-12-01,366
2019-12-02,373
2019-12-03,341
2019-12-04,391
2019-12-05,360
2019-12-06,302
2019-12-07,273
2019-12-08,345
2019-12-09,365
2019-12-10,347
2019-12-11,331
2019-12-12,324
2019-12-13,315
2019-12-14,293
2019-12-15,368
2019-12-16,388
2019-12-17,353
2019-12-18,549
2019-12-19,387
2019-12-20,283
2019-12-21,292
2019-12-22,259
2019-12-23,282
2019-12-24,234
2019-12-25,246
2019-12-26,309
2019-12-27,368
2019-12-28,285
2019-12-29,261
2019-12-30,231
2019-12-31,227
2020-01-01,259
2020-01-02,281
2020-01-03,244
2020-01-04,282
2020-01-05,290
2020-01-06,341
2020-01-07,336
2020-01-08,384
2020-01-09,417
2020-01-10,321
2020-01-11,271
2020-01-12,355
2020-01-13,440
2020-01-14,438
2020-01-15,369
2020-01-16,384
2020-01-17,325
2020-01-18,297
2020-01-19,316
2020-01-20,369
2020-01-21,364
2020-01-22,355
2020-01-23,429
2020-01-24,321
2020-01-25,304
2020-01-26,291
2020-01-27,373
2020-01-28,392
2020-01-29,411
2020-01-30,514
2020-01-31,525
2020-02-01,540
2020-02-02,561
2020-02-03,519
2020-02-04,498
2020-02-05,491
2020-02-06,533
2020-02-07,512
2020-02-08,469
2020-02-09,501
2020-02-10,468
2020-02-11,415
2020-02-12,479
2020-02-13,455
2020-02-14,370
2020-02-15,361
2020-02-16,410
2020-02-17,473
2020-02-18,411
2020-02-19,470
2020-02-20,432
2020-02-21,350
2020-02-22,390
2020-02-23,416
2020-02-24,394
2020-02-25,429
2020-02-26,394
2020-02-27,401
2020-02-28,1061
2020-02-29,350
2020-03-01,365
2020-03-02,437
2020-03-03,400
2020-03-04,422
2020-03-05,374
2020-03-06,392
2020-03-07,305
2020-03-08,323
2020-03-09,392
2020-03-10,352
2020-03-11,340
2020-03-12,306
2020-03-13,245
2020-03-14,231
2020-03-15,284
2020-03-16,287
2020-03-17,289
2020-03-18,302
2020-03-19,292
2020-03-20,284
2020-03-21,255
2020-03-22,261
2020-03-23,296
2020-03-24,329
2020-03-25,337
2020-03-26,336
2020-03-27,314
2020-03-28,265
2020-03-29,349
2020-03-30,299
2020-03-31,339
2020-04-01,340
2020-04-02,288
2020-04-03,583
2020-04-04,399
2020-04-05,414
2020-04-06,376
2020-04-07,426
2020-04-08,438
2020-04-09,520
2020-04-10,556
2020-04-11,442
2020-04-12,402
2020-04-13,386
2020-04-14,456
2020-04-15,398
2020-04-16,407
2020-04-17,428
2020-04-18,405
2020-04-19,343
2020-04-20,421
2020-04-21,413
2020-04-22,357
2020-04-23,405
2020-04-24,543
2020-04-25,373
2020-04-26,431
2020-04-27,444
2020-04-28,405
2020-04-29,444
2020-04-30,368
2020-05-01,538
2020-05-02,390
2020-05-03,414
2020-05-04,363
2020-05-05,385
2020-05-06,376
2020-05-07,338
2020-05-08,378
2020-05-09,275
2020-05-10,319
2020-05-11,315
2020-05-12,364
2020-05-13,332
2020-05-14,367
2020-05-15,337
2020-05-16,287
2020-05-17,289
2020-05-18,311
2020-05-19,364
2020-05-20,312
2020-05-21,326
2020-05-22,294
2020-05-23,255
2020-05-24,288
2020-05-25,355
2020-05-26,354
2020-05-27,315
2020-05-28,271
2020-05-29,314
2020-05-30,317
2020-05-31,298
2020-06-01,403
2020-06-02,407
2020-06-03,377
2020-06-04,390
2020-06-05,438
2020-06-06,277
2020-06-07,320
2020-06-08,356
2020-06-09,313
2020-06-10,334
2020-06-11,335
2020-06-12,359
2020-06-13,282
2020-06-14,318
2020-06-15,317
2020-06-16,325
2020-06-17,314
2020-06-18,318
2020-06-19,265
2020-06-20,256
2020-06-21,307
2020-06-22,249
2020-06-23,301
2020-06-24,323
2020-06-25,291
2020-06-26,299
2020-06-27,267
2020-06-28,307
2020-06-29,302
2020-06-30,433
2020-07-01,334
2020-07-02,289
2020-07-03,393
2020-07-04,333
2020-07-05,264
2020-07-06,324
2020-07-07,352
2020-07-08,314
2020-07-09,353
2020-07-10,325
2020-07-11,310
2020-07-12,285
2020-07-13,466
2020-07-14,346
2020-07-15,300
2020-07-16,324
2020-07-17,302
2020-07-18,279
2020-07-19,239
2020-07-20,284
2020-07-21,279
2020-07-22,350
2020-07-23,327
2020-07-24,374
2020-07-25,338
2020-07-26,303
2020-07-27,323
2020-07-28,386
2020-07-29,303
2020-07-30,334
2020-07-31,360
2020-08-01,295
2020-08-02,274
2020-08-03,303
2020-08-04,326
2020-08-05,334
2020-08-06,352
2020-08-07,346
2020-08-08,274
2020-08-09,352
2020-08-10,488
2020-08-11,334
2020-08-12,302
2020-08-13,322
2020-08-14,396
2020-08-15,271
2020-08-16,319
2020-08-17,282
2020-08-18,318
2020-08-19,271
2020-08-20,280
2020-08-21,353
2020-08-22,276
2020-08-23,276
2020-08-24,299
2020-08-25,320
2020-08-26,288
2020-08-27,289
2020-08-28,305
2020-08-29,245
2020-08-30,224
2020-08-31,265
2020-09-01,260
2020-09-02,244
2020-09-03,262
2020-09-04,273
2020-09-05,243
2020-09-06,269
2020-09-07,311
2020-09-08,257
2020-09-09,289
2020-09-10,266
2020-09-11,256
2020-09-12,271
2020-09-13,250
2020-09-14,266
2020-09-15,300
2020-09-16,306
2020-09-17,329
2020-09-18,285
2020-09-19,247
2020-09-20,258
2020-09-21,348
2020-09-22,327
2020-09-23,311
2020-09-24,439
2020-09-25,753
2020-09-26,415
2020-09-27,315
2020-09-28,403
2020-09-29,305
2020-09-30,294
2020-10-01,273
2020-10-02,281
2020-10-03,244
2020-10-04,264
2020-10-05,270
2020-10-06,320
2020-10-07,360
2020-10-08,323
2020-10-09,301
2020-10-10,198
2020-10-11,272
2020-10-12,335
2020-10-13,342
2020-10-14,302
2020-10-15,280
2020-10-16,259
2020-10-17,277
2020-10-18,286
2020-10-19,293
2020-10-20,282
2020-10-21,332
2020-10-22,316
2020-10-23,323
2020-10-24,230
2020-10-25,296
2020-10-26,329
2020-10-27,318
2020-10-28,317
2020-10-29,309
2020-10-30,295
2020-10-31,238
2020-11-01,237
2020-11-02,340
2020-11-03,350
2020-11-04,286
2020-11-05,295
2020-11-06,324
2020-11-07,286
2020-11-08,372
2020-11-09,374
2020-11-10,417
2020-11-11,381
2020-11-12,355
2020-11-13,341
2020-11-14,293
2020-11-15,329
2020-11-16,414
2020-11-17,396
2020-11-18,380
2020-11-19,358
2020-11-20,341
2020-11-21,360
2020-11-22,309
2020-11-23,409
2020-11-24,336
2020-11-25,335
2020-11-26,326
2020-11-27,340
2020-11-28,271
2020-11-29,306
2020-11-30,331
2020-12-01,290
2020-12-02,338
2020-12-03,348
2020-12-04,304
2020-12-05,267
2020-12-06,293
2020-12-07,320
2020-12-08,320
2020-12-09,292
2020-12-10,309
2020-12-11,258
2020-12-12,226
2020-12-13,250
2020-12-14,269
2020-12-15,336
2020-12-16,285
2020-12-17,266
2020-12-18,245
2020-12-19,223
2020-12-20,234
2020-12-21,296
2020-12-22,257
2020-12-23,249
2020-12-24,223
2020-12-25,210
2020-12-26,215
2020-12-27,239
2020-12-28,234
2020-12-29,290
2020-12-30,229
2020-12-31,199
2021-01-01,196
2021-01-02,287
2021-01-03,327
2021-01-04,338
2021-01-05,311
2021-01-06,278
2021-01-07,317
2021-01-08,314
2021-01-09,281
2021-01-10,316
2021-01-11,353
2021-01-12,334
2021-01-13,320
2021-01-14,292
2021-01-15,286
2021-01-16,227
2021-01-17,205
2021-01-18,267
2021-01-19,294
2021-01-20,313
2021-01-21,283
2021-01-22,276
2021-01-23,265
2021-01-24,267
2021-01-25,282
2021-01-26,291
2021-01-27,287
2021-01-28,276
2021-01-29,248
2021-01-30,265
2021-01-31,232
2021-02-01,310
2021-02-02,251
2021-02-03,336
2021-02-04,249
2021-02-05,267
2021-02-06,197
2021-02-07,256
2021-02-08,310
2021-02-09,264
2021-02-10,253
2021-02-11,280
2021-02-12,235
2021-02-13,207
2021-02-14,252
2021-02-15,290
2021-02-16,295
2021-02-17,297
2021-02-18,299
2021-02-19,274
2021-02-20,242
2021-02-21,259
2021-02-22,293
2021-02-23,266
2021-02-24,306
2021-02-25,373
2021-02-26,341
2021-02-27,267
2021-02-28,279
2021-03-01,329
2021-03-02,326
2021-03-03,329
2021-03-04,340
2021-03-05,295
2021-03-06,226
2021-03-07,299
2021-03-08,299
2021-03-09,300
2021-03-10,337
2021-03-11,337
2021-03-12,287
2021-03-13,232
2021-03-14,249
2021-03-15,339
2021-03-16,408
2021-03-17,333
2021-03-18,312
2021-03-19,281
2021-03-20,304
2021-03-21,305
2021-03-22,323
2021-03-23,327
2021-03-24,323
2021-03-25,326
2021-03-26,246
2021-03-27,248
2021-03-28,250
2021-03-29,288
2021-03-30,319
2021-03-31,284
2021-04-01,292
2021-04-02,299
2021-04-03,258
2021-04-04,291
2021-04-05,363
2021-04-06,424
2021-04-07,376
2021-04-08,333
2021-04-09,324
2021-04-10,249
2021-04-11,329
2021-04-12,372
2021-04-13,347
2021-04-14,292
2021-04-15,293
2021-04-16,388
2021-04-17,296
2021-04-18,240
2021-04-19,289
2021-04-20,328
2021-04-21,342
2021-04-22,284
2021-04-23,274
2021-04-24,264
2021-04-25,307
2021-04-26,304
2021-04-27,299
2021-04-28,300
2021-04-29,263
2021-04-30,271
2021-05-01,247
2021-05-02,242
2021-05-03,274
2021-05-04,290
2021-05-05,300
2021-05-06,348
2021-05-07,281
2021-05-08,270
2021-05-09,250
2021-05-10,308
2021-05-11,284
2021-05-12,300
2021-05-13,315
2021-05-14,273
2021-05-15,245
2021-05-16,314
2021-05-17,343
2021-05-18,325
2021-05-19,335
2021-05-20,307
2021-05-21,263
2021-05-22,265
2021-05-23,266
2021-05-24,306
2021-05-25,311
2021-05-26,336
2021-05-27,333
2021-05-28,245
2021-05-29,235
2021-05-30,291
2021-05-31,317
2021-06-01,307
2021-06-02,328
2021-06-03,301
2021-06-04,242
2021-06-05,214
2021-06-06,253
2021-06-07,295
2021-06-08,241
2021-06-09,253
2021-06-10,307
2021-06-11,248
2021-06-12,222
2021-06-13,265
2021-06-14,269
2021-06-15,365
2021-06-16,343
2021-06-17,306
2021-06-18,300
2021-06-19,284
2021-06-20,268
2021-06-21,295
2021-06-22,255
2021-06-23,291
2021-06-24,277
2021-06-25,310
2021-06-26,217
2021-06-27,224
2021-06-28,327
2021-06-29,273
2021-06-30,288
2021-07-01,371
2021-07-02,235
2021-07-03,227
2021-07-04,214
2021-07-05,341
2021-07-06,334
2021-07-07,258
2021-07-08,352
2021-07-09,354
2021-07-10,257
2021-07-11,227
2021-07-12,307
2021-07-13,370
2021-07-14,272
2021-07-15,325
2021-07-16,264
2021-07-17,209
2021-07-18,257
2021-07-19,291
2021-07-20,244
2021-07-21,294
2021-07-22,290
2021-07-23,286
2021-07-24,209
2021-07-25,230
2021-07-26,224
2021-07-27,266
2021-07-28,275
2021-07-29,257
2021-07-30,258
2021-07-31,211
2021-08-01,204
2021-08-02,248
2021-08-03,237
2021-08-04,340
2021-08-05,270
2021-08-06,236
2021-08-07,259
2021-08-08,288
2021-08-09,326
2021-08-10,333
2021-08-11,280
2021-08-12,306
2021-08-13,385
2021-08-14,312
2021-08-15,320
2021-08-16,339
2021-08-17,324
2021-08-18,287
2021-08-19,274
2021-08-20,280
2021-08-21,281
2021-08-22,258
2021-08-23,298
2021-08-24,358
2021-08-25,292
2021-08-26,292
2021-08-27,290
2021-08-28,286
2021-08-29,299
2021-08-30,308
2021-08-31,312
2021-09-01,272
2021-09-02,292
2021-09-03,273
2021-09-04,221
2021-09-05,289
2021-09-06,254
2021-09-07,238
2021-09-08,303
2021-09-09,296
2021-09-10,277
2021-09-11,221
2021-09-12,248
2021-09-13,298
2021-09-14,324
2021-09-15,298
2021-09-16,351
2021-09-17,346
2021-09-18,263
2021-09-19,252
2021-09-20,360
2021-09-21,363
2021-09-22,345
2021-09-23,265
2021-09-24,331
2021-09-25,255
2021-09-26,301
2021-09-27,292
2021-09-28,341
2021-09-29,384
2021-09-30,314
2021-10-01,303
2021-10-02,266
2021-10-03,303
2021-10-04,325
2021-10-05,260
2021-10-06,300
2021-10-07,260
2021-10-08,233
2021-10-09,248
2021-10-10,268
2021-10-11,312
2021-10-12,290
2021-10-13,320
2021-10-14,311
2021-10-15,290
2021-10-16,243
2021-10-17,272
2021-10-18,317
2021-10-19,286
2021-10-20,308
2021-10-21,356
2021-10-22,449
2021-10-23,334
2021-10-24,398
2021-10-25,338
2021-10-26,345
2021-10-27,391
2021-10-28,330
2021-10-29,292
2021-10-30,257
2021-10-31,227
2021-11-01,302
2021-11-02,345
2021-11-03,269
2021-11-04,274
2021-11-05,286
2021-11-06,325
2021-11-07,253
2021-11-08,291
2021-11-09,292
2021-11-10,290
2021-11-11,286
2021-11-12,295
2021-11-13,260
2021-11-14,284
2021-11-15,329
2021-11-16,269
2021-11-17,301
2021-11-18,315
2021-11-19,270
2021-11-20,290
2021-11-21,273
2021-11-22,309
2021-11-23,297
2021-11-24,283
2021-11-25,296
2021-11-26,296
2021-11-27,284
2021-11-28,1642
2021-11-29,2402
2021-11-30,991
2021-12-01,652
2021-12-02,430
2021-12-03,429
2021-12-04,404
2021-12-05,363
2021-12-06,393
2021-12-07,404
2021-12-08,386
2021-12-09,422
2021-12-10,309
2021-12-11,367
2021-12-12,311
2021-12-13,385
2021-12-14,390
2021-12-15,342
2021-12-16,296
2021-12-17,230
2021-12-18,307
2021-12-19,248
2021-12-20,263
2021-12-21,308
2021-12-22,262
2021-12-23,240
2021-12-24,229
2021-12-25,255
2021-12-26,266
2021-12-27,292
2021-12-28,337
2021-12-29,286
2021-12-30,269
2021-12-31,276
2022-01-01,288
2022-01-02,308
2022-01-03,325
2022-01-04,308
2022-01-05,322
2022-01-06,357
2022-01-07,316
2022-01-08,347
2022-01-09,278
2022-01-10,300
2022-01-11,324
2022-01-12,298
2022-01-13,321
2022-01-14,343
2022-01-15,296
2022-01-16,265
2022-01-17,336
2022-01-18,398
2022-01-19,337
2022-01-20,324
2022-01-21,322
2022-01-22,331
2022-01-23,346
2022-01-24,430
2022-01-25,346
2022-01-26,308
2022-01-27,422
2022-01-28,439
2022-01-29,276
2022-01-30,324
2022-01-31,412
2022-02-01,367
2022-02-02,345
2022-02-03,371
2022-02-04,341
2022-02-05,345
2022-02-06,342
2022-02-07,331
2022-02-08,311
2022-02-09,311
2022-02-10,395
2022-02-11,379
2022-02-12,296
2022-02-13,273
2022-02-14,343
2022-02-15,540
2022-02-16,369
2022-02-17,367
2022-02-18,283
2022-02-19,277
2022-02-20,298
2022-02-21,362
2022-02-22,329
2022-02-23,378
2022-02-24,362
2022-02-25,263
2022-02-26,265
2022-02-27,286
2022-02-28,366
2022-03-01,417
2022-03-02,305
2022-03-03,306
2022-03-04,281
2022-03-05,227
2022-03-06,296
2022-03-07,358
2022-03-08,398
2022-03-09,325
2022-03-10,335
2022-03-11,282
2022-03-12,254
2022-03-13,271
2022-03-14,297
2022-03-15,346
2022-03-16,308
2022-03-17,330
2022-03-18,304
2022-03-19,267
2022-03-20,300
2022-03-21,311
2022-03-22,372
2022-03-23,358
2022-03-24,310
2022-03-25,352
2022-03-26,278
2022-03-27,288
2022-03-28,371
2022-03-29,322
2022-03-30,330
2022-03-31,341
2022-04-01,277
2022-04-02,322
2022-04-03,353
2022-04-04,354
2022-04-05,391
2022-04-06,336
2022-04-07,369
2022-04-08,329
2022-04-09,290
2022-04-10,323
2022-04-11,536
2022-04-12,346
2022-04-13,342
2022-04-14,350
2022-04-15,288
2022-04-16,258
2022-04-17,275
2022-04-18,291
2022-04-19,367
2022-04-20,289
2022-04-21,331
2022-04-22,323
2022-04-23,343
2022-04-24,330
2022-04-25,280
2022-04-26,311
2022-04-27,282
2022-04-28,274
2022-04-29,302
2022-04-30,224
2022-05-01,266
2022-05-02,275
2022-05-03,325
2022-05-04,321
2022-05-05,281
2022-05-06,275
2022-05-07,256
2022-05-08,258
2022-05-09,286
2022-05-10,273
2022-05-11,268
2022-05-12,271
2022-05-13,243
2022-05-14,226
2022-05-15,259
2022-05-16,313
2022-05-17,275
2022-05-18,317
2022-05-19,271
2022-05-20,257
2022-05-21,215
2022-05-22,302
2022-05-23,277
2022-05-24,354
2022-05-25,272
2022-05-26,275
2022-05-27,233
2022-05-28,221
2022-05-29,222
2022-05-30,270
2022-05-31,237
2022-06-01,346
2022-06-02,262
2022-06-03,239
2022-06-04,272
2022-06-05,254
2022-06-06,312
2022-06-07,257
2022-06-08,226
2022-06-09,253
2022-06-10,230
2022-06-11,247
2022-06-12,252
2022-06-13,278
2022-06-14,294
2022-06-15,257
2022-06-16,237
2022-06-17,216
2022-06-18,253
2022-06-19,265
2022-06-20,241
2022-06-21,279
2022-06-22,326
2022-06-23,281
2022-06-24,200
2022-06-25,200
2022-06-26,264
2022-06-27,236
2022-06-28,239
2022-06-29,221
2022-06-30,273
2022-07-01,215
2022-07-02,205
2022-07-03,212
2022-07-04,260
2022-07-05,305
2022-07-06,244
2022-07-07,233
2022-07-08,227
2022-07-09,185
2022-07-10,186
2022-07-11,252
2022-07-12,290
2022-07-13,209
2022-07-14,248
2022-07-15,219
2022-07-16,215
2022-07-17,228
2022-07-18,241
2022-07-19,239
2022-07-20,255
2022-07-21,236
2022-07-22,202
2022-07-23,191
2022-07-24,232
2022-07-25,262
2022-07-26,272
2022-07-27,238
2022-07-28,296
2022-07-29,206
2022-07-30,257
2022-07-31,226
2022-08-01,240
2022-08-02,247
2022-08-03,223
2022-08-04,236
2022-08-05,235
2022-08-06,209
2022-08-07,276
2022-08-08,266
2022-08-09,270
2022-08-10,276
2022-08-11,270
2022-08-12,292
2022-08-13,235
2022-08-14,255
2022-08-15,313
2022-08-16,266
2022-08-17,268
2022-08-18,230
2022-08-19,242
2022-08-20,260
2022-08-21,286
2022-08-22,393
2022-08-23,326
2022-08-24,257
2022-08-25,289
2022-08-26,308
2022-08-27,253
2022-08-28,259
2022-08-29,319
2022-08-30,285
2022-08-31,275
2022-09-01,319
2022-09-02,303
2022-09-03,311
2022-09-04,347
2022-09-05,372
2022-09-06,375
2022-09-07,366
2022-09-08,303
2022-09-09,304
2022-09-10,241
2022-09-11,295
2022-09-12,366
2022-09-13,374
2022-09-14,298
2022-09-15,317
2022-09-16,292
2022-09-17,277
2022-09-18,313
2022-09-19,317
2022-09-20,359
2022-09-21,317
2022-09-22,313
2022-09-23,371
2022-09-24,303
2022-09-25,272
2022-09-26,352
2022-09-27,328
2022-09-28,342
2022-09-29,423
2022-09-30,416
2022-10-01,412
2022-10-02,475
2022-10-03,400
2022-10-04,407
2022-10-05,361
2022-10-06,428
2022-10-07,402
2022-10-08,458
2022-10-09,403
2022-10-10,463
2022-10-11,363
2022-10-12,412
2022-10-13,367
2022-10-14,318
2022-10-15,303
2022-10-16,378
2022-10-17,382
2022-10-18,414
2022-10-19,328
2022-10-20,333
2022-10-21,273
2022-10-22,256
2022-10-23,323
2022-10-24,306
2022-10-25,387
2022-10-26,368
2022-10-27,376
2022-10-28,264
2022-10-29,282
2022-10-30,272
2022-10-31,247
2022-11-01,276
2022-11-02,323
2022-11-03,318
2022-11-04,306
2022-11-05,257
2022-11-06,293
2022-11-07,308
2022-11-08,324
2022-11-09,305
2022-11-10,293
2022-11-11,269
2022-11-12,391
2022-11-13,279
2022-11-14,308
2022-11-15,301
2022-11-16,384
2022-11-17,306
2022-11-18,280
2022-11-19,295
2022-11-20,329
2022-11-21,240
2022-11-22,300
2022-11-23,317
2022-11-24,319
2022-11-25,328
2022-11-26,305
2022-11-27,305
2022-11-28,353
2022-11-29,333
2022-11-30,362
2022-12-01,304
2022-12-02,271
2022-12-03,219
2022-12-04,267
2022-12-05,353
2022-12-06,245
2022-12-07,278
2022-12-08,269
2022-12-09,273
2022-12-10,206
2022-12-11,237
2022-12-12,260
2022-12-13,3138
2022-12-14,400
2022-12-15,229
2022-12-16,223
2022-12-17,223
2022-12-18,178
2022-12-19,273
2022-12-20,277
2022-12-21,227
2022-12-22,222
2022-12-23,184
2022-12-24,157
2022-12-25,142
2022-12-26,204
2022-12-27,208
2022-12-28,197
2022-12-29,226
2022-12-30,185
2022-12-31,195
2023-01-01,224
2023-01-02,244
2023-01-03,256
2023-01-04,254
2023-01-05,261
2023-01-06,245
2023-01-07,215
2023-01-08,270
2023-01-09,277
2023-01-10,276
2023-01-11,231
2023-01-12,256
2023-01-13,252
2023-01-14,196
2023-01-15,224
2023-01-16,246
2023-01-17,255
2023-01-18,244
2023-01-19,220
2023-01-20,227
2023-01-21,199
2023-01-22,248
2023-01-23,267
2023-01-24,357
2023-01-25,285
2023-01-26,249
2023-01-27,264
2023-01-28,262
2023-01-29,244
2023-01-30,273
2023-01-31,289
2023-02-01,299
2023-02-02,237
2023-02-03,285
2023-02-04,255
2023-02-05,238
2023-02-06,255
2023-02-07,254
2023-02-08,254
2023-02-09,311
2023-02-10,284
2023-02-11,260
2023-02-12,204
2023-02-13,309
2023-02-14,232
2023-02-15,342
2023-02-16,257
2023-02-17,252
2023-02-18,248
2023-02-19,290
2023-02-20,279
2023-02-21,282
2023-02-22,277
2023-02-23,269
2023-02-24,321
2023-02-25,260
2023-02-26,295
2023-02-27,292
2023-02-28,296
2023-03-01,281
2023-03-02,209
2023-03-03,276
2023-03-04,236
2023-03-05,271
2023-03-06,319
2023-03-07,287
2023-03-08,280
2023-03-09,249
2023-03-10,297
2023-03-11,239
2023-03-12,246
2023-03-13,292
2023-03-14,303
2023-03-15,288
2023-03-16,248
2023-03-17,223
2023-03-18,178
2023-03-19,253
2023-03-20,258
2023-03-21,330
2023-03-22,276
2023-03-23,305
2023-03-24,280
2023-03-25,257
2023-03-26,261
2023-03-27,329
2023-03-28,336
2023-03-29,280
2023-03-30,314
2023-03-31,270
2023-04-01,250
2023-04-02,344
2023-04-03,288
2023-04-04,285
2023-04-05,244
2023-04-06,256
2023-04-07,187
2023-04-08,221
2023-04-09,194
2023-04-10,192
2023-04-11,214
2023-04-12,214
2023-04-13,235
2023-04-14,249
2023-04-15,195
2023-04-16,230
2023-04-17,274
2023-04-18,234
2023-04-19,264
2023-04-20,223
2023-04-21,269
2023-04-22,245
2023-04-23,281
2023-04-24,292
2023-04-25,374
2023-04-26,314
2023-04-27,291
2023-04-28,273
2023-04-29,220
2023-04-30,246
2023-05-01,264
2023-05-02,353
2023-05-03,296
2023-05-04,256
2023-05-05,330
2023-05-06,229
2023-05-07,260
2023-05-08,233
2023-05-09,296
2023-05-10,254
2023-05-11,231
2023-05-12,227
2023-05-13,239
2023-05-14,221
2023-05-15,318
2023-05-16,349
2023-05-17,250
2023-05-18,279
2023-05-19,197
2023-05-20,223
2023-05-21,238
2023-05-22,254
2023-05-23,250
2023-05-24,209
2023-05-25,282
2023-05-26,242
2023-05-27,229
2023-05-28,226
2023-05-29,256
2023-05-30,242
2023-05-31,281
2023-06-01,244
2023-06-02,286
2023-06-03,293
2023-06-04,250
2023-06-05,262
2023-06-06,230
2023-06-07,244
2023-06-08,238
2023-06-09,213
2023-06-10,186
2023-06-11,230
2023-06-12,245
2023-06-13,287
2023-06-14,236
2023-06-15,240
2023-06-16,269
2023-06-17,245
2023-06-18,249
2023-06-19,256
2023-06-20,225
2023-06-21,274
2023-06-22,271
2023-06-23,244
2023-06-24,247
2023-06-25,256
2023-06-26,313
2023-06-27,255
2023-06-28,244
2023-06-29,253
2023-06-30,240
2023-07-01,227
2023-07-02,250
2023-07-03,221
2023-07-04,306
2023-07-05,257
2023-07-06,207
2023-07-07,239
2023-07-08,207
2023-07-09,190
2023-07-10,267
2023-07-11,248
2023-07-12,236
2023-07-13,267
2023-07-14,248
2023-07-15,227
2023-07-16,244
2023-07-17,227
2023-07-18,213
2023-07-19,260
2023-07-20,245
2023-07-21,233
2023-07-22,237
2023-07-23,239
2023-07-24,328
2023-07-25,273
2023-07-26,232
2023-07-27,247
2023-07-28,251
2023-07-29,259
2023-07-30,253
2023-07-31,256
2023-08-01,248
2023-08-02,239
2023-08-03,203
2023-08-04,230
2023-08-05,228
2023-08-06,235
2023-08-07,254
2023-08-08,281
2023-08-09,261
2023-08-10,298
2023-08-11,222
2023-08-12,251
2023-08-13,265
2023-08-14,236
2023-08-15,251
2023-08-16,289
2023-08-17,314
2023-08-18,227
2023-08-19,214
2023-08-20,261
2023-08-21,323
2023-08-22,282
2023-08-23,282
2023-08-24,341
2023-08-25,228
2023-08-26,227
2023-08-27,230
2023-08-28,308
2023-08-29,282
2023-08-30,243
2023-08-31,280
2023-09-01,258
2023-09-02,248
2023-09-03,244
2023-09-04,286
2023-09-05,261
2023-09-06,272
2023-09-07,290
2023-09-08,221
2023-09-09,234
2023-09-10,275
2023-09-11,264
2023-09-12,265
2023-09-13,301
2023-09-14,302
2023-09-15,262
2023-09-16,236
2023-09-17,235
2023-09-18,295
2023-09-19,244
2023-09-20,281
2023-09-21,278
2023-09-22,267
2023-09-23,232
2023-09-24,262
2023-09-25,274
2023-09-26,312
2023-09-27,290
2023-09-28,307
2023-09-29,282
2023-09-30,261
2023-10-01,259
2023-10-02,312
2023-10-03,261
2023-10-04,271
2023-10-05,274
2023-10-06,251
2023-10-07,254
2023-10-08,316
2023-10-09,305
2023-10-10,303
2023-10-11,292
2023-10-12,301
2023-10-13,280
2023-10-14,262
2023-10-15,287
2023-10-16,257
2023-10-17,277
2023-10-18,299
2023-10-19,286
2023-10-20,286
2023-10-21,246
2023-10-22,297
2023-10-23,291
2023-10-24,288
2023-10-25,258
2023-10-26,278
2023-10-27,250
2023-10-28,212
2023-10-29,251
2023-10-30,263
2023-10-31,263
2023-11-01,273
2023-11-02,262
2023-11-03,263
2023-11-04,247
2023-11-05,234
2023-11-06,261
2023-11-07,311
2023-11-08,312
2023-11-09,340
2023-11-10,290
2023-11-11,217
2023-11-12,280
2023-11-13,299
2023-11-14,324
2023-11-15,259
2023-11-16,268
2023-11-17,248
2023-11-18,250
2023-11-19,260
2023-11-20,297
2023-11-21,312
2023-11-22,304
2023-11-23,313
2023-11-24,285
2023-11-25,240
2023-11-26,251
2023-11-27,317
2023-11-28,289
2023-11-29,308
2023-11-30,288
2023-12-01,271
2023-12-02,265
2023-12-03,272
2023-12-04,297
2023-12-05,296
2023-12-06,285
2023-12-07,302
2023-12-08,286
2023-12-09,326
2023-12-10,329
2023-12-11,293
2023-12-12,304
2023-12-13,367
2023-12-14,311
2023-12-15,236
2023-12-16,279
2023-12-17,284
2023-12-18,353
2023-12-19,294
2023-12-20,262
2023-12-21,328
2023-12-22,269
2023-12-23,267
2023-12-24,266
2023-12-25,212
2023-12-26,259
2023-12-27,293
2023-12-28,337
2023-12-29,231
2023-12-30,286
2023-12-31,270
2024-01-01,258
2024-01-02,300
2024-01-03,244
2024-01-04,299
2024-01-05,309
2024-01-06,324
2024-01-07,293
2024-01-08,287
2024-01-09,340
2024-01-10,359
2024-01-11,350
2024-01-12,298
2024-01-13,297
2024-01-14,339
2024-01-15,313
2024-01-16,346
2024-01-17,340
2024-01-18,324
2024-01-19,315
2024-01-20,299
2024-01-21,285
2024-01-22,296
2024-01-23,382
2024-01-24,304
2024-01-25,397
2024-01-26,253
2024-01-27,283
2024-01-28,304
2024-01-29,348
2024-01-30,355
2024-01-31,318
2024-02-01,265
2024-02-02,292
2024-02-03,255
2024-02-04,254
2024-02-05,294
2024-02-06,274
2024-02-07,285
2024-02-08,288
2024-02-09,221
2024-02-10,252
2024-02-11,272
2024-02-12,284
2024-02-13,266
2024-02-14,269
2024-02-15,282
2024-02-16,319
2024-02-17,288
2024-02-18,329
2024-02-19,286
2024-02-20,265
2024-02-21,274
2024-02-22,281
2024-02-23,277
2024-02-24,229
2024-02-25,221
2024-02-26,257
2024-02-27,285
2024-02-28,349
2024-02-29,293
2024-03-01,231
2024-03-02,264
2024-03-03,282
2024-03-04,266
2024-03-05,338
2024-03-06,310
2024-03-07,279
2024-03-08,259
2024-03-09,287
2024-03-10,247
2024-03-11,335
2024-03-12,330
2024-03-13,353
2024-03-14,279
2024-03-15,330
2024-03-16,281
2024-03-17,245
2024-03-18,307
2024-03-19,264
2024-03-20,272
2024-03-21,229
2024-03-22,266
2024-03-23,232
2024-03-24,326
2024-03-25,259
2024-03-26,251
2024-03-27,290
2024-03-28,273
2024-03-29,246
2024-03-30,240
2024-03-31,248
2024-04-01,233
2024-04-02,245
2024-04-03,242
2024-04-04,270
2024-04-05,235
2024-04-06,252
2024-04-07,236
2024-04-08,242
2024-04-09,242
2024-04-10,250
2024-04-11,276
2024-04-12,256
2024-04-13,244
2024-04-14,246
2024-04-15,289
2024-04-16,260
2024-04-17,257
2024-04-18,237
2024-04-19,265
2024-04-20,201
2024-04-21,221
2024-04-22,296
2024-04-23,227
2024-04-24,276
2024-04-25,255
2024-04-26,272
2024-04-27,190
2024-04-28,211
2024-04-29,237
2024-04-30,261
2024-05-01,272
2024-05-02,229
2024-05-03,239
2024-05-04,220
2024-05-05,226
2024-05-06,260
2024-05-07,281
2024-05-08,234
2024-05-09,243
2024-05-10,204
2024-05-11,159
2024-05-12,212
2024-05-13,223
2024-05-14,237
2024-05-15,256
2024-05-16,209
2024-05-17,186
2024-05-18,199
2024-05-19,206
2024-05-20,197
2024-05-21,256
2024-05-22,197
2024-05-23,216
2024-05-24,182
2024-05-25,144
2024-05-26,174
2024-05-27,232
2024-05-28,273
2024-05-29,206
2024-05-30,195
2024-05-31,200
2024-06-01,180
2024-06-02,174
2024-06-03,208
2024-06-04,214
2024-06-05,227
2024-06-06,211
2024-06-07,157
2024-06-08,166
2024-06-09,216
2024-06-10,214
2024-06-11,253
2024-06-12,234
2024-06-13,185
2024-06-14,195
2024-06-15,174
2024-06-16,162
2024-06-17,203
2024-06-18,194
2024-06-19,212
2024-06-20,212
2024-06-21,209
2024-06-22,226
2024-06-23,215
2024-06-24,232
2024-06-25,224
2024-06-26,225
2024-06-27,249
2024-06-28,193
2024-06-29,185
2024-06-30,191
2024-07-01,196
2024-07-02,222
2024-07-03,214
2024-07-04,228
2024-07-05,202
2024-07-06,191
2024-07-07,164
2024-07-08,219
2024-07-09,184
2024-07-10,179
2024-07-11,199
2024-07-12,225
2024-07-13,226
2024-07-14,238
2024-07-15,226
2024-07-16,205
2024-07-17,218
2024-07-18,218
2024-07-19,185
2024-07-20,215
2024-07-21,216
2024-07-22,209
2024-07-23,215
2024-07-24,238
2024-07-25,210
2024-07-26,225
2024-07-27,262
2024-07-28,203
2024-07-29,208
2024-07-30,229
2024-07-31,234
2024-08-01,219
2024-08-02,172
2024-08-03,170
2024-08-04,197
2024-08-05,198
2024-08-06,260
2024-08-07,239
2024-08-08,202
2024-08-09,262
2024-08-10,230
2024-08-11,264
2024-08-12,234
2024-08-13,238
2024-08-14,203
2024-08-15,211
2024-08-16,185
2024-08-17,160
2024-08-18,198
2024-08-19,225
2024-08-20,214
2024-08-21,201
2024-08-22,175
2024-08-23,218
2024-08-24,208
2024-08-25,219
2024-08-26,221
2024-08-27,215
2024-08-28,204
2024-08-29,209
2024-08-30,241
2024-08-31,207
2024-09-01,218
2024-09-02,225
2024-09-03,211
2024-09-04,184
2024-09-05,214
2024-09-06,188
2024-09-07,172
2024-09-08,228
2024-09-09,248
2024-09-10,247
2024-09-11,238
2024-09-12,212
2024-09-13,210
2024-09-14,183
2024-09-15,249
2024-09-16,275
2024-09-17,231
2024-09-18,304
2024-09-19,244
2024-09-20,214
2024-09-21,205
2024-09-22,222
2024-09-23,250
2024-09-24,285
2024-09-25,272
2024-09-26,233
2024-09-27,282
2024-09-28,247
2024-09-29,215
2024-09-30,256
2024-10-01,275
2024-10-02,309
2024-10-03,229
2024-10-04,280
2024-10-05,253
2024-10-06,221
2024-10-07,253
2024-10-08,244
2024-10-09,270
2024-10-10,254
2024-10-11,242
2024-10-12,208
2024-10-13,239
2024-10-14,295
2024-10-15,254
2024-10-16,282
2024-10-17,254
2024-10-18,244
2024-10-19,238
2024-10-20,241
2024-10-21,255
2024-10-22,255
2024-10-23,262
2024-10-24,229
2024-10-25,247
2024-10-26,222
2024-10-27,195
2024-10-28,230
2024-10-29,253
2024-10-30,207
2024-10-31,229
2024-11-01,208
2024-11-02,221
2024-11-03,247
2024-11-04,271
2024-11-05,276
2024-11-06,199
2024-11-07,244
2024-11-08,194
2024-11-09,248
2024-11-10,217
2024-11-11,234
2024-11-12,276
2024-11-13,246
2024-11-14,249
2024-11-15,245
2024-11-16,240
2024-11-17,251
2024-11-18,274
2024-11-19,265
2024-11-20,241
2024-11-21,255
2024-11-22,251
2024-11-23,278
2024-11-24,232
2024-11-25,304
2024-11-26,287
2024-11-27,278
2024-11-28,272
2024-11-29,271
2024-11-30,273
2024-12-01,271
2024-12-02,262
2024-12-03,296
2024-12-04,251
2024-12-05,244
2024-12-06,273
2024-12-07,245
2024-12-08,256
2024-12-09,279
2024-12-10,254
2024-12-11,280
2024-12-12,300
2024-12-13,285
2024-12-14,226
2024-12-15,266
2024-12-16,286
2024-12-17,270
2024-12-18,270
2024-12-19,242
2024-12-20,226
2024-12-21,217
2024-12-22,192
2024-12-23,214
2024-12-24,232
2024-12-25,198
2024-12-26,193
2024-12-27,270
2024-12-28,218
2024-12-29,220
2024-12-30,255
2024-12-31,217
2025-01-01,198
2025-01-02,229
2025-01-03,277
2025-01-04,220
2025-01-05,270
2025-01-06,279
2025-01-07,243
2025-01-08,247
2025-01-09,258
2025-01-10,254
2025-01-11,208
2025-01-12,232
2025-01-13,256
2025-01-14,253
2025-01-15,250
2025-01-16,235
2025-01-17,217
2025-01-18,195
2025-01-19,264
2025-01-20,241
2025-01-21,256
2025-01-22,228
2025-01-23,272
2025-01-24,285
2025-01-25,272
2025-01-26,244
2025-01-27,245
2025-01-28,248
2025-01-29,223
2025-01-30,251
2025-01-31,221
2025-02-01,333
2025-02-02,260
2025-02-03,256
2025-02-04,207
2025-02-05,243
2025-02-06,237
2025-02-07,236
2025-02-08,345
2025-02-09,265
2025-02-10,229
2025-02-11,221
2025-02-12,290
2025-02-13,308
2025-02-14,239
2025-02-15,239
2025-02-16,228
2025-02-17,218
2025-02-18,267
2025-02-19,278
2025-02-20,319
2025-02-21,287
2025-02-22,219
2025-02-23,273
2025-02-24,276
2025-02-25,247
2025-02-26,219
2025-02-27,238
2025-02-28,189
2025-03-01,202
2025-03-02,237
2025-03-03,212
2025-03-04,210
2025-03-05,233
2025-03-06,237
2025-03-07,207
2025-03-08,180
2025-03-09,209
2025-03-10,228
2025-03-11,213
2025-03-12,261
2025-03-13,244
2025-03-14,232
2025-03-15,231
2025-03-16,241
2025-03-17,270
2025-03-18,234
2025-03-19,215
2025-03-20,211
2025-03-21,201
2025-03-22,180
2025-03-23,206
2025-03-24,233
2025-03-25,225
2025-03-26,239
2025-03-27,232
2025-03-28,179
2025-03-29,257
2025-03-30,220
2025-03-31,248
2025-04-01,241
2025-04-02,228
2025-04-03,252
2025-04-04,191
2025-04-05,222
2025-04-06,230
2025-04-07,265
2025-04-08,224
2025-04-09,226
2025-04-10,193
2025-04-11,191
2025-04-12,197
2025-04-13,220
2025-04-14,220
2025-04-15,193
2025-04-16,219
2025-04-17,213
2025-04-18,172
2025-04-19,171
2025-04-20,199
2025-04-21,206
2025-04-22,242
2025-04-23,262
2025-04-24,199
2025-04-25,211
2025-04-26,188
2025-04-27,235
2025-04-28,210
2025-04-29,187
2025-04-30,223
2025-05-01,247
2025-05-02,238
2025-05-03,192
2025-05-04,227
2025-05-05,234
2025-05-06,250
2025-05-07,218
2025-05-08,254
2025-05-09,198
2025-05-10,168
2025-05-11,210
2025-05-12,196
2025-05-13,269
2025-05-14,263
2025-05-15,234
2025-05-16,189
2025-05-17,181
2025-05-18,180
2025-05-19,208
2025-05-20,203
2025-05-21,164
2025-05-22,229
2025-05-23,172
2025-05-24,158
2025-05-25,209
2025-05-26,200
2025-05-27,193
2025-05-28,182
2025-05-29,181
2025-05-30,149
2025-05-31,173
2025-06-01,171
2025-06-02,188
2025-06-03,198
2025-06-04,186
2025-06-05,173
2025-06-06,160
2025-06-07,155
2025-06-08,174
2025-06-09,169
2025-06-10,200
2025-06-11,169
2025-06-12,138
2025-06-13,136
2025-06-14,164
2025-06-15,176
2025-06-16,167
2025-06-17,175
2025-06-18,154
2025-06-19,193
2025-06-20,157
2025-06-21,154
2025-06-22,165
2025-06-23,164
2025-06-24,159
2025-06-25,173
2025-06-26,178
2025-06-27,168
2025-06-28,154
2025-06-29,166
2025-06-30,180
2025-07-01,154
2025-07-02,187
2025-07-03,158
2025-07-04,179
2025-07-05,125
2025-07-06,178
2025-07-07,163
2025-07-08,134
2025-07-09,194
2025-07-10,132
2025-07-11,157
2025-07-12,162
2025-07-13,147
2025-07-14,153
2025-07-15,159
2025-07-16,194
2025-07-17,160
2025-07-18,168
2025-07-19,147
2025-07-20,178
2025-07-21,180
2025-07-22,175
2025-07-23,195
2025-07-24,175
2025-07-25,166
2025-07-26,175
2025-07-27,161
2025-07-28,167
2025-07-29,181
2025-07-30,167
2025-07-31,170
2025-08-01,159
2025-08-02,135
2025-08-03,174
2025-08-04,163
2025-08-05,221
2025-08-06,156
2025-08-07,174
2025-08-08,171
2025-08-09,172
2025-08-10,188
2025-08-11,198
2025-08-12,175
2025-08-13,176
2025-08-14,169
2025-08-15,172
2025-08-16,196
2025-08-17,186
2025-08-18,216
2025-08-19,161
2025-08-20,201
2025-08-21,217
2025-08-22,201
2025-08-23,207
2025-08-24,179
2025-08-25,236
2025-08-26,188
2025-08-27,194
2025-08-28,216
2025-08-29,358
2025-08-30,299
2025-08-31,284
2025-09-01,278
2025-09-02,251
2025-09-03,201
2025-09-04,194
2025-09-05,187
2025-09-06,199
2025-09-07,196
2025-09-08,204
2025-09-09,197
2025-09-10,232
2025-09-11,188
2025-09-12,195
2025-09-13,214
2025-09-14,236
2025-09-15,225
2025-09-16,222
2025-09-17,183
2025-09-18,190
2025-09-19,213
2025-09-20,166
2025-09-21,238
2025-09-22,259
2025-09-23,268
2025-09-24,218
2025-09-25,213
2025-09-26,236
2025-09-27,217
2025-09-28,181
2025-09-29,255
2025-09-30,252
2025-10-01,243
2025-10-02,188
2025-10-03,190
2025-10-04,190
2025-10-05,263
2025-10-06,212
2025-10-07,198
2025-10-08,214
2025-10-09,206
2025-10-10,211
2025-10-11,188
2025-10-12,170
2025-10-13,207
2025-10-14,195
2025-10-15,203
2025-10-16,283
2025-10-17,235
2025-10-18,200
2025-10-19,212
2025-10-20,189
2025-10-21,194
2025-10-22,183
2025-10-23,198
2025-10-24,199
2025-10-25,187
2025-10-26,220
2025-10-27,228
2025-10-28,166
2025-10-29,206
2025-10-30,205
2025-10-31,200
2025-11-01,181
2025-11-02,182
2025-11-03,222
2025-11-04,169
2025-11-05,222
2025-11-06,196
2025-11-07,183
2025-11-08,188
2025-11-09,190
2025-11-10,202
2025-11-11,244
2025-11-12,196
2025-11-13,206
2025-11-14,194
2025-11-15,187
2025-11-16,229
2025-11-17,214
2025-11-18,210
2025-11-19,196
2025-11-20,220
2025-11-21,190
2025-11-22,211
2025-11-23,225
2025-11-24,232
2025-11-25,238
2025-11-26,235
2025-11-27,244
2025-11-28,257
2025-11-29,239
2025-11-30,214
2025-12-01,221
2025-12-02,219
2025-12-03,226
2025-12-04,238
2025-12-05,198
2025-12-06,189
2025-12-07,200
2025-12-08,233
2025-12-09,197
2025-12-10,185
2025-12-11,226
2025-12-12,193
2025-12-13,166
2025-12-14,202
2025-12-15,174
2025-12-16,205
2025-12-17,175
2025-12-18,174
2025-12-19,184
2025-12-20,170
2025-12-21,218
2025-12-22,273
2025-12-23,152
2025-12-24,168
2025-12-25,156
2025-12-26,178
2025-12-27,168
2025-12-28,190
2025-12-29,222
2025-12-30,175
2025-12-31,148
2026-01-01,163
2026-01-02,173
2026-01-03,201
2026-01-04,170
2026-01-05,234
2026-01-06,193
2026-01-07,192
2026-01-08,217
2026-01-09,174
2026-01-10,181
2026-01-11,139
2026-01-12,188
2026-01-13,220
2026-01-14,198
2026-01-15,224
2026-01-16,203
2026-01-17,174
2026-01-18,186
2026-01-19,244
2026-01-20,198
2026-01-21,204
2026-01-22,174
2026-01-23,189
2026-01-24,176
2026-01-25,182
2026-01-26,187
2026-01-27,172
2026-01-28,205
2026-01-29,209
2026-01-30,198
2026-01-31,179
2026-02-01,189
2026-02-02,235
2026-02-03,215
2026-02-04,215
2026-02-05,195
2026-02-06,201
2026-02-07,175
2026-02-08,205
2026-02-09,265
2026-02-10,221
2026-02-11,229
2026-02-12,186
2026-02-13,178
2026-02-14,154
2026-02-15,220
2026-02-16,185
2026-02-17,157
2026-02-18,197
2026-02-19,191
2026-02-20,164
2026-02-21,163
2026-02-22,194
2026-02-23,213
2026-02-24,185
2026-02-25,183
2026-02-26,179
2026-02-27,188
2026-02-28,171
2026-03-01,138
2026-03-02,161
2026-03-03,196
2026-03-04,164
2026-03-05,176
2026-03-06,197
2026-03-07,195
2026-03-08,191
2026-03-09,207
2026-03-10,202
2026-03-11,239
2026-03-12,166
2026-03-13,204
2026-03-14,155
2026-03-15,196
2026-03-16,137
2026-03-17,185
2026-03-18,158
2026-03-19,178
2026-03-20,213
2026-03-21,158
2026-03-22,150
2026-03-23,199
2026-03-24,197
2026-03-25,250
2026-03-26,203
2026-03-27,189
2026-03-28,165
2026-03-29,189
2026-03-30,180
2026-03-31,218
2026-04-01,185
2026-04-02,189
2026-04-03,170
2026-04-04,191
2026-04-05,199
2026-04-06,221
2026-04-07,206
2026-04-08,172
2026-04-09,223
2026-04-10,202
2026-04-11,207
2026-04-12,185
2026-04-13,219
