Date,"Tumblr Girls"
2015-07-01,0
2015-07-02,0
2015-07-03,0
2015-07-04,0
2015-07-05,0
2015-07-06,0
2015-07-07,0
2015-07-08,0
2015-07-09,0
2015-07-10,0
2015-07-11,0
2015-07-12,0
2015-07-13,0
2015-07-14,0
2015-07-15,0
2015-07-16,0
2015-07-17,0
2015-07-18,0
2015-07-19,0
2015-07-20,0
2015-07-21,0
2015-07-22,0
2015-07-23,0
2015-07-24,0
2015-07-25,0
2015-07-26,0
2015-07-27,0
2015-07-28,0
2015-07-29,0
2015-07-30,0
2015-07-31,0
2015-08-01,0
2015-08-02,0
2015-08-03,0
2015-08-04,0
2015-08-05,0
2015-08-06,0
2015-08-07,0
2015-08-08,0
2015-08-09,0
2015-08-10,0
2015-08-11,0
2015-08-12,0
2015-08-13,0
2015-08-14,0
2015-08-15,0
2015-08-16,0
2015-08-17,0
2015-08-18,0
2015-08-19,0
2015-08-20,0
2015-08-21,0
2015-08-22,0
2015-08-23,0
2015-08-24,0
2015-08-25,0
2015-08-26,0
2015-08-27,0
2015-08-28,0
2015-08-29,0
2015-08-30,0
2015-08-31,0
2015-09-01,0
2015-09-02,0
2015-09-03,0
2015-09-04,0
2015-09-05,0
2015-09-06,0
2015-09-07,0
2015-09-08,0
2015-09-09,0
2015-09-10,0
2015-09-11,0
2015-09-12,0
2015-09-13,0
2015-09-14,0
2015-09-15,0
2015-09-16,0
2015-09-17,0
2015-09-18,0
2015-09-19,0
2015-09-20,0
2015-09-21,0
2015-09-22,0
2015-09-23,0
2015-09-24,0
2015-09-25,0
2015-09-26,0
2015-09-27,0
2015-09-28,0
2015-09-29,0
2015-09-30,0
2015-10-01,0
2015-10-02,0
2015-10-03,0
2015-10-04,0
2015-10-05,0
2015-10-06,0
2015-10-07,0
2015-10-08,0
2015-10-09,0
2015-10-10,0
2015-10-11,0
2015-10-12,0
2015-10-13,0
2015-10-14,0
2015-10-15,0
2015-10-16,0
2015-10-17,0
2015-10-18,0
2015-10-19,0
2015-10-20,0
2015-10-21,0
2015-10-22,0
2015-10-23,0
2015-10-24,0
2015-10-25,0
2015-10-26,0
2015-10-27,0
2015-10-28,0
2015-10-29,0
2015-10-30,0
2015-10-31,0
2015-11-01,0
2015-11-02,0
2015-11-03,0
2015-11-04,0
2015-11-05,0
2015-11-06,0
2015-11-07,0
2015-11-08,0
2015-11-09,0
2015-11-10,0
2015-11-11,0
2015-11-12,0
2015-11-13,0
2015-11-14,0
2015-11-15,0
2015-11-16,0
2015-11-17,0
2015-11-18,0
2015-11-19,0
2015-11-20,0
2015-11-21,0
2015-11-22,0
2015-11-23,0
2015-11-24,0
2015-11-25,0
2015-11-26,0
2015-11-27,0
2015-11-28,0
2015-11-29,0
2015-11-30,0
2015-12-01,0
2015-12-02,0
2015-12-03,0
2015-12-04,0
2015-12-05,0
2015-12-06,0
2015-12-07,0
2015-12-08,0
2015-12-09,0
2015-12-10,0
2015-12-11,0
2015-12-12,0
2015-12-13,0
2015-12-14,0
2015-12-15,0
2015-12-16,0
2015-12-17,0
2015-12-18,0
2015-12-19,0
2015-12-20,0
2015-12-21,0
2015-12-22,0
2015-12-23,0
2015-12-24,0
2015-12-25,0
2015-12-26,0
2015-12-27,0
2015-12-28,0
2015-12-29,0
2015-12-30,0
2015-12-31,0
2016-01-01,0
2016-01-02,0
2016-01-03,0
2016-01-04,0
2016-01-05,0
2016-01-06,0
2016-01-07,0
2016-01-08,0
2016-01-09,0
2016-01-10,0
2016-01-11,0
2016-01-12,0
2016-01-13,0
2016-01-14,0
2016-01-15,0
2016-01-16,0
2016-01-17,0
2016-01-18,0
2016-01-19,0
2016-01-20,0
2016-01-21,0
2016-01-22,0
2016-01-23,0
2016-01-24,0
2016-01-25,0
2016-01-26,0
2016-01-27,0
2016-01-28,0
2016-01-29,0
2016-01-30,0
2016-01-31,0
2016-02-01,0
2016-02-02,0
2016-02-03,0
2016-02-04,0
2016-02-05,0
2016-02-06,0
2016-02-07,0
2016-02-08,0
2016-02-09,0
2016-02-10,0
2016-02-11,0
2016-02-12,0
2016-02-13,0
2016-02-14,0
2016-02-15,0
2016-02-16,0
2016-02-17,0
2016-02-18,0
2016-02-19,0
2016-02-20,3
2016-02-21,7
2016-02-22,17
2016-02-23,18
2016-02-24,10
2016-02-25,10
2016-02-26,19
2016-02-27,3
2016-02-28,4
2016-02-29,5
2016-03-01,6
2016-03-02,5
2016-03-03,7
2016-03-04,4
2016-03-05,4
2016-03-06,11
2016-03-07,4
2016-03-08,3
2016-03-09,8
2016-03-10,10
2016-03-11,5
2016-03-12,3
2016-03-13,4
2016-03-14,1
2016-03-15,8
2016-03-16,6
2016-03-17,2
2016-03-18,5
2016-03-19,5
2016-03-20,7
2016-03-21,4
2016-03-22,2
2016-03-23,5
2016-03-24,3
2016-03-25,2
2016-03-26,9
2016-03-27,5
2016-03-28,6
2016-03-29,9
2016-03-30,8
2016-03-31,9
2016-04-01,10
2016-04-02,11
2016-04-03,1
2016-04-04,7
2016-04-05,16
2016-04-06,6
2016-04-07,1
2016-04-08,2
2016-04-09,5
2016-04-10,5
2016-04-11,6
2016-04-12,3
2016-04-13,12
2016-04-14,4
2016-04-15,8
2016-04-16,1
2016-04-17,5
2016-04-18,9
2016-04-19,3
2016-04-20,6
2016-04-21,8
2016-04-22,4
2016-04-23,4
2016-04-24,9
2016-04-25,3
2016-04-26,5
2016-04-27,13
2016-04-28,6
2016-04-29,3
2016-04-30,9
2016-05-01,7
2016-05-02,1
2016-05-03,7
2016-05-04,5
2016-05-05,3
2016-05-06,4
2016-05-07,7
2016-05-08,4
2016-05-09,9
2016-05-10,9
2016-05-11,4
2016-05-12,6
2016-05-13,7
2016-05-14,6
2016-05-15,3
2016-05-16,3
2016-05-17,3
2016-05-18,5
2016-05-19,4
2016-05-20,5
2016-05-21,2
2016-05-22,6
2016-05-23,12
2016-05-24,7
2016-05-25,10
2016-05-26,5
2016-05-27,1
2016-05-28,9
2016-05-29,6
2016-05-30,5
2016-05-31,4
2016-06-01,3
2016-06-02,7
2016-06-03,5
2016-06-04,6
2016-06-05,3
2016-06-06,3
2016-06-07,5
2016-06-08,2
2016-06-09,2
2016-06-10,2
2016-06-11,4
2016-06-12,2
2016-06-13,2
2016-06-14,2
2016-06-15,6
2016-06-16,3
2016-06-17,4
2016-06-18,4
2016-06-19,5
2016-06-20,6
2016-06-21,9
2016-06-22,6
2016-06-23,3
2016-06-24,8
2016-06-25,2
2016-06-26,7
2016-06-27,5
2016-06-28,11
2016-06-29,9
2016-06-30,8
2016-07-01,5
2016-07-02,5
2016-07-03,7
2016-07-04,5
2016-07-05,5
2016-07-06,6
2016-07-07,4
2016-07-08,8
2016-07-09,6
2016-07-10,6
2016-07-11,6
2016-07-12,3
2016-07-13,5
2016-07-14,5
2016-07-15,2
2016-07-16,4
2016-07-17,4
2016-07-18,8
2016-07-19,9
2016-07-20,5
2016-07-21,6
2016-07-22,4
2016-07-23,5
2016-07-24,3
2016-07-25,10
2016-07-26,10
2016-07-27,5
2016-07-28,9
2016-07-29,7
2016-07-30,3
2016-07-31,5
2016-08-01,4
2016-08-02,2
2016-08-03,4
2016-08-04,1
2016-08-05,6
2016-08-06,2
2016-08-07,5
2016-08-08,6
2016-08-09,1
2016-08-10,5
2016-08-11,9
2016-08-12,2
2016-08-13,1
2016-08-14,5
2016-08-15,3
2016-08-16,6
2016-08-17,5
2016-08-18,4
2016-08-19,3
2016-08-20,6
2016-08-21,5
2016-08-22,6
2016-08-23,3
2016-08-24,3
2016-08-25,5
2016-08-26,3
2016-08-27,5
2016-08-28,7
2016-08-29,3
2016-08-30,3
2016-08-31,7
2016-09-01,2
2016-09-02,6
2016-09-03,3
2016-09-04,1
2016-09-05,6
2016-09-06,5
2016-09-07,5
2016-09-08,4
2016-09-09,4
2016-09-10,4
2016-09-11,6
2016-09-12,1
2016-09-13,4
2016-09-14,6
2016-09-15,4
2016-09-16,3
2016-09-17,0
2016-09-18,2
2016-09-19,6
2016-09-20,11
2016-09-21,2
2016-09-22,10
2016-09-23,5
2016-09-24,2
2016-09-25,0
2016-09-26,2
2016-09-27,4
2016-09-28,4
2016-09-29,2
2016-09-30,1
2016-10-01,4
2016-10-02,1
2016-10-03,4
2016-10-04,5
2016-10-05,2
2016-10-06,1
2016-10-07,6
2016-10-08,0
2016-10-09,1
2016-10-10,2
2016-10-11,3
2016-10-12,8
2016-10-13,3
2016-10-14,3
2016-10-15,2
2016-10-16,3
2016-10-17,6
2016-10-18,3
2016-10-19,0
2016-10-20,3
2016-10-21,1
2016-10-22,6
2016-10-23,1
2016-10-24,0
2016-10-25,1
2016-10-26,4
2016-10-27,4
2016-10-28,4
2016-10-29,1
2016-10-30,3
2016-10-31,4
2016-11-01,0
2016-11-02,1
2016-11-03,3
2016-11-04,2
2016-11-05,1
2016-11-06,5
2016-11-07,1
2016-11-08,2
2016-11-09,0
2016-11-10,3
2016-11-11,3
2016-11-12,3
2016-11-13,4
2016-11-14,2
2016-11-15,3
2016-11-16,6
2016-11-17,6
2016-11-18,2
2016-11-19,3
2016-11-20,3
2016-11-21,4
2016-11-22,2
2016-11-23,6
2016-11-24,1
2016-11-25,2
2016-11-26,3
2016-11-27,1
2016-11-28,2
2016-11-29,1
2016-11-30,2
2016-12-01,3
2016-12-02,2
2016-12-03,2
2016-12-04,0
2016-12-05,2
2016-12-06,3
2016-12-07,9
2016-12-08,1
2016-12-09,6
2016-12-10,2
2016-12-11,5
2016-12-12,3
2016-12-13,3
2016-12-14,4
2016-12-15,5
2016-12-16,2
2016-12-17,0
2016-12-18,2
2016-12-19,2
2016-12-20,2
2016-12-21,3
2016-12-22,2
2016-12-23,6
2016-12-24,1
2016-12-25,0
2016-12-26,0
2016-12-27,2
2016-12-28,1
2016-12-29,3
2016-12-30,4
2016-12-31,3
2017-01-01,3
2017-01-02,2
2017-01-03,6
2017-01-04,6
2017-01-05,0
2017-01-06,4
2017-01-07,1
2017-01-08,2
2017-01-09,4
2017-01-10,4
2017-01-11,8
2017-01-12,2
2017-01-13,6
2017-01-14,1
2017-01-15,0
2017-01-16,2
2017-01-17,1
2017-01-18,4
2017-01-19,0
2017-01-20,1
2017-01-21,2
2017-01-22,1
2017-01-23,3
2017-01-24,2
2017-01-25,5
2017-01-26,2
2017-01-27,0
2017-01-28,5
2017-01-29,2
2017-01-30,1
2017-01-31,2
2017-02-01,5
2017-02-02,4
2017-02-03,3
2017-02-04,3
2017-02-05,3
2017-02-06,1
2017-02-07,2
2017-02-08,2
2017-02-09,1
2017-02-10,1
2017-02-11,2
2017-02-12,5
2017-02-13,7
2017-02-14,2
2017-02-15,9
2017-02-16,1
2017-02-17,5
2017-02-18,3
2017-02-19,3
2017-02-20,4
2017-02-21,3
2017-02-22,3
2017-02-23,3
2017-02-24,0
2017-02-25,3
2017-02-26,1
2017-02-27,1
2017-02-28,4
2017-03-01,2
2017-03-02,1
2017-03-03,1
2017-03-04,4
2017-03-05,3
2017-03-06,4
2017-03-07,3
2017-03-08,2
2017-03-09,2
2017-03-10,3
2017-03-11,1
2017-03-12,1
2017-03-13,5
2017-03-14,2
2017-03-15,0
2017-03-16,6
2017-03-17,2
2017-03-18,5
2017-03-19,0
2017-03-20,8
2017-03-21,5
2017-03-22,3
2017-03-23,1
2017-03-24,3
2017-03-25,1
2017-03-26,0
2017-03-27,2
2017-03-28,2
2017-03-29,1
2017-03-30,1
2017-03-31,3
2017-04-01,4
2017-04-02,0
2017-04-03,3
2017-04-04,2
2017-04-05,5
2017-04-06,2
2017-04-07,0
2017-04-08,2
2017-04-09,4
2017-04-10,0
2017-04-11,4
2017-04-12,3
2017-04-13,4
2017-04-14,1
2017-04-15,0
2017-04-16,0
2017-04-17,4
2017-04-18,3
2017-04-19,0
2017-04-20,5
2017-04-21,5
2017-04-22,3
2017-04-23,2
2017-04-24,8
2017-04-25,3
2017-04-26,2
2017-04-27,2
2017-04-28,3
2017-04-29,3
2017-04-30,4
2017-05-01,2
2017-05-02,0
2017-05-03,4
2017-05-04,5
2017-05-05,3
2017-05-06,4
2017-05-07,3
2017-05-08,6
2017-05-09,3
2017-05-10,3
2017-05-11,2
2017-05-12,3
2017-05-13,5
2017-05-14,4
2017-05-15,3
2017-05-16,0
2017-05-17,2
2017-05-18,3
2017-05-19,3
2017-05-20,0
2017-05-21,4
2017-05-22,2
2017-05-23,1
2017-05-24,1
2017-05-25,3
2017-05-26,1
2017-05-27,1
2017-05-28,6
2017-05-29,6
2017-05-30,0
2017-05-31,1
2017-06-01,2
2017-06-02,5
2017-06-03,1
2017-06-04,3
2017-06-05,3
2017-06-06,4
2017-06-07,1
2017-06-08,4
2017-06-09,4
2017-06-10,2
2017-06-11,0
2017-06-12,4
2017-06-13,3
2017-06-14,4
2017-06-15,12
2017-06-16,4
2017-06-17,1
2017-06-18,0
2017-06-19,8
2017-06-20,2
2017-06-21,4
2017-06-22,4
2017-06-23,2
2017-06-24,2
2017-06-25,3
2017-06-26,2
2017-06-27,4
2017-06-28,7
2017-06-29,6
2017-06-30,2
2017-07-01,2
2017-07-02,0
2017-07-03,0
2017-07-04,2
2017-07-05,2
2017-07-06,2
2017-07-07,4
2017-07-08,2
2017-07-09,2
2017-07-10,1
2017-07-11,1
2017-07-12,3
2017-07-13,1
2017-07-14,4
2017-07-15,2
2017-07-16,1
2017-07-17,5
2017-07-18,3
2017-07-19,6
2017-07-20,4
2017-07-21,2
2017-07-22,1
2017-07-23,0
2017-07-24,5
2017-07-25,4
2017-07-26,2
2017-07-27,1
2017-07-28,3
2017-07-29,4
2017-07-30,2
2017-07-31,6
2017-08-01,8
2017-08-02,4
2017-08-03,3
2017-08-04,7
2017-08-05,2
2017-08-06,2
2017-08-07,4
2017-08-08,5
2017-08-09,2
2017-08-10,2
2017-08-11,6
2017-08-12,4
2017-08-13,5
2017-08-14,3
2017-08-15,5
2017-08-16,5
2017-08-17,3
2017-08-18,4
2017-08-19,1
2017-08-20,1
2017-08-21,5
2017-08-22,5
2017-08-23,2
2017-08-24,1
2017-08-25,1
2017-08-26,1
2017-08-27,6
2017-08-28,4
2017-08-29,5
2017-08-30,5
2017-08-31,5
2017-09-01,2
2017-09-02,3
2017-09-03,4
2017-09-04,6
2017-09-05,3
2017-09-06,3
2017-09-07,3
2017-09-08,8
2017-09-09,1
2017-09-10,3
2017-09-11,7
2017-09-12,6
2017-09-13,2
2017-09-14,3
2017-09-15,4
2017-09-16,3
2017-09-17,5
2017-09-18,3
2017-09-19,5
2017-09-20,3
2017-09-21,4
2017-09-22,4
2017-09-23,3
2017-09-24,1
2017-09-25,1
2017-09-26,2
2017-09-27,3
2017-09-28,4
2017-09-29,4
2017-09-30,9
2017-10-01,5
2017-10-02,3
2017-10-03,2
2017-10-04,0
2017-10-05,1
2017-10-06,4
2017-10-07,5
2017-10-08,1
2017-10-09,3
2017-10-10,1
2017-10-11,3
2017-10-12,5
2017-10-13,8
2017-10-14,3
2017-10-15,2
2017-10-16,5
2017-10-17,3
2017-10-18,4
2017-10-19,4
2017-10-20,4
2017-10-21,1
2017-10-22,4
2017-10-23,3
2017-10-24,0
2017-10-25,4
2017-10-26,4
2017-10-27,1
2017-10-28,1
2017-10-29,1
2017-10-30,3
2017-10-31,2
2017-11-01,6
2017-11-02,1
2017-11-03,3
2017-11-04,3
2017-11-05,1
2017-11-06,5
2017-11-07,2
2017-11-08,5
2017-11-09,5
2017-11-10,2
2017-11-11,3
2017-11-12,1
2017-11-13,2
2017-11-14,6
2017-11-15,4
2017-11-16,6
2017-11-17,6
2017-11-18,5
2017-11-19,4
2017-11-20,2
2017-11-21,3
2017-11-22,2
2017-11-23,2
2017-11-24,2
2017-11-25,4
2017-11-26,5
2017-11-27,4
2017-11-28,5
2017-11-29,3
2017-11-30,2
2017-12-01,2
2017-12-02,8
2017-12-03,4
2017-12-04,3
2017-12-05,5
2017-12-06,4
2017-12-07,1
2017-12-08,8
2017-12-09,4
2017-12-10,3
2017-12-11,6
2017-12-12,3
2017-12-13,2
2017-12-14,2
2017-12-15,0
2017-12-16,3
2017-12-17,2
2017-12-18,5
2017-12-19,7
2017-12-20,9
2017-12-21,7
2017-12-22,5
2017-12-23,4
2017-12-24,5
2017-12-25,2
2017-12-26,0
2017-12-27,5
2017-12-28,4
2017-12-29,8
2017-12-30,7
2017-12-31,0
2018-01-01,4
2018-01-02,2
2018-01-03,6
2018-01-04,9
2018-01-05,3
2018-01-06,4
2018-01-07,3
2018-01-08,4
2018-01-09,1
2018-01-10,8
2018-01-11,5
2018-01-12,4
2018-01-13,3
2018-01-14,1
2018-01-15,6
2018-01-16,9
2018-01-17,1
2018-01-18,4
2018-01-19,3
2018-01-20,3
2018-01-21,4
2018-01-22,9
2018-01-23,4
2018-01-24,4
2018-01-25,3
2018-01-26,1
2018-01-27,2
2018-01-28,6
2018-01-29,8
2018-01-30,0
2018-01-31,6
2018-02-01,4
2018-02-02,10
2018-02-03,2
2018-02-04,2
2018-02-05,2
2018-02-06,1
2018-02-07,9
2018-02-08,5
2018-02-09,6
2018-02-10,0
2018-02-11,7
2018-02-12,5
2018-02-13,2
2018-02-14,1
2018-02-15,3
2018-02-16,4
2018-02-17,2
2018-02-18,3
2018-02-19,5
2018-02-20,3
2018-02-21,4
2018-02-22,3
2018-02-23,4
2018-02-24,2
2018-02-25,4
2018-02-26,3
2018-02-27,2
2018-02-28,0
2018-03-01,1
2018-03-02,2
2018-03-03,5
2018-03-04,0
2018-03-05,4
2018-03-06,2
2018-03-07,1
2018-03-08,3
2018-03-09,1
2018-03-10,0
2018-03-11,1
2018-03-12,2
2018-03-13,4
2018-03-14,0
2018-03-15,5
2018-03-16,3
2018-03-17,5
2018-03-18,5
2018-03-19,2
2018-03-20,4
2018-03-21,1
2018-03-22,1
2018-03-23,4
2018-03-24,2
2018-03-25,5
2018-03-26,4
2018-03-27,3
2018-03-28,3
2018-03-29,4
2018-03-30,6
2018-03-31,3
2018-04-01,2
2018-04-02,5
2018-04-03,5
2018-04-04,5
2018-04-05,4
2018-04-06,2
2018-04-07,8
2018-04-08,2
2018-04-09,2
2018-04-10,4
2018-04-11,2
2018-04-12,2
2018-04-13,2
2018-04-14,4
2018-04-15,7
2018-04-16,3
2018-04-17,6
2018-04-18,8
2018-04-19,3
2018-04-20,5
2018-04-21,3
2018-04-22,7
2018-04-23,2
2018-04-24,4
2018-04-25,3
2018-04-26,3
2018-04-27,2
2018-04-28,2
2018-04-29,1
2018-04-30,5
2018-05-01,0
2018-05-02,1
2018-05-03,5
2018-05-04,4
2018-05-05,4
2018-05-06,4
2018-05-07,3
2018-05-08,5
2018-05-09,3
2018-05-10,1
2018-05-11,4
2018-05-12,6
2018-05-13,2
2018-05-14,10
2018-05-15,2
2018-05-16,2
2018-05-17,1
2018-05-18,2
2018-05-19,3
2018-05-20,3
2018-05-21,1
2018-05-22,1
2018-05-23,2
2018-05-24,5
2018-05-25,11
2018-05-26,1
2018-05-27,0
2018-05-28,6
2018-05-29,4
2018-05-30,0
2018-05-31,4
2018-06-01,3
2018-06-02,2
2018-06-03,2
2018-06-04,3
2018-06-05,3
2018-06-06,3
2018-06-07,2
2018-06-08,3
2018-06-09,0
2018-06-10,2
2018-06-11,5
2018-06-12,4
2018-06-13,0
2018-06-14,0
2018-06-15,2
2018-06-16,6
2018-06-17,3
2018-06-18,2
2018-06-19,5
2018-06-20,4
2018-06-21,1
2018-06-22,0
2018-06-23,0
2018-06-24,1
2018-06-25,2
2018-06-26,1
2018-06-27,1
2018-06-28,5
2018-06-29,2
2018-06-30,3
2018-07-01,2
2018-07-02,2
2018-07-03,4
2018-07-04,3
2018-07-05,3
2018-07-06,7
2018-07-07,3
2018-07-08,0
2018-07-09,4
2018-07-10,2
2018-07-11,5
2018-07-12,2
2018-07-13,0
2018-07-14,0
2018-07-15,4
2018-07-16,1
2018-07-17,3
2018-07-18,4
2018-07-19,5
2018-07-20,3
2018-07-21,0
2018-07-22,5
2018-07-23,7
2018-07-24,3
2018-07-25,2
2018-07-26,2
2018-07-27,2
2018-07-28,1
2018-07-29,1
2018-07-30,2
2018-07-31,2
2018-08-01,2
2018-08-02,2
2018-08-03,4
2018-08-04,5
2018-08-05,5
2018-08-06,5
2018-08-07,1
2018-08-08,1
2018-08-09,3
2018-08-10,1
2018-08-11,1
2018-08-12,4
2018-08-13,2
2018-08-14,3
2018-08-15,3
2018-08-16,1
2018-08-17,4
2018-08-18,2
2018-08-19,3
2018-08-20,5
2018-08-21,1
2018-08-22,1
2018-08-23,5
2018-08-24,3
2018-08-25,3
2018-08-26,0
2018-08-27,4
2018-08-28,4
2018-08-29,3
2018-08-30,4
2018-08-31,0
2018-09-01,4
2018-09-02,0
2018-09-03,0
2018-09-04,3
2018-09-05,3
2018-09-06,3
2018-09-07,0
2018-09-08,4
2018-09-09,2
2018-09-10,2
2018-09-11,3
2018-09-12,2
2018-09-13,5
2018-09-14,3
2018-09-15,2
2018-09-16,1
2018-09-17,5
2018-09-18,1
2018-09-19,4
2018-09-20,1
2018-09-21,3
2018-09-22,2
2018-09-23,0
2018-09-24,3
2018-09-25,2
2018-09-26,2
2018-09-27,3
2018-09-28,1
2018-09-29,2
2018-09-30,1
2018-10-01,2
2018-10-02,1
2018-10-03,0
2018-10-04,1
2018-10-05,2
2018-10-06,1
2018-10-07,1
2018-10-08,5
2018-10-09,3
2018-10-10,2
2018-10-11,2
2018-10-12,5
2018-10-13,4
2018-10-14,3
2018-10-15,1
2018-10-16,0
2018-10-17,4
2018-10-18,4
2018-10-19,1
2018-10-20,2
2018-10-21,6
2018-10-22,2
2018-10-23,1
2018-10-24,1
2018-10-25,1
2018-10-26,0
2018-10-27,1
2018-10-28,2
2018-10-29,1
2018-10-30,0
2018-10-31,1
2018-11-01,0
2018-11-02,1
2018-11-03,1
2018-11-04,1
2018-11-05,2
2018-11-06,3
2018-11-07,1
2018-11-08,4
2018-11-09,2
2018-11-10,4
2018-11-11,1
2018-11-12,3
2018-11-13,2
2018-11-14,1
2018-11-15,3
2018-11-16,4
2018-11-17,2
2018-11-18,1
2018-11-19,5
2018-11-20,2
2018-11-21,1
2018-11-22,4
2018-11-23,1
2018-11-24,4
2018-11-25,5
2018-11-26,1
2018-11-27,1
2018-11-28,0
2018-11-29,3
2018-11-30,2
2018-12-01,5
2018-12-02,4
2018-12-03,17
2018-12-04,34
2018-12-05,24
2018-12-06,10
2018-12-07,7
2018-12-08,11
2018-12-09,5
2018-12-10,3
2018-12-11,4
2018-12-12,4
2018-12-13,5
2018-12-14,1
2018-12-15,3
2018-12-16,3
2018-12-17,13
2018-12-18,11
2018-12-19,7
2018-12-20,3
2018-12-21,4
2018-12-22,8
2018-12-23,4
2018-12-24,1
2018-12-25,3
2018-12-26,2
2018-12-27,3
2018-12-28,6
2018-12-29,6
2018-12-30,3
2018-12-31,5
2019-01-01,4
2019-01-02,2
2019-01-03,2
2019-01-04,4
2019-01-05,2
2019-01-06,3
2019-01-07,3
2019-01-08,5
2019-01-09,4
2019-01-10,3
2019-01-11,2
2019-01-12,2
2019-01-13,1
2019-01-14,1
2019-01-15,5
2019-01-16,2
2019-01-17,2
2019-01-18,4
2019-01-19,3
2019-01-20,0
2019-01-21,2
2019-01-22,2
2019-01-23,3
2019-01-24,4
2019-01-25,1
2019-01-26,6
2019-01-27,4
2019-01-28,0
2019-01-29,5
2019-01-30,2
2019-01-31,5
2019-02-01,1
2019-02-02,1
2019-02-03,4
2019-02-04,1
2019-02-05,2
2019-02-06,3
2019-02-07,3
2019-02-08,0
2019-02-09,4
2019-02-10,2
2019-02-11,2
2019-02-12,3
2019-02-13,5
2019-02-14,3
2019-02-15,0
2019-02-16,3
2019-02-17,3
2019-02-18,1
2019-02-19,5
2019-02-20,1
2019-02-21,1
2019-02-22,1
2019-02-23,1
2019-02-24,1
2019-02-25,11
2019-02-26,3
2019-02-27,2
2019-02-28,3
2019-03-01,0
2019-03-02,1
2019-03-03,1
2019-03-04,1
2019-03-05,5
2019-03-06,2
2019-03-07,5
2019-03-08,1
2019-03-09,1
2019-03-10,2
2019-03-11,5
2019-03-12,2
2019-03-13,2
2019-03-14,1
2019-03-15,2
2019-03-16,1
2019-03-17,2
2019-03-18,3
2019-03-19,3
2019-03-20,1
2019-03-21,0
2019-03-22,1
2019-03-23,1
2019-03-24,1
2019-03-25,2
2019-03-26,2
2019-03-27,5
2019-03-28,1
2019-03-29,3
2019-03-30,1
2019-03-31,1
2019-04-01,2
2019-04-02,1
2019-04-03,1
2019-04-04,1
2019-04-05,2
2019-04-06,3
2019-04-07,1
2019-04-08,1
2019-04-09,2
2019-04-10,3
2019-04-11,2
2019-04-12,1
2019-04-13,2
2019-04-14,0
2019-04-15,0
2019-04-16,4
2019-04-17,1
2019-04-18,4
2019-04-19,2
2019-04-20,5
2019-04-21,2
2019-04-22,0
2019-04-23,2
2019-04-24,2
2019-04-25,0
2019-04-26,0
2019-04-27,2
2019-04-28,1
2019-04-29,3
2019-04-30,3
2019-05-01,2
2019-05-02,3
2019-05-03,6
2019-05-04,2
2019-05-05,1
2019-05-06,6
2019-05-07,3
2019-05-08,6
2019-05-09,1
2019-05-10,5
2019-05-11,4
2019-05-12,3
2019-05-13,3
2019-05-14,5
2019-05-15,3
2019-05-16,2
2019-05-17,3
2019-05-18,1
2019-05-19,0
2019-05-20,2
2019-05-21,1
2019-05-22,3
2019-05-23,1
2019-05-24,3
2019-05-25,1
2019-05-26,1
2019-05-27,3
2019-05-28,1
2019-05-29,2
2019-05-30,4
2019-05-31,1
2019-06-01,3
2019-06-02,1
2019-06-03,1
2019-06-04,2
2019-06-05,2
2019-06-06,2
2019-06-07,1
2019-06-08,0
2019-06-09,3
2019-06-10,2
2019-06-11,1
2019-06-12,3
2019-06-13,3
2019-06-14,3
2019-06-15,1
2019-06-16,1
2019-06-17,2
2019-06-18,0
2019-06-19,1
2019-06-20,6
2019-06-21,0
2019-06-22,2
2019-06-23,2
2019-06-24,1
2019-06-25,0
2019-06-26,2
2019-06-27,5
2019-06-28,0
2019-06-29,0
2019-06-30,2
2019-07-01,2
2019-07-02,2
2019-07-03,1
2019-07-04,1
2019-07-05,1
2019-07-06,1
2019-07-07,0
2019-07-08,1
2019-07-09,1
2019-07-10,3
2019-07-11,1
2019-07-12,3
2019-07-13,4
2019-07-14,1
2019-07-15,5
2019-07-16,2
2019-07-17,0
2019-07-18,1
2019-07-19,1
2019-07-20,1
2019-07-21,2
2019-07-22,2
2019-07-23,0
2019-07-24,3
2019-07-25,2
2019-07-26,4
2019-07-27,0
2019-07-28,2
2019-07-29,1
2019-07-30,2
2019-07-31,3
2019-08-01,4
2019-08-02,1
2019-08-03,0
2019-08-04,2
2019-08-05,3
2019-08-06,2
2019-08-07,0
2019-08-08,2
2019-08-09,1
2019-08-10,5
2019-08-11,1
2019-08-12,4
2019-08-13,10
2019-08-14,6
2019-08-15,4
2019-08-16,2
2019-08-17,3
2019-08-18,2
2019-08-19,4
2019-08-20,3
2019-08-21,1
2019-08-22,4
2019-08-23,2
2019-08-24,3
2019-08-25,1
2019-08-26,2
2019-08-27,1
2019-08-28,2
2019-08-29,3
2019-08-30,2
2019-08-31,3
2019-09-01,1
2019-09-02,1
2019-09-03,3
2019-09-04,1
2019-09-05,6
2019-09-06,1
2019-09-07,1
2019-09-08,2
2019-09-09,3
2019-09-10,3
2019-09-11,3
2019-09-12,2
2019-09-13,7
2019-09-14,2
2019-09-15,5
2019-09-16,0
2019-09-17,0
2019-09-18,4
2019-09-19,1
2019-09-20,2
2019-09-21,0
2019-09-22,0
2019-09-23,4
2019-09-24,0
2019-09-25,4
2019-09-26,0
2019-09-27,0
2019-09-28,3
2019-09-29,3
2019-09-30,0
2019-10-01,1
2019-10-02,4
2019-10-03,2
2019-10-04,2
2019-10-05,0
2019-10-06,1
2019-10-07,2
2019-10-08,0
2019-10-09,0
2019-10-10,3
2019-10-11,1
2019-10-12,1
2019-10-13,0
2019-10-14,4
2019-10-15,2
2019-10-16,6
2019-10-17,1
2019-10-18,8
2019-10-19,4
2019-10-20,2
2019-10-21,2
2019-10-22,6
2019-10-23,2
2019-10-24,2
2019-10-25,5
2019-10-26,1
2019-10-27,0
2019-10-28,2
2019-10-29,6
2019-10-30,0
2019-10-31,4
2019-11-01,3
2019-11-02,2
2019-11-03,2
2019-11-04,2
2019-11-05,3
2019-11-06,4
2019-11-07,1
2019-11-08,7
2019-11-09,2
2019-11-10,0
2019-11-11,1
2019-11-12,3
2019-11-13,1
2019-11-14,2
2019-11-15,0
2019-11-16,4
2019-11-17,2
2019-11-18,3
2019-11-19,0
2019-11-20,6
2019-11-21,5
2019-11-22,4
2019-11-23,1
2019-11-24,2
2019-11-25,6
2019-11-26,3
2019-11-27,1
2019-11-28,2
2019-11-29,4
2019-11-30,3
2019-12-01,2
2019-12-02,0
2019-12-03,1
2019-12-04,1
2019-12-05,1
2019-12-06,3
2019-12-07,3
2019-12-08,3
2019-12-09,1
2019-12-10,0
2019-12-11,1
2019-12-12,1
2019-12-13,4
2019-12-14,0
2019-12-15,4
2019-12-16,4
2019-12-17,5
2019-12-18,0
2019-12-19,3
2019-12-20,1
2019-12-21,1
2019-12-22,2
2019-12-23,0
2019-12-24,2
2019-12-25,1
2019-12-26,0
2019-12-27,3
2019-12-28,2
2019-12-29,4
2019-12-30,1
2019-12-31,1
2020-01-01,0
2020-01-02,3
2020-01-03,4
2020-01-04,5
2020-01-05,2
2020-01-06,1
2020-01-07,2
2020-01-08,1
2020-01-09,5
2020-01-10,4
2020-01-11,2
2020-01-12,1
2020-01-13,1
2020-01-14,1
2020-01-15,1
2020-01-16,5
2020-01-17,0
2020-01-18,4
2020-01-19,4
2020-01-20,0
2020-01-21,2
2020-01-22,1
2020-01-23,4
2020-01-24,0
2020-01-25,3
2020-01-26,3
2020-01-27,1
2020-01-28,3
2020-01-29,3
2020-01-30,6
2020-01-31,5
2020-02-01,6
2020-02-02,2
2020-02-03,1
2020-02-04,2
2020-02-05,0
2020-02-06,4
2020-02-07,2
2020-02-08,0
2020-02-09,3
2020-02-10,2
2020-02-11,2
2020-02-12,4
2020-02-13,1
2020-02-14,2
2020-02-15,1
2020-02-16,3
2020-02-17,5
2020-02-18,2
2020-02-19,2
2020-02-20,2
2020-02-21,5
2020-02-22,3
2020-02-23,3
2020-02-24,5
2020-02-25,3
2020-02-26,1
2020-02-27,2
2020-02-28,0
2020-02-29,0
2020-03-01,2
2020-03-02,5
2020-03-03,4
2020-03-04,0
2020-03-05,1
2020-03-06,1
2020-03-07,5
2020-03-08,2
2020-03-09,0
2020-03-10,1
2020-03-11,1
2020-03-12,3
2020-03-13,3
2020-03-14,0
2020-03-15,0
2020-03-16,2
2020-03-17,3
2020-03-18,1
2020-03-19,1
2020-03-20,1
2020-03-21,2
2020-03-22,4
2020-03-23,3
2020-03-24,0
2020-03-25,2
2020-03-26,1
2020-03-27,2
2020-03-28,3
2020-03-29,0
2020-03-30,3
2020-03-31,5
2020-04-01,4
2020-04-02,4
2020-04-03,3
2020-04-04,1
2020-04-05,1
2020-04-06,3
2020-04-07,2
2020-04-08,1
2020-04-09,0
2020-04-10,2
2020-04-11,3
2020-04-12,3
2020-04-13,2
2020-04-14,4
2020-04-15,2
2020-04-16,1
2020-04-17,3
2020-04-18,2
2020-04-19,3
2020-04-20,3
2020-04-21,5
2020-04-22,1
2020-04-23,3
2020-04-24,0
2020-04-25,3
2020-04-26,1
2020-04-27,4
2020-04-28,2
2020-04-29,5
2020-04-30,5
2020-05-01,5
2020-05-02,1
2020-05-03,7
2020-05-04,1
2020-05-05,2
2020-05-06,1
2020-05-07,4
2020-05-08,4
2020-05-09,1
2020-05-10,2
2020-05-11,4
2020-05-12,1
2020-05-13,3
2020-05-14,6
2020-05-15,0
2020-05-16,2
2020-05-17,2
2020-05-18,2
2020-05-19,2
2020-05-20,1
2020-05-21,2
2020-05-22,3
2020-05-23,0
2020-05-24,4
2020-05-25,1
2020-05-26,2
2020-05-27,0
2020-05-28,1
2020-05-29,0
2020-05-30,4
2020-05-31,2
2020-06-01,3
2020-06-02,1
2020-06-03,4
2020-06-04,2
2020-06-05,3
2020-06-06,2
2020-06-07,4
2020-06-08,2
2020-06-09,1
2020-06-10,0
2020-06-11,2
2020-06-12,3
2020-06-13,1
2020-06-14,4
2020-06-15,4
2020-06-16,3
2020-06-17,1
2020-06-18,3
2020-06-19,2
2020-06-20,1
2020-06-21,1
2020-06-22,3
2020-06-23,0
2020-06-24,1
2020-06-25,1
2020-06-26,3
2020-06-27,4
2020-06-28,2
2020-06-29,4
2020-06-30,7
2020-07-01,1
2020-07-02,1
2020-07-03,0
2020-07-04,1
2020-07-05,0
2020-07-06,2
2020-07-07,2
2020-07-08,2
2020-07-09,2
2020-07-10,1
2020-07-11,2
2020-07-12,1
2020-07-13,0
2020-07-14,3
2020-07-15,1
2020-07-16,1
2020-07-17,1
2020-07-18,2
2020-07-19,0
2020-07-20,0
2020-07-21,2
2020-07-22,6
2020-07-23,2
2020-07-24,2
2020-07-25,3
2020-07-26,2
2020-07-27,3
2020-07-28,1
2020-07-29,2
2020-07-30,1
2020-07-31,0
2020-08-01,1
2020-08-02,5
2020-08-03,1
2020-08-04,6
2020-08-05,3
2020-08-06,1
2020-08-07,3
2020-08-08,4
2020-08-09,2
2020-08-10,0
2020-08-11,3
2020-08-12,2
2020-08-13,1
2020-08-14,3
2020-08-15,0
2020-08-16,2
2020-08-17,1
2020-08-18,3
2020-08-19,0
2020-08-20,0
2020-08-21,2
2020-08-22,4
2020-08-23,1
2020-08-24,4
2020-08-25,0
2020-08-26,0
2020-08-27,1
2020-08-28,1
2020-08-29,3
2020-08-30,4
2020-08-31,1
2020-09-01,1
2020-09-02,1
2020-09-03,2
2020-09-04,1
2020-09-05,1
2020-09-06,1
2020-09-07,6
2020-09-08,1
2020-09-09,1
2020-09-10,2
2020-09-11,1
2020-09-12,0
2020-09-13,1
2020-09-14,2
2020-09-15,4
2020-09-16,1
2020-09-17,3
2020-09-18,2
2020-09-19,2
2020-09-20,1
2020-09-21,3
2020-09-22,0
2020-09-23,1
2020-09-24,1
2020-09-25,1
2020-09-26,0
2020-09-27,1
2020-09-28,4
2020-09-29,2
2020-09-30,1
2020-10-01,1
2020-10-02,1
2020-10-03,3
2020-10-04,2
2020-10-05,0
2020-10-06,2
2020-10-07,4
2020-10-08,1
2020-10-09,1
2020-10-10,2
2020-10-11,2
2020-10-12,1
2020-10-13,1
2020-10-14,1
2020-10-15,2
2020-10-16,1
2020-10-17,3
2020-10-18,4
2020-10-19,7
2020-10-20,2
2020-10-21,1
2020-10-22,0
2020-10-23,5
2020-10-24,0
2020-10-25,2
2020-10-26,9
2020-10-27,2
2020-10-28,2
2020-10-29,2
2020-10-30,3
2020-10-31,0
2020-11-01,2
2020-11-02,3
2020-11-03,3
2020-11-04,1
2020-11-05,2
2020-11-06,6
2020-11-07,1
2020-11-08,1
2020-11-09,1
2020-11-10,4
2020-11-11,0
2020-11-12,3
2020-11-13,6
2020-11-14,5
2020-11-15,1
2020-11-16,1
2020-11-17,1
2020-11-18,3
2020-11-19,3
2020-11-20,5
2020-11-21,2
2020-11-22,2
2020-11-23,2
2020-11-24,1
2020-11-25,2
2020-11-26,2
2020-11-27,4
2020-11-28,3
2020-11-29,3
2020-11-30,3
2020-12-01,1
2020-12-02,3
2020-12-03,1
2020-12-04,3
2020-12-05,2
2020-12-06,5
2020-12-07,2
2020-12-08,3
2020-12-09,5
2020-12-10,2
2020-12-11,0
2020-12-12,1
2020-12-13,1
2020-12-14,4
2020-12-15,0
2020-12-16,2
2020-12-17,3
2020-12-18,2
2020-12-19,1
2020-12-20,0
2020-12-21,4
2020-12-22,0
2020-12-23,1
2020-12-24,5
2020-12-25,2
2020-12-26,2
2020-12-27,2
2020-12-28,1
2020-12-29,1
2020-12-30,1
2020-12-31,2
2021-01-01,1
2021-01-02,0
2021-01-03,2
2021-01-04,5
2021-01-05,3
2021-01-06,2
2021-01-07,1
2021-01-08,6
2021-01-09,2
2021-01-10,1
2021-01-11,2
2021-01-12,2
2021-01-13,2
2021-01-14,4
2021-01-15,0
2021-01-16,3
2021-01-17,3
2021-01-18,0
2021-01-19,2
2021-01-20,5
2021-01-21,1
2021-01-22,3
2021-01-23,0
2021-01-24,1
2021-01-25,1
2021-01-26,3
2021-01-27,1
2021-01-28,3
2021-01-29,1
2021-01-30,0
2021-01-31,2
2021-02-01,2
2021-02-02,1
2021-02-03,0
2021-02-04,1
2021-02-05,1
2021-02-06,1
2021-02-07,1
2021-02-08,1
2021-02-09,3
2021-02-10,3
2021-02-11,1
2021-02-12,0
2021-02-13,1
2021-02-14,0
2021-02-15,0
2021-02-16,6
2021-02-17,7
2021-02-18,1
2021-02-19,2
2021-02-20,4
2021-02-21,1
2021-02-22,3
2021-02-23,1
2021-02-24,1
2021-02-25,2
2021-02-26,5
2021-02-27,0
2021-02-28,2
2021-03-01,2
2021-03-02,2
2021-03-03,2
2021-03-04,1
2021-03-05,2
2021-03-06,2
2021-03-07,3
2021-03-08,2
2021-03-09,4
2021-03-10,5
2021-03-11,2
2021-03-12,2
2021-03-13,6
2021-03-14,1
2021-03-15,0
2021-03-16,0
2021-03-17,0
2021-03-18,2
2021-03-19,2
2021-03-20,2
2021-03-21,1
2021-03-22,3
2021-03-23,1
2021-03-24,2
2021-03-25,0
2021-03-26,2
2021-03-27,2
2021-03-28,1
2021-03-29,0
2021-03-30,1
2021-03-31,2
2021-04-01,2
2021-04-02,3
2021-04-03,1
2021-04-04,1
2021-04-05,2
2021-04-06,2
2021-04-07,1
2021-04-08,2
2021-04-09,1
2021-04-10,2
2021-04-11,5
2021-04-12,0
2021-04-13,0
2021-04-14,1
2021-04-15,1
2021-04-16,4
2021-04-17,0
2021-04-18,0
2021-04-19,1
2021-04-20,2
2021-04-21,3
2021-04-22,2
2021-04-23,0
2021-04-24,1
2021-04-25,2
2021-04-26,3
2021-04-27,1
2021-04-28,5
2021-04-29,2
2021-04-30,1
2021-05-01,2
2021-05-02,0
2021-05-03,4
2021-05-04,3
2021-05-05,2
2021-05-06,2
2021-05-07,1
2021-05-08,3
2021-05-09,3
2021-05-10,1
2021-05-11,2
2021-05-12,1
2021-05-13,4
2021-05-14,1
2021-05-15,1
2021-05-16,2
2021-05-17,4
2021-05-18,1
2021-05-19,2
2021-05-20,3
2021-05-21,3
2021-05-22,4
2021-05-23,2
2021-05-24,0
2021-05-25,2
2021-05-26,3
2021-05-27,6
2021-05-28,5
2021-05-29,0
2021-05-30,0
2021-05-31,3
2021-06-01,2
2021-06-02,1
2021-06-03,4
2021-06-04,1
2021-06-05,1
2021-06-06,5
2021-06-07,1
2021-06-08,2
2021-06-09,9
2021-06-10,2
2021-06-11,2
2021-06-12,2
2021-06-13,0
2021-06-14,0
2021-06-15,1
2021-06-16,1
2021-06-17,0
2021-06-18,1
2021-06-19,1
2021-06-20,0
2021-06-21,1
2021-06-22,0
2021-06-23,0
2021-06-24,0
2021-06-25,1
2021-06-26,1
2021-06-27,1
2021-06-28,5
2021-06-29,2
2021-06-30,0
2021-07-01,0
2021-07-02,2
2021-07-03,1
2021-07-04,0
2021-07-05,1
2021-07-06,1
2021-07-07,0
2021-07-08,1
2021-07-09,1
2021-07-10,1
2021-07-11,3
2021-07-12,1
2021-07-13,0
2021-07-14,2
2021-07-15,0
2021-07-16,2
2021-07-17,0
2021-07-18,2
2021-07-19,1
2021-07-20,4
2021-07-21,2
2021-07-22,1
2021-07-23,0
2021-07-24,1
2021-07-25,6
2021-07-26,0
2021-07-27,5
2021-07-28,3
2021-07-29,0
2021-07-30,4
2021-07-31,0
2021-08-01,1
2021-08-02,4
2021-08-03,4
2021-08-04,0
2021-08-05,2
2021-08-06,0
2021-08-07,0
2021-08-08,1
2021-08-09,2
2021-08-10,2
2021-08-11,0
2021-08-12,2
2021-08-13,1
2021-08-14,3
2021-08-15,1
2021-08-16,4
2021-08-17,4
2021-08-18,5
2021-08-19,8
2021-08-20,11
2021-08-21,5
2021-08-22,5
2021-08-23,5
2021-08-24,2
2021-08-25,0
2021-08-26,7
2021-08-27,3
2021-08-28,4
2021-08-29,3
2021-08-30,0
2021-08-31,2
2021-09-01,0
2021-09-02,3
2021-09-03,2
2021-09-04,0
2021-09-05,1
2021-09-06,1
2021-09-07,0
2021-09-08,0
2021-09-09,0
2021-09-10,1
2021-09-11,1
2021-09-12,0
2021-09-13,2
2021-09-14,1
2021-09-15,1
2021-09-16,1
2021-09-17,6
2021-09-18,1
2021-09-19,2
2021-09-20,0
2021-09-21,2
2021-09-22,0
2021-09-23,2
2021-09-24,1
2021-09-25,5
2021-09-26,1
2021-09-27,6
2021-09-28,4
2021-09-29,4
2021-09-30,1
2021-10-01,1
2021-10-02,1
2021-10-03,2
2021-10-04,0
2021-10-05,2
2021-10-06,4
2021-10-07,4
2021-10-08,0
2021-10-09,1
2021-10-10,0
2021-10-11,0
2021-10-12,0
2021-10-13,1
2021-10-14,4
2021-10-15,0
2021-10-16,2
2021-10-17,1
2021-10-18,1
2021-10-19,1
2021-10-20,0
2021-10-21,2
2021-10-22,0
2021-10-23,0
2021-10-24,3
2021-10-25,2
2021-10-26,1
2021-10-27,0
2021-10-28,0
2021-10-29,3
2021-10-30,2
2021-10-31,4
2021-11-01,4
2021-11-02,3
2021-11-03,4
2021-11-04,0
2021-11-05,2
2021-11-06,0
2021-11-07,1
2021-11-08,3
2021-11-09,1
2021-11-10,1
2021-11-11,1
2021-11-12,1
2021-11-13,0
2021-11-14,2
2021-11-15,0
2021-11-16,1
2021-11-17,0
2021-11-18,2
2021-11-19,1
2021-11-20,2
2021-11-21,3
2021-11-22,0
2021-11-23,0
2021-11-24,2
2021-11-25,2
2021-11-26,1
2021-11-27,1
2021-11-28,5
2021-11-29,1
2021-11-30,1
2021-12-01,1
2021-12-02,3
2021-12-03,0
2021-12-04,4
2021-12-05,1
2021-12-06,0
2021-12-07,1
2021-12-08,4
2021-12-09,4
2021-12-10,1
2021-12-11,2
2021-12-12,1
2021-12-13,0
2021-12-14,0
2021-12-15,1
2021-12-16,1
2021-12-17,2
2021-12-18,1
2021-12-19,1
2021-12-20,0
2021-12-21,0
2021-12-22,0
2021-12-23,0
2021-12-24,0
2021-12-25,1
2021-12-26,1
2021-12-27,1
2021-12-28,3
2021-12-29,1
2021-12-30,3
2021-12-31,2
2022-01-01,1
2022-01-02,2
2022-01-03,0
2022-01-04,2
2022-01-05,2
2022-01-06,3
2022-01-07,1
2022-01-08,2
2022-01-09,5
2022-01-10,0
2022-01-11,1
2022-01-12,2
2022-01-13,0
2022-01-14,2
2022-01-15,4
2022-01-16,2
2022-01-17,2
2022-01-18,4
2022-01-19,4
2022-01-20,1
2022-01-21,1
2022-01-22,1
2022-01-23,1
2022-01-24,2
2022-01-25,3
2022-01-26,3
2022-01-27,4
2022-01-28,4
2022-01-29,0
2022-01-30,2
2022-01-31,1
2022-02-01,4
2022-02-02,2
2022-02-03,1
2022-02-04,3
2022-02-05,1
2022-02-06,1
2022-02-07,2
2022-02-08,4
2022-02-09,1
2022-02-10,2
2022-02-11,1
2022-02-12,3
2022-02-13,1
2022-02-14,1
2022-02-15,1
2022-02-16,6
2022-02-17,0
2022-02-18,0
2022-02-19,2
2022-02-20,0
2022-02-21,2
2022-02-22,0
2022-02-23,3
2022-02-24,0
2022-02-25,1
2022-02-26,0
2022-02-27,1
2022-02-28,1
2022-03-01,7
2022-03-02,7
2022-03-03,2
2022-03-04,4
2022-03-05,4
2022-03-06,0
2022-03-07,6
2022-03-08,2
2022-03-09,1
2022-03-10,2
2022-03-11,0
2022-03-12,2
2022-03-13,1
2022-03-14,5
2022-03-15,1
2022-03-16,0
2022-03-17,0
2022-03-18,1
2022-03-19,2
2022-03-20,4
2022-03-21,2
2022-03-22,3
2022-03-23,1
2022-03-24,4
2022-03-25,1
2022-03-26,0
2022-03-27,1
2022-03-28,2
2022-03-29,3
2022-03-30,2
2022-03-31,4
2022-04-01,5
2022-04-02,0
2022-04-03,4
2022-04-04,3
2022-04-05,0
2022-04-06,2
2022-04-07,3
2022-04-08,3
2022-04-09,1
2022-04-10,2
2022-04-11,0
2022-04-12,0
2022-04-13,2
2022-04-14,3
2022-04-15,1
2022-04-16,6
2022-04-17,0
2022-04-18,3
2022-04-19,3
2022-04-20,2
2022-04-21,1
2022-04-22,3
2022-04-23,4
2022-04-24,0
2022-04-25,3
2022-04-26,2
2022-04-27,3
2022-04-28,4
2022-04-29,2
2022-04-30,1
2022-05-01,3
2022-05-02,1
2022-05-03,3
2022-05-04,2
2022-05-05,2
2022-05-06,3
2022-05-07,1
2022-05-08,2
2022-05-09,2
2022-05-10,6
2022-05-11,7
2022-05-12,1
2022-05-13,2
2022-05-14,3
2022-05-15,3
2022-05-16,6
2022-05-17,3
2022-05-18,2
2022-05-19,3
2022-05-20,1
2022-05-21,1
2022-05-22,3
2022-05-23,1
2022-05-24,0
2022-05-25,2
2022-05-26,2
2022-05-27,3
2022-05-28,1
2022-05-29,4
2022-05-30,3
2022-05-31,0
2022-06-01,3
2022-06-02,1
2022-06-03,1
2022-06-04,2
2022-06-05,0
2022-06-06,1
2022-06-07,1
2022-06-08,1
2022-06-09,0
2022-06-10,1
2022-06-11,2
2022-06-12,1
2022-06-13,0
2022-06-14,3
2022-06-15,4
2022-06-16,3
2022-06-17,3
2022-06-18,4
2022-06-19,2
2022-06-20,1
2022-06-21,2
2022-06-22,3
2022-06-23,2
2022-06-24,2
2022-06-25,3
2022-06-26,6
2022-06-27,4
2022-06-28,0
2022-06-29,4
2022-06-30,3
2022-07-01,0
2022-07-02,0
2022-07-03,3
2022-07-04,6
2022-07-05,1
2022-07-06,1
2022-07-07,4
2022-07-08,1
2022-07-09,0
2022-07-10,2
2022-07-11,3
2022-07-12,0
2022-07-13,2
2022-07-14,1
2022-07-15,2
2022-07-16,0
2022-07-17,1
2022-07-18,1
2022-07-19,8
2022-07-20,3
2022-07-21,2
2022-07-22,2
2022-07-23,4
2022-07-24,1
2022-07-25,6
2022-07-26,4
2022-07-27,3
2022-07-28,0
2022-07-29,1
2022-07-30,4
2022-07-31,0
2022-08-01,0
2022-08-02,1
2022-08-03,2
2022-08-04,1
2022-08-05,2
2022-08-06,4
2022-08-07,3
2022-08-08,5
2022-08-09,3
2022-08-10,4
2022-08-11,2
2022-08-12,4
2022-08-13,1
2022-08-14,1
2022-08-15,2
2022-08-16,3
2022-08-17,1
2022-08-18,2
2022-08-19,2
2022-08-20,4
2022-08-21,8
2022-08-22,4
2022-08-23,5
2022-08-24,4
2022-08-25,3
2022-08-26,1
2022-08-27,1
2022-08-28,2
2022-08-29,4
2022-08-30,2
2022-08-31,0
2022-09-01,4
2022-09-02,1
2022-09-03,2
2022-09-04,6
2022-09-05,3
2022-09-06,2
2022-09-07,0
2022-09-08,1
2022-09-09,2
2022-09-10,1
2022-09-11,2
2022-09-12,4
2022-09-13,4
2022-09-14,3
2022-09-15,5
2022-09-16,0
2022-09-17,1
2022-09-18,1
2022-09-19,1
2022-09-20,1
2022-09-21,1
2022-09-22,1
2022-09-23,2
2022-09-24,4
2022-09-25,0
2022-09-26,3
2022-09-27,0
2022-09-28,4
2022-09-29,2
2022-09-30,5
2022-10-01,3
2022-10-02,1
2022-10-03,1
2022-10-04,2
2022-10-05,3
2022-10-06,1
2022-10-07,2
2022-10-08,4
2022-10-09,0
2022-10-10,2
2022-10-11,0
2022-10-12,2
2022-10-13,3
2022-10-14,0
2022-10-15,2
2022-10-16,0
2022-10-17,1
2022-10-18,0
2022-10-19,2
2022-10-20,0
2022-10-21,3
2022-10-22,2
2022-10-23,1
2022-10-24,2
2022-10-25,3
2022-10-26,1
2022-10-27,0
2022-10-28,2
2022-10-29,0
2022-10-30,2
2022-10-31,1
2022-11-01,1
2022-11-02,2
2022-11-03,3
2022-11-04,2
2022-11-05,4
2022-11-06,1
2022-11-07,0
2022-11-08,4
2022-11-09,1
2022-11-10,2
2022-11-11,2
2022-11-12,3
2022-11-13,0
2022-11-14,0
2022-11-15,2
2022-11-16,2
2022-11-17,2
2022-11-18,3
2022-11-19,2
2022-11-20,3
2022-11-21,4
2022-11-22,4
2022-11-23,1
2022-11-24,2
2022-11-25,4
2022-11-26,1
2022-11-27,1
2022-11-28,1
2022-11-29,4
2022-11-30,0
2022-12-01,0
2022-12-02,5
2022-12-03,0
2022-12-04,0
2022-12-05,0
2022-12-06,0
2022-12-07,0
2022-12-08,0
2022-12-09,1
2022-12-10,0
2022-12-11,1
2022-12-12,3
2022-12-13,2
2022-12-14,2
2022-12-15,1
2022-12-16,3
2022-12-17,1
2022-12-18,1
2022-12-19,3
2022-12-20,4
2022-12-21,1
2022-12-22,1
2022-12-23,0
2022-12-24,4
2022-12-25,1
2022-12-26,2
2022-12-27,2
2022-12-28,1
2022-12-29,0
2022-12-30,1
2022-12-31,1
2023-01-01,2
2023-01-02,0
2023-01-03,3
2023-01-04,4
2023-01-05,1
2023-01-06,0
2023-01-07,3
2023-01-08,0
2023-01-09,6
2023-01-10,0
2023-01-11,2
2023-01-12,2
2023-01-13,0
2023-01-14,0
2023-01-15,1
2023-01-16,1
2023-01-17,2
2023-01-18,1
2023-01-19,0
2023-01-20,2
2023-01-21,0
2023-01-22,0
2023-01-23,1
2023-01-24,0
2023-01-25,0
2023-01-26,0
2023-01-27,0
2023-01-28,1
2023-01-29,0
2023-01-30,1
2023-01-31,2
2023-02-01,0
2023-02-02,0
2023-02-03,0
2023-02-04,2
2023-02-05,0
2023-02-06,1
2023-02-07,0
2023-02-08,0
2023-02-09,0
2023-02-10,0
2023-02-11,0
2023-02-12,0
2023-02-13,0
2023-02-14,0
2023-02-15,0
2023-02-16,0
2023-02-17,0
2023-02-18,0
2023-02-19,1
2023-02-20,0
2023-02-21,1
2023-02-22,0
2023-02-23,0
2023-02-24,2
2023-02-25,0
2023-02-26,0
2023-02-27,0
2023-02-28,0
2023-03-01,0
2023-03-02,0
2023-03-03,0
2023-03-04,0
2023-03-05,0
2023-03-06,0
2023-03-07,0
2023-03-08,0
2023-03-09,0
2023-03-10,0
2023-03-11,1
2023-03-12,0
2023-03-13,0
2023-03-14,1
2023-03-15,0
2023-03-16,0
2023-03-17,2
2023-03-18,0
2023-03-19,1
2023-03-20,2
2023-03-21,0
2023-03-22,0
2023-03-23,0
2023-03-24,0
2023-03-25,1
2023-03-26,2
2023-03-27,0
2023-03-28,0
2023-03-29,0
2023-03-30,0
2023-03-31,0
2023-04-01,1
2023-04-02,1
2023-04-03,0
2023-04-04,0
2023-04-05,0
2023-04-06,1
2023-04-07,1
2023-04-08,0
2023-04-09,0
2023-04-10,1
2023-04-11,0
2023-04-12,0
2023-04-13,1
2023-04-14,1
2023-04-15,0
2023-04-16,1
2023-04-17,0
2023-04-18,0
2023-04-19,0
2023-04-20,0
2023-04-21,0
2023-04-22,1
2023-04-23,0
2023-04-24,2
2023-04-25,1
2023-04-26,1
2023-04-27,0
2023-04-28,0
2023-04-29,0
2023-04-30,0
2023-05-01,1
2023-05-02,1
2023-05-03,0
2023-05-04,1
2023-05-05,1
2023-05-06,0
2023-05-07,2
2023-05-08,0
2023-05-09,1
2023-05-10,1
2023-05-11,1
2023-05-12,1
2023-05-13,0
2023-05-14,0
2023-05-15,1
2023-05-16,0
2023-05-17,0
2023-05-18,0
2023-05-19,2
2023-05-20,0
2023-05-21,0
2023-05-22,0
2023-05-23,1
2023-05-24,0
2023-05-25,0
2023-05-26,0
2023-05-27,1
2023-05-28,0
2023-05-29,0
2023-05-30,1
2023-05-31,0
2023-06-01,0
2023-06-02,0
2023-06-03,0
2023-06-04,0
2023-06-05,0
2023-06-06,0
2023-06-07,0
2023-06-08,1
2023-06-09,0
2023-06-10,0
2023-06-11,0
2023-06-12,1
2023-06-13,1
2023-06-14,0
2023-06-15,0
2023-06-16,1
2023-06-17,0
2023-06-18,0
2023-06-19,0
2023-06-20,0
2023-06-21,0
2023-06-22,0
2023-06-23,0
2023-06-24,0
2023-06-25,1
2023-06-26,0
2023-06-27,0
2023-06-28,0
2023-06-29,0
2023-06-30,0
2023-07-01,0
2023-07-02,0
2023-07-03,0
2023-07-04,0
2023-07-05,0
2023-07-06,0
2023-07-07,0
2023-07-08,2
2023-07-09,0
2023-07-10,1
2023-07-11,0
2023-07-12,0
2023-07-13,0
2023-07-14,0
2023-07-15,0
2023-07-16,0
2023-07-17,2
2023-07-18,1
2023-07-19,0
2023-07-20,0
2023-07-21,0
2023-07-22,0
2023-07-23,0
2023-07-24,0
2023-07-25,0
2023-07-26,1
2023-07-27,0
2023-07-28,0
2023-07-29,0
2023-07-30,0
2023-07-31,1
2023-08-01,1
2023-08-02,1
2023-08-03,0
2023-08-04,0
2023-08-05,0
2023-08-06,1
2023-08-07,0
2023-08-08,0
2023-08-09,0
2023-08-10,0
2023-08-11,0
2023-08-12,0
2023-08-13,0
2023-08-14,1
2023-08-15,1
2023-08-16,0
2023-08-17,0
2023-08-18,0
2023-08-19,0
2023-08-20,0
2023-08-21,1
2023-08-22,0
2023-08-23,0
2023-08-24,0
2023-08-25,0
2023-08-26,1
2023-08-27,1
2023-08-28,1
2023-08-29,0
2023-08-30,0
2023-08-31,1
2023-09-01,0
2023-09-02,0
2023-09-03,1
2023-09-04,0
2023-09-05,0
2023-09-06,0
2023-09-07,0
2023-09-08,1
2023-09-09,0
2023-09-10,0
2023-09-11,1
2023-09-12,0
2023-09-13,1
2023-09-14,3
2023-09-15,1
2023-09-16,0
2023-09-17,0
2023-09-18,1
2023-09-19,1
2023-09-20,4
2023-09-21,1
2023-09-22,1
2023-09-23,0
2023-09-24,0
2023-09-25,1
2023-09-26,2
2023-09-27,1
2023-09-28,3
2023-09-29,3
2023-09-30,1
2023-10-01,2
2023-10-02,2
2023-10-03,1
2023-10-04,2
2023-10-05,2
2023-10-06,3
2023-10-07,3
2023-10-08,0
2023-10-09,2
2023-10-10,0
2023-10-11,3
2023-10-12,0
2023-10-13,1
2023-10-14,1
2023-10-15,3
2023-10-16,1
2023-10-17,0
2023-10-18,0
2023-10-19,2
2023-10-20,0
2023-10-21,1
2023-10-22,2
2023-10-23,1
2023-10-24,0
2023-10-25,4
2023-10-26,1
2023-10-27,1
2023-10-28,1
2023-10-29,1
2023-10-30,0
2023-10-31,0
2023-11-01,2
2023-11-02,0
2023-11-03,0
2023-11-04,0
2023-11-05,2
2023-11-06,1
2023-11-07,1
2023-11-08,1
2023-11-09,1
2023-11-10,0
2023-11-11,0
2023-11-12,1
2023-11-13,0
2023-11-14,3
2023-11-15,0
2023-11-16,2
2023-11-17,3
2023-11-18,0
2023-11-19,0
2023-11-20,0
2023-11-21,1
2023-11-22,1
2023-11-23,3
2023-11-24,1
2023-11-25,0
2023-11-26,2
2023-11-27,0
2023-11-28,1
2023-11-29,0
2023-11-30,2
2023-12-01,0
2023-12-02,1
2023-12-03,2
2023-12-04,2
2023-12-05,1
2023-12-06,0
2023-12-07,0
2023-12-08,2
2023-12-09,0
2023-12-10,0
2023-12-11,4
2023-12-12,0
2023-12-13,1
2023-12-14,1
2023-12-15,2
2023-12-16,1
2023-12-17,0
2023-12-18,1
2023-12-19,4
2023-12-20,1
2023-12-21,0
2023-12-22,1
2023-12-23,5
2023-12-24,0
2023-12-25,0
2023-12-26,1
2023-12-27,0
2023-12-28,2
2023-12-29,2
2023-12-30,1
2023-12-31,1
2024-01-01,1
2024-01-02,2
2024-01-03,3
2024-01-04,6
2024-01-05,2
2024-01-06,3
2024-01-07,0
2024-01-08,1
2024-01-09,2
2024-01-10,1
2024-01-11,2
2024-01-12,2
2024-01-13,6
2024-01-14,2
2024-01-15,1
2024-01-16,0
2024-01-17,1
2024-01-18,2
2024-01-19,1
2024-01-20,1
2024-01-21,2
2024-01-22,0
2024-01-23,3
2024-01-24,2
2024-01-25,3
2024-01-26,4
2024-01-27,0
2024-01-28,1
2024-01-29,2
2024-01-30,1
2024-01-31,3
2024-02-01,1
2024-02-02,2
2024-02-03,3
2024-02-04,1
2024-02-05,1
2024-02-06,0
2024-02-07,5
2024-02-08,1
2024-02-09,4
2024-02-10,0
2024-02-11,3
2024-02-12,1
2024-02-13,5
2024-02-14,2
2024-02-15,2
2024-02-16,0
2024-02-17,1
2024-02-18,2
2024-02-19,2
2024-02-20,4
2024-02-21,2
2024-02-22,1
2024-02-23,1
2024-02-24,1
2024-02-25,7
2024-02-26,1
2024-02-27,0
2024-02-28,3
2024-02-29,1
2024-03-01,0
2024-03-02,1
2024-03-03,2
2024-03-04,0
2024-03-05,1
2024-03-06,2
2024-03-07,2
2024-03-08,2
2024-03-09,1
2024-03-10,3
2024-03-11,2
2024-03-12,4
2024-03-13,1
2024-03-14,1
2024-03-15,1
2024-03-16,2
2024-03-17,0
2024-03-18,5
2024-03-19,2
2024-03-20,3
2024-03-21,1
2024-03-22,1
2024-03-23,1
2024-03-24,3
2024-03-25,2
2024-03-26,1
2024-03-27,7
2024-03-28,3
2024-03-29,0
2024-03-30,0
2024-03-31,3
2024-04-01,1
2024-04-02,2
2024-04-03,2
2024-04-04,3
2024-04-05,0
2024-04-06,2
2024-04-07,1
2024-04-08,0
2024-04-09,2
2024-04-10,1
2024-04-11,5
2024-04-12,3
2024-04-13,3
2024-04-14,3
2024-04-15,2
2024-04-16,2
2024-04-17,2
2024-04-18,0
2024-04-19,1
2024-04-20,6
2024-04-21,4
2024-04-22,4
2024-04-23,1
2024-04-24,3
2024-04-25,3
2024-04-26,1
2024-04-27,1
2024-04-28,25
2024-04-29,34
2024-04-30,23
2024-05-01,25
2024-05-02,35
2024-05-03,27
2024-05-04,19
2024-05-05,19
2024-05-06,19
2024-05-07,20
2024-05-08,12
2024-05-09,15
2024-05-10,9
2024-05-11,8
2024-05-12,21
2024-05-13,11
2024-05-14,18
2024-05-15,20
2024-05-16,11
2024-05-17,14
2024-05-18,25
2024-05-19,27
2024-05-20,34
2024-05-21,46
2024-05-22,42
2024-05-23,35
2024-05-24,22
2024-05-25,24
2024-05-26,29
2024-05-27,34
2024-05-28,37
2024-05-29,31
2024-05-30,25
2024-05-31,26
2024-06-01,36
2024-06-02,31
2024-06-03,30
2024-06-04,35
2024-06-05,40
2024-06-06,30
2024-06-07,24
2024-06-08,27
2024-06-09,41
2024-06-10,40
2024-06-11,45
2024-06-12,47
2024-06-13,45
2024-06-14,41
2024-06-15,38
2024-06-16,38
2024-06-17,38
2024-06-18,33
2024-06-19,33
2024-06-20,34
2024-06-21,37
2024-06-22,36
2024-06-23,47
2024-06-24,43
2024-06-25,33
2024-06-26,27
2024-06-27,26
2024-06-28,41
2024-06-29,25
2024-06-30,24
2024-07-01,41
2024-07-02,25
2024-07-03,37
2024-07-04,50
2024-07-05,23
2024-07-06,35
2024-07-07,26
2024-07-08,25
2024-07-09,26
2024-07-10,28
2024-07-11,48
2024-07-12,39
2024-07-13,41
2024-07-14,27
2024-07-15,39
2024-07-16,33
2024-07-17,33
2024-07-18,38
2024-07-19,34
2024-07-20,29
2024-07-21,30
2024-07-22,31
2024-07-23,27
2024-07-24,25
2024-07-25,27
2024-07-26,34
2024-07-27,21
2024-07-28,25
2024-07-29,18
2024-07-30,32
2024-07-31,27
2024-08-01,36
2024-08-02,36
2024-08-03,28
2024-08-04,24
2024-08-05,27
2024-08-06,27
2024-08-07,17
2024-08-08,44
2024-08-09,21
2024-08-10,36
2024-08-11,27
2024-08-12,38
2024-08-13,16
2024-08-14,48
2024-08-15,34
2024-08-16,44
2024-08-17,33
2024-08-18,21
2024-08-19,23
2024-08-20,27
2024-08-21,31
2024-08-22,37
2024-08-23,40
2024-08-24,27
2024-08-25,54
2024-08-26,39
2024-08-27,27
2024-08-28,22
2024-08-29,29
2024-08-30,42
2024-08-31,28
2024-09-01,30
2024-09-02,26
2024-09-03,33
2024-09-04,36
2024-09-05,44
2024-09-06,51
2024-09-07,36
2024-09-08,51
2024-09-09,29
2024-09-10,28
2024-09-11,31
2024-09-12,46
2024-09-13,39
2024-09-14,32
2024-09-15,37
2024-09-16,38
2024-09-17,43
2024-09-18,32
2024-09-19,38
2024-09-20,42
2024-09-21,23
2024-09-22,33
2024-09-23,31
2024-09-24,47
2024-09-25,36
2024-09-26,38
2024-09-27,40
2024-09-28,48
2024-09-29,30
2024-09-30,33
2024-10-01,34
2024-10-02,25
2024-10-03,44
2024-10-04,40
2024-10-05,40
2024-10-06,35
2024-10-07,37
2024-10-08,32
2024-10-09,23
2024-10-10,23
2024-10-11,40
2024-10-12,32
2024-10-13,34
2024-10-14,44
2024-10-15,36
2024-10-16,28
2024-10-17,37
2024-10-18,42
2024-10-19,30
2024-10-20,30
2024-10-21,38
2024-10-22,55
2024-10-23,35
2024-10-24,33
2024-10-25,34
2024-10-26,46
2024-10-27,29
2024-10-28,26
2024-10-29,49
2024-10-30,23
2024-10-31,30
2024-11-01,31
2024-11-02,39
2024-11-03,33
2024-11-04,25
2024-11-05,32
2024-11-06,27
2024-11-07,31
2024-11-08,31
2024-11-09,26
2024-11-10,48
2024-11-11,40
2024-11-12,41
2024-11-13,42
2024-11-14,50
2024-11-15,37
2024-11-16,38
2024-11-17,39
2024-11-18,46
2024-11-19,36
2024-11-20,37
2024-11-21,34
2024-11-22,44
2024-11-23,38
2024-11-24,42
2024-11-25,41
2024-11-26,41
2024-11-27,43
2024-11-28,47
2024-11-29,48
2024-11-30,28
2024-12-01,35
2024-12-02,42
2024-12-03,35
2024-12-04,32
2024-12-05,49
2024-12-06,41
2024-12-07,59
2024-12-08,28
2024-12-09,32
2024-12-10,33
2024-12-11,47
2024-12-12,32
2024-12-13,41
2024-12-14,40
2024-12-15,50
2024-12-16,34
2024-12-17,39
2024-12-18,57
2024-12-19,50
2024-12-20,53
2024-12-21,39
2024-12-22,45
2024-12-23,29
2024-12-24,27
2024-12-25,30
2024-12-26,50
2024-12-27,37
2024-12-28,46
2024-12-29,58
2024-12-30,58
2024-12-31,40
2025-01-01,34
2025-01-02,53
2025-01-03,43
2025-01-04,41
2025-01-05,41
2025-01-06,56
2025-01-07,45
2025-01-08,39
2025-01-09,39
2025-01-10,46
2025-01-11,42
2025-01-12,37
2025-01-13,27
2025-01-14,25
2025-01-15,19
2025-01-16,50
2025-01-17,35
2025-01-18,46
2025-01-19,58
2025-01-20,43
2025-01-21,50
2025-01-22,56
2025-01-23,76
2025-01-24,40
2025-01-25,59
2025-01-26,44
2025-01-27,50
2025-01-28,35
2025-01-29,36
2025-01-30,46
2025-01-31,46
2025-02-01,39
2025-02-02,40
2025-02-03,45
2025-02-04,46
2025-02-05,41
2025-02-06,55
2025-02-07,49
2025-02-08,48
2025-02-09,46
2025-02-10,50
2025-02-11,46
2025-02-12,33
2025-02-13,50
2025-02-14,34
2025-02-15,46
2025-02-16,49
2025-02-17,52
2025-02-18,41
2025-02-19,44
2025-02-20,53
2025-02-21,34
2025-02-22,53
2025-02-23,71
2025-02-24,52
2025-02-25,75
2025-02-26,64
2025-02-27,94
2025-02-28,60
2025-03-01,66
2025-03-02,67
2025-03-03,46
2025-03-04,38
2025-03-05,57
2025-03-06,49
2025-03-07,39
2025-03-08,59
2025-03-09,56
2025-03-10,60
2025-03-11,39
2025-03-12,45
2025-03-13,73
2025-03-14,60
2025-03-15,60
2025-03-16,48
2025-03-17,66
2025-03-18,75
2025-03-19,58
2025-03-20,67
2025-03-21,40
2025-03-22,59
2025-03-23,81
2025-03-24,68
2025-03-25,57
2025-03-26,58
2025-03-27,59
2025-03-28,64
2025-03-29,43
2025-03-30,52
2025-03-31,55
2025-04-01,58
2025-04-02,88
2025-04-03,75
2025-04-04,67
2025-04-05,56
2025-04-06,76
2025-04-07,86
2025-04-08,77
2025-04-09,66
2025-04-10,80
2025-04-11,48
2025-04-12,69
2025-04-13,59
2025-04-14,40
2025-04-15,48
2025-04-16,56
2025-04-17,63
2025-04-18,60
2025-04-19,56
2025-04-20,45
2025-04-21,66
2025-04-22,51
2025-04-23,44
2025-04-24,49
2025-04-25,42
2025-04-26,53
2025-04-27,43
2025-04-28,45
2025-04-29,39
2025-04-30,55
2025-05-01,58
2025-05-02,48
2025-05-03,57
2025-05-04,65
2025-05-05,49
2025-05-06,38
2025-05-07,33
2025-05-08,48
2025-05-09,36
2025-05-10,53
2025-05-11,46
2025-05-12,55
2025-05-13,62
2025-05-14,54
2025-05-15,39
2025-05-16,32
2025-05-17,40
2025-05-18,21
2025-05-19,32
2025-05-20,46
2025-05-21,58
2025-05-22,37
2025-05-23,44
2025-05-24,50
2025-05-25,55
2025-05-26,38
2025-05-27,41
2025-05-28,25
2025-05-29,33
2025-05-30,34
2025-05-31,27
2025-06-01,46
2025-06-02,41
2025-06-03,26
2025-06-04,37
2025-06-05,31
2025-06-06,33
2025-06-07,24
2025-06-08,48
2025-06-09,36
2025-06-10,33
2025-06-11,26
2025-06-12,29
2025-06-13,30
2025-06-14,21
2025-06-15,21
2025-06-16,23
2025-06-17,26
2025-06-18,35
2025-06-19,29
2025-06-20,31
2025-06-21,24
2025-06-22,33
2025-06-23,27
2025-06-24,31
2025-06-25,29
2025-06-26,31
2025-06-27,27
2025-06-28,40
2025-06-29,36
2025-06-30,39
2025-07-01,38
2025-07-02,36
2025-07-03,24
2025-07-04,38
2025-07-05,32
2025-07-06,40
2025-07-07,32
2025-07-08,39
2025-07-09,32
2025-07-10,48
2025-07-11,36
2025-07-12,24
2025-07-13,30
2025-07-14,41
2025-07-15,25
2025-07-16,22
2025-07-17,24
2025-07-18,29
2025-07-19,21
2025-07-20,21
2025-07-21,29
2025-07-22,27
2025-07-23,33
2025-07-24,43
2025-07-25,24
2025-07-26,28
2025-07-27,37
2025-07-28,43
2025-07-29,28
2025-07-30,24
2025-07-31,25
2025-08-01,29
2025-08-02,22
2025-08-03,27
2025-08-04,26
2025-08-05,34
2025-08-06,87
2025-08-07,44
2025-08-08,25
2025-08-09,26
2025-08-10,37
2025-08-11,50
2025-08-12,48
2025-08-13,24
2025-08-14,33
2025-08-15,26
2025-08-16,32
2025-08-17,28
2025-08-18,34
2025-08-19,27
2025-08-20,15
2025-08-21,18
2025-08-22,32
2025-08-23,26
2025-08-24,27
2025-08-25,15
2025-08-26,35
2025-08-27,35
2025-08-28,37
2025-08-29,33
2025-08-30,19
2025-08-31,32
2025-09-01,17
2025-09-02,30
2025-09-03,36
2025-09-04,24
2025-09-05,34
2025-09-06,34
2025-09-07,22
2025-09-08,16
2025-09-09,25
2025-09-10,26
2025-09-11,21
2025-09-12,20
2025-09-13,32
2025-09-14,31
2025-09-15,32
2025-09-16,24
2025-09-17,22
2025-09-18,31
2025-09-19,23
2025-09-20,16
2025-09-21,17
2025-09-22,44
2025-09-23,28
2025-09-24,22
2025-09-25,16
2025-09-26,25
2025-09-27,21
2025-09-28,35
2025-09-29,21
2025-09-30,34
2025-10-01,19
2025-10-02,32
2025-10-03,28
2025-10-04,32
2025-10-05,19
2025-10-06,27
2025-10-07,18
2025-10-08,25
2025-10-09,21
2025-10-10,22
2025-10-11,16
2025-10-12,26
2025-10-13,27
2025-10-14,33
2025-10-15,28
2025-10-16,30
2025-10-17,29
2025-10-18,27
2025-10-19,20
2025-10-20,20
2025-10-21,18
2025-10-22,19
2025-10-23,23
2025-10-24,27
2025-10-25,40
2025-10-26,32
2025-10-27,27
2025-10-28,30
2025-10-29,37
2025-10-30,38
2025-10-31,37
2025-11-01,32
2025-11-02,28
2025-11-03,39
2025-11-04,27
2025-11-05,25
2025-11-06,23
2025-11-07,26
2025-11-08,36
2025-11-09,42
2025-11-10,44
2025-11-11,30
2025-11-12,24
2025-11-13,26
2025-11-14,24
2025-11-15,40
2025-11-16,22
2025-11-17,31
2025-11-18,26
2025-11-19,28
2025-11-20,37
2025-11-21,41
2025-11-22,27
2025-11-23,35
2025-11-24,21
2025-11-25,35
2025-11-26,43
2025-11-27,27
2025-11-28,23
2025-11-29,33
2025-11-30,23
2025-12-01,29
2025-12-02,22
2025-12-03,34
2025-12-04,33
2025-12-05,28
2025-12-06,46
2025-12-07,32
2025-12-08,26
2025-12-09,27
2025-12-10,26
2025-12-11,33
2025-12-12,48
2025-12-13,45
2025-12-14,62
2025-12-15,51
2025-12-16,34
2025-12-17,29
2025-12-18,58
2025-12-19,43
2025-12-20,41
2025-12-21,57
2025-12-22,683
2025-12-23,261
2025-12-24,214
2025-12-25,81
2025-12-26,118
2025-12-27,106
2025-12-28,83
2025-12-29,79
2025-12-30,78
2025-12-31,113
2026-01-01,74
2026-01-02,74
2026-01-03,50
2026-01-04,62
2026-01-05,94
2026-01-06,64
2026-01-07,55
2026-01-08,42
2026-01-09,42
2026-01-10,50
2026-01-11,45
2026-01-12,36
2026-01-13,40
2026-01-14,39
2026-01-15,61
2026-01-16,68
2026-01-17,66
2026-01-18,66
2026-01-19,59
2026-01-20,57
2026-01-21,40
2026-01-22,39
2026-01-23,48
2026-01-24,53
2026-01-25,80
2026-01-26,61
2026-01-27,63
2026-01-28,63
2026-01-29,55
2026-01-30,39
2026-01-31,54
2026-02-01,75
2026-02-02,73
2026-02-03,46
2026-02-04,40
2026-02-05,51
2026-02-06,55
2026-02-07,50
2026-02-08,57
2026-02-09,47
2026-02-10,53
2026-02-11,50
2026-02-12,32
2026-02-13,48
2026-02-14,48
2026-02-15,52
2026-02-16,60
2026-02-17,45
2026-02-18,43
2026-02-19,37
2026-02-20,42
2026-02-21,53
2026-02-22,60
2026-02-23,39
2026-02-24,38
2026-02-25,35
2026-02-26,26
2026-02-27,33
2026-02-28,25
2026-03-01,25
2026-03-02,17
2026-03-03,31
2026-03-04,20
2026-03-05,15
2026-03-06,22
2026-03-07,18
2026-03-08,11
2026-03-09,22
2026-03-10,13
2026-03-11,34
2026-03-12,13
2026-03-13,30
2026-03-14,29
2026-03-15,14
2026-03-16,24
2026-03-17,15
2026-03-18,17
2026-03-19,22
2026-03-20,17
2026-03-21,23
2026-03-22,33
2026-03-23,27
2026-03-24,19
2026-03-25,39
2026-03-26,34
2026-03-27,21
2026-03-28,23
2026-03-29,32
2026-03-30,38
2026-03-31,29
2026-04-01,23
2026-04-02,25
2026-04-03,15
2026-04-04,18
2026-04-05,18
2026-04-06,33
2026-04-07,32
2026-04-08,25
2026-04-09,28
2026-04-10,32
2026-04-11,20
2026-04-12,35
2026-04-13,21
