Date,"VSCO girl"
2015-07-01,0
2015-07-02,0
2015-07-03,0
2015-07-04,0
2015-07-05,0
2015-07-06,0
2015-07-07,0
2015-07-08,0
2015-07-09,0
2015-07-10,0
2015-07-11,0
2015-07-12,0
2015-07-13,0
2015-07-14,0
2015-07-15,0
2015-07-16,0
2015-07-17,0
2015-07-18,0
2015-07-19,0
2015-07-20,0
2015-07-21,0
2015-07-22,0
2015-07-23,0
2015-07-24,0
2015-07-25,0
2015-07-26,0
2015-07-27,0
2015-07-28,0
2015-07-29,0
2015-07-30,0
2015-07-31,0
2015-08-01,0
2015-08-02,0
2015-08-03,0
2015-08-04,0
2015-08-05,0
2015-08-06,0
2015-08-07,0
2015-08-08,0
2015-08-09,0
2015-08-10,0
2015-08-11,0
2015-08-12,0
2015-08-13,0
2015-08-14,0
2015-08-15,0
2015-08-16,0
2015-08-17,0
2015-08-18,0
2015-08-19,0
2015-08-20,0
2015-08-21,0
2015-08-22,0
2015-08-23,0
2015-08-24,0
2015-08-25,0
2015-08-26,0
2015-08-27,0
2015-08-28,0
2015-08-29,0
2015-08-30,0
2015-08-31,0
2015-09-01,0
2015-09-02,0
2015-09-03,0
2015-09-04,0
2015-09-05,0
2015-09-06,0
2015-09-07,0
2015-09-08,0
2015-09-09,0
2015-09-10,0
2015-09-11,0
2015-09-12,0
2015-09-13,0
2015-09-14,0
2015-09-15,0
2015-09-16,0
2015-09-17,0
2015-09-18,0
2015-09-19,0
2015-09-20,0
2015-09-21,0
2015-09-22,0
2015-09-23,0
2015-09-24,0
2015-09-25,0
2015-09-26,0
2015-09-27,0
2015-09-28,0
2015-09-29,0
2015-09-30,0
2015-10-01,0
2015-10-02,0
2015-10-03,0
2015-10-04,0
2015-10-05,0
2015-10-06,0
2015-10-07,0
2015-10-08,0
2015-10-09,0
2015-10-10,0
2015-10-11,0
2015-10-12,0
2015-10-13,0
2015-10-14,0
2015-10-15,0
2015-10-16,0
2015-10-17,0
2015-10-18,0
2015-10-19,0
2015-10-20,0
2015-10-21,0
2015-10-22,0
2015-10-23,0
2015-10-24,0
2015-10-25,0
2015-10-26,0
2015-10-27,0
2015-10-28,0
2015-10-29,0
2015-10-30,0
2015-10-31,0
2015-11-01,0
2015-11-02,0
2015-11-03,0
2015-11-04,0
2015-11-05,0
2015-11-06,0
2015-11-07,0
2015-11-08,0
2015-11-09,0
2015-11-10,0
2015-11-11,0
2015-11-12,0
2015-11-13,0
2015-11-14,0
2015-11-15,0
2015-11-16,0
2015-11-17,0
2015-11-18,0
2015-11-19,0
2015-11-20,0
2015-11-21,0
2015-11-22,0
2015-11-23,0
2015-11-24,0
2015-11-25,0
2015-11-26,0
2015-11-27,0
2015-11-28,0
2015-11-29,0
2015-11-30,0
2015-12-01,0
2015-12-02,0
2015-12-03,0
2015-12-04,0
2015-12-05,0
2015-12-06,0
2015-12-07,0
2015-12-08,0
2015-12-09,0
2015-12-10,0
2015-12-11,0
2015-12-12,0
2015-12-13,0
2015-12-14,0
2015-12-15,0
2015-12-16,0
2015-12-17,0
2015-12-18,0
2015-12-19,0
2015-12-20,0
2015-12-21,0
2015-12-22,0
2015-12-23,0
2015-12-24,0
2015-12-25,0
2015-12-26,0
2015-12-27,0
2015-12-28,0
2015-12-29,0
2015-12-30,0
2015-12-31,0
2016-01-01,0
2016-01-02,0
2016-01-03,0
2016-01-04,0
2016-01-05,0
2016-01-06,0
2016-01-07,0
2016-01-08,0
2016-01-09,0
2016-01-10,0
2016-01-11,0
2016-01-12,0
2016-01-13,0
2016-01-14,0
2016-01-15,0
2016-01-16,0
2016-01-17,0
2016-01-18,0
2016-01-19,0
2016-01-20,0
2016-01-21,0
2016-01-22,0
2016-01-23,0
2016-01-24,0
2016-01-25,0
2016-01-26,0
2016-01-27,0
2016-01-28,0
2016-01-29,0
2016-01-30,0
2016-01-31,0
2016-02-01,0
2016-02-02,0
2016-02-03,0
2016-02-04,0
2016-02-05,0
2016-02-06,0
2016-02-07,0
2016-02-08,0
2016-02-09,0
2016-02-10,0
2016-02-11,0
2016-02-12,0
2016-02-13,0
2016-02-14,0
2016-02-15,0
2016-02-16,0
2016-02-17,0
2016-02-18,0
2016-02-19,0
2016-02-20,0
2016-02-21,0
2016-02-22,0
2016-02-23,0
2016-02-24,0
2016-02-25,0
2016-02-26,0
2016-02-27,0
2016-02-28,0
2016-02-29,0
2016-03-01,0
2016-03-02,0
2016-03-03,0
2016-03-04,0
2016-03-05,0
2016-03-06,0
2016-03-07,0
2016-03-08,0
2016-03-09,0
2016-03-10,0
2016-03-11,0
2016-03-12,0
2016-03-13,0
2016-03-14,0
2016-03-15,0
2016-03-16,0
2016-03-17,0
2016-03-18,0
2016-03-19,0
2016-03-20,0
2016-03-21,0
2016-03-22,0
2016-03-23,0
2016-03-24,0
2016-03-25,0
2016-03-26,0
2016-03-27,0
2016-03-28,0
2016-03-29,0
2016-03-30,0
2016-03-31,0
2016-04-01,0
2016-04-02,0
2016-04-03,0
2016-04-04,0
2016-04-05,0
2016-04-06,0
2016-04-07,0
2016-04-08,0
2016-04-09,0
2016-04-10,0
2016-04-11,0
2016-04-12,0
2016-04-13,0
2016-04-14,0
2016-04-15,0
2016-04-16,0
2016-04-17,0
2016-04-18,0
2016-04-19,0
2016-04-20,0
2016-04-21,0
2016-04-22,0
2016-04-23,0
2016-04-24,0
2016-04-25,0
2016-04-26,0
2016-04-27,0
2016-04-28,0
2016-04-29,0
2016-04-30,0
2016-05-01,0
2016-05-02,0
2016-05-03,0
2016-05-04,0
2016-05-05,0
2016-05-06,0
2016-05-07,0
2016-05-08,0
2016-05-09,0
2016-05-10,0
2016-05-11,0
2016-05-12,0
2016-05-13,0
2016-05-14,0
2016-05-15,0
2016-05-16,0
2016-05-17,0
2016-05-18,0
2016-05-19,0
2016-05-20,0
2016-05-21,0
2016-05-22,0
2016-05-23,0
2016-05-24,0
2016-05-25,0
2016-05-26,0
2016-05-27,0
2016-05-28,0
2016-05-29,0
2016-05-30,0
2016-05-31,0
2016-06-01,0
2016-06-02,0
2016-06-03,0
2016-06-04,0
2016-06-05,0
2016-06-06,0
2016-06-07,0
2016-06-08,0
2016-06-09,0
2016-06-10,0
2016-06-11,0
2016-06-12,0
2016-06-13,0
2016-06-14,0
2016-06-15,0
2016-06-16,0
2016-06-17,0
2016-06-18,0
2016-06-19,0
2016-06-20,0
2016-06-21,0
2016-06-22,0
2016-06-23,0
2016-06-24,0
2016-06-25,0
2016-06-26,0
2016-06-27,0
2016-06-28,0
2016-06-29,0
2016-06-30,0
2016-07-01,0
2016-07-02,0
2016-07-03,0
2016-07-04,0
2016-07-05,0
2016-07-06,0
2016-07-07,0
2016-07-08,0
2016-07-09,0
2016-07-10,0
2016-07-11,0
2016-07-12,0
2016-07-13,0
2016-07-14,0
2016-07-15,0
2016-07-16,0
2016-07-17,0
2016-07-18,0
2016-07-19,0
2016-07-20,0
2016-07-21,0
2016-07-22,0
2016-07-23,0
2016-07-24,0
2016-07-25,0
2016-07-26,0
2016-07-27,0
2016-07-28,0
2016-07-29,0
2016-07-30,0
2016-07-31,0
2016-08-01,0
2016-08-02,0
2016-08-03,0
2016-08-04,0
2016-08-05,0
2016-08-06,0
2016-08-07,0
2016-08-08,0
2016-08-09,0
2016-08-10,0
2016-08-11,0
2016-08-12,0
2016-08-13,0
2016-08-14,0
2016-08-15,0
2016-08-16,0
2016-08-17,0
2016-08-18,0
2016-08-19,0
2016-08-20,0
2016-08-21,0
2016-08-22,0
2016-08-23,0
2016-08-24,0
2016-08-25,0
2016-08-26,0
2016-08-27,0
2016-08-28,0
2016-08-29,0
2016-08-30,0
2016-08-31,0
2016-09-01,0
2016-09-02,0
2016-09-03,0
2016-09-04,0
2016-09-05,0
2016-09-06,0
2016-09-07,0
2016-09-08,0
2016-09-09,0
2016-09-10,0
2016-09-11,0
2016-09-12,0
2016-09-13,0
2016-09-14,0
2016-09-15,0
2016-09-16,0
2016-09-17,0
2016-09-18,0
2016-09-19,0
2016-09-20,0
2016-09-21,0
2016-09-22,0
2016-09-23,0
2016-09-24,0
2016-09-25,0
2016-09-26,0
2016-09-27,0
2016-09-28,0
2016-09-29,0
2016-09-30,0
2016-10-01,0
2016-10-02,0
2016-10-03,0
2016-10-04,0
2016-10-05,0
2016-10-06,0
2016-10-07,0
2016-10-08,0
2016-10-09,0
2016-10-10,0
2016-10-11,0
2016-10-12,0
2016-10-13,0
2016-10-14,0
2016-10-15,0
2016-10-16,0
2016-10-17,0
2016-10-18,0
2016-10-19,0
2016-10-20,0
2016-10-21,0
2016-10-22,0
2016-10-23,0
2016-10-24,0
2016-10-25,0
2016-10-26,0
2016-10-27,0
2016-10-28,0
2016-10-29,0
2016-10-30,0
2016-10-31,0
2016-11-01,0
2016-11-02,0
2016-11-03,0
2016-11-04,0
2016-11-05,0
2016-11-06,0
2016-11-07,0
2016-11-08,0
2016-11-09,0
2016-11-10,0
2016-11-11,0
2016-11-12,0
2016-11-13,0
2016-11-14,0
2016-11-15,0
2016-11-16,0
2016-11-17,0
2016-11-18,0
2016-11-19,0
2016-11-20,0
2016-11-21,0
2016-11-22,0
2016-11-23,0
2016-11-24,0
2016-11-25,0
2016-11-26,0
2016-11-27,0
2016-11-28,0
2016-11-29,0
2016-11-30,0
2016-12-01,0
2016-12-02,0
2016-12-03,0
2016-12-04,0
2016-12-05,0
2016-12-06,0
2016-12-07,0
2016-12-08,0
2016-12-09,0
2016-12-10,0
2016-12-11,0
2016-12-12,0
2016-12-13,0
2016-12-14,0
2016-12-15,0
2016-12-16,0
2016-12-17,0
2016-12-18,0
2016-12-19,0
2016-12-20,0
2016-12-21,0
2016-12-22,0
2016-12-23,0
2016-12-24,0
2016-12-25,0
2016-12-26,0
2016-12-27,0
2016-12-28,0
2016-12-29,0
2016-12-30,0
2016-12-31,0
2017-01-01,0
2017-01-02,0
2017-01-03,0
2017-01-04,0
2017-01-05,0
2017-01-06,0
2017-01-07,0
2017-01-08,0
2017-01-09,0
2017-01-10,0
2017-01-11,0
2017-01-12,0
2017-01-13,0
2017-01-14,0
2017-01-15,0
2017-01-16,0
2017-01-17,0
2017-01-18,0
2017-01-19,0
2017-01-20,0
2017-01-21,0
2017-01-22,0
2017-01-23,0
2017-01-24,0
2017-01-25,0
2017-01-26,0
2017-01-27,0
2017-01-28,0
2017-01-29,0
2017-01-30,0
2017-01-31,0
2017-02-01,0
2017-02-02,0
2017-02-03,0
2017-02-04,0
2017-02-05,0
2017-02-06,0
2017-02-07,0
2017-02-08,0
2017-02-09,0
2017-02-10,0
2017-02-11,0
2017-02-12,0
2017-02-13,0
2017-02-14,0
2017-02-15,0
2017-02-16,0
2017-02-17,0
2017-02-18,0
2017-02-19,0
2017-02-20,0
2017-02-21,0
2017-02-22,0
2017-02-23,0
2017-02-24,0
2017-02-25,0
2017-02-26,0
2017-02-27,0
2017-02-28,0
2017-03-01,0
2017-03-02,0
2017-03-03,0
2017-03-04,0
2017-03-05,0
2017-03-06,0
2017-03-07,0
2017-03-08,0
2017-03-09,0
2017-03-10,0
2017-03-11,0
2017-03-12,0
2017-03-13,0
2017-03-14,0
2017-03-15,0
2017-03-16,0
2017-03-17,0
2017-03-18,0
2017-03-19,0
2017-03-20,0
2017-03-21,0
2017-03-22,0
2017-03-23,0
2017-03-24,0
2017-03-25,0
2017-03-26,0
2017-03-27,0
2017-03-28,0
2017-03-29,0
2017-03-30,0
2017-03-31,0
2017-04-01,0
2017-04-02,0
2017-04-03,0
2017-04-04,0
2017-04-05,0
2017-04-06,0
2017-04-07,0
2017-04-08,0
2017-04-09,0
2017-04-10,0
2017-04-11,0
2017-04-12,0
2017-04-13,0
2017-04-14,0
2017-04-15,0
2017-04-16,0
2017-04-17,0
2017-04-18,0
2017-04-19,0
2017-04-20,0
2017-04-21,0
2017-04-22,0
2017-04-23,0
2017-04-24,0
2017-04-25,0
2017-04-26,0
2017-04-27,0
2017-04-28,0
2017-04-29,0
2017-04-30,0
2017-05-01,0
2017-05-02,0
2017-05-03,0
2017-05-04,0
2017-05-05,0
2017-05-06,0
2017-05-07,0
2017-05-08,0
2017-05-09,0
2017-05-10,0
2017-05-11,0
2017-05-12,0
2017-05-13,0
2017-05-14,0
2017-05-15,0
2017-05-16,0
2017-05-17,0
2017-05-18,0
2017-05-19,0
2017-05-20,0
2017-05-21,0
2017-05-22,0
2017-05-23,0
2017-05-24,0
2017-05-25,0
2017-05-26,0
2017-05-27,0
2017-05-28,0
2017-05-29,0
2017-05-30,0
2017-05-31,0
2017-06-01,0
2017-06-02,0
2017-06-03,0
2017-06-04,0
2017-06-05,0
2017-06-06,0
2017-06-07,0
2017-06-08,0
2017-06-09,0
2017-06-10,0
2017-06-11,0
2017-06-12,0
2017-06-13,0
2017-06-14,0
2017-06-15,0
2017-06-16,0
2017-06-17,0
2017-06-18,0
2017-06-19,0
2017-06-20,0
2017-06-21,0
2017-06-22,0
2017-06-23,0
2017-06-24,0
2017-06-25,0
2017-06-26,0
2017-06-27,0
2017-06-28,0
2017-06-29,0
2017-06-30,0
2017-07-01,0
2017-07-02,0
2017-07-03,0
2017-07-04,0
2017-07-05,0
2017-07-06,0
2017-07-07,0
2017-07-08,0
2017-07-09,0
2017-07-10,0
2017-07-11,0
2017-07-12,0
2017-07-13,0
2017-07-14,0
2017-07-15,0
2017-07-16,0
2017-07-17,0
2017-07-18,0
2017-07-19,0
2017-07-20,0
2017-07-21,0
2017-07-22,0
2017-07-23,0
2017-07-24,0
2017-07-25,0
2017-07-26,0
2017-07-27,0
2017-07-28,0
2017-07-29,0
2017-07-30,0
2017-07-31,0
2017-08-01,0
2017-08-02,0
2017-08-03,0
2017-08-04,0
2017-08-05,0
2017-08-06,0
2017-08-07,0
2017-08-08,0
2017-08-09,0
2017-08-10,0
2017-08-11,0
2017-08-12,0
2017-08-13,0
2017-08-14,0
2017-08-15,0
2017-08-16,0
2017-08-17,0
2017-08-18,0
2017-08-19,0
2017-08-20,0
2017-08-21,0
2017-08-22,0
2017-08-23,0
2017-08-24,0
2017-08-25,0
2017-08-26,0
2017-08-27,0
2017-08-28,0
2017-08-29,0
2017-08-30,0
2017-08-31,0
2017-09-01,0
2017-09-02,0
2017-09-03,0
2017-09-04,0
2017-09-05,0
2017-09-06,0
2017-09-07,0
2017-09-08,0
2017-09-09,0
2017-09-10,0
2017-09-11,0
2017-09-12,0
2017-09-13,0
2017-09-14,0
2017-09-15,0
2017-09-16,0
2017-09-17,0
2017-09-18,0
2017-09-19,0
2017-09-20,0
2017-09-21,0
2017-09-22,0
2017-09-23,0
2017-09-24,0
2017-09-25,0
2017-09-26,0
2017-09-27,0
2017-09-28,0
2017-09-29,0
2017-09-30,0
2017-10-01,0
2017-10-02,0
2017-10-03,0
2017-10-04,0
2017-10-05,0
2017-10-06,0
2017-10-07,0
2017-10-08,0
2017-10-09,0
2017-10-10,0
2017-10-11,0
2017-10-12,0
2017-10-13,0
2017-10-14,0
2017-10-15,0
2017-10-16,0
2017-10-17,0
2017-10-18,0
2017-10-19,0
2017-10-20,0
2017-10-21,0
2017-10-22,0
2017-10-23,0
2017-10-24,0
2017-10-25,0
2017-10-26,0
2017-10-27,0
2017-10-28,0
2017-10-29,0
2017-10-30,0
2017-10-31,0
2017-11-01,0
2017-11-02,0
2017-11-03,0
2017-11-04,0
2017-11-05,0
2017-11-06,0
2017-11-07,0
2017-11-08,0
2017-11-09,0
2017-11-10,0
2017-11-11,0
2017-11-12,0
2017-11-13,0
2017-11-14,0
2017-11-15,0
2017-11-16,0
2017-11-17,0
2017-11-18,0
2017-11-19,0
2017-11-20,0
2017-11-21,0
2017-11-22,0
2017-11-23,0
2017-11-24,0
2017-11-25,0
2017-11-26,0
2017-11-27,0
2017-11-28,0
2017-11-29,0
2017-11-30,0
2017-12-01,0
2017-12-02,0
2017-12-03,0
2017-12-04,0
2017-12-05,0
2017-12-06,0
2017-12-07,0
2017-12-08,0
2017-12-09,0
2017-12-10,0
2017-12-11,0
2017-12-12,0
2017-12-13,0
2017-12-14,0
2017-12-15,0
2017-12-16,0
2017-12-17,0
2017-12-18,0
2017-12-19,0
2017-12-20,0
2017-12-21,0
2017-12-22,0
2017-12-23,0
2017-12-24,0
2017-12-25,0
2017-12-26,0
2017-12-27,0
2017-12-28,0
2017-12-29,0
2017-12-30,0
2017-12-31,0
2018-01-01,0
2018-01-02,0
2018-01-03,0
2018-01-04,0
2018-01-05,0
2018-01-06,0
2018-01-07,0
2018-01-08,0
2018-01-09,0
2018-01-10,0
2018-01-11,0
2018-01-12,0
2018-01-13,0
2018-01-14,0
2018-01-15,0
2018-01-16,0
2018-01-17,0
2018-01-18,0
2018-01-19,0
2018-01-20,0
2018-01-21,0
2018-01-22,0
2018-01-23,0
2018-01-24,0
2018-01-25,0
2018-01-26,0
2018-01-27,0
2018-01-28,0
2018-01-29,0
2018-01-30,0
2018-01-31,0
2018-02-01,0
2018-02-02,0
2018-02-03,0
2018-02-04,0
2018-02-05,0
2018-02-06,0
2018-02-07,0
2018-02-08,0
2018-02-09,0
2018-02-10,0
2018-02-11,0
2018-02-12,0
2018-02-13,0
2018-02-14,0
2018-02-15,0
2018-02-16,0
2018-02-17,0
2018-02-18,0
2018-02-19,0
2018-02-20,0
2018-02-21,0
2018-02-22,0
2018-02-23,0
2018-02-24,0
2018-02-25,0
2018-02-26,0
2018-02-27,0
2018-02-28,0
2018-03-01,0
2018-03-02,0
2018-03-03,0
2018-03-04,0
2018-03-05,0
2018-03-06,0
2018-03-07,0
2018-03-08,0
2018-03-09,0
2018-03-10,0
2018-03-11,0
2018-03-12,0
2018-03-13,0
2018-03-14,0
2018-03-15,0
2018-03-16,0
2018-03-17,0
2018-03-18,0
2018-03-19,0
2018-03-20,0
2018-03-21,0
2018-03-22,0
2018-03-23,0
2018-03-24,0
2018-03-25,0
2018-03-26,0
2018-03-27,0
2018-03-28,0
2018-03-29,0
2018-03-30,0
2018-03-31,0
2018-04-01,0
2018-04-02,0
2018-04-03,0
2018-04-04,0
2018-04-05,0
2018-04-06,0
2018-04-07,0
2018-04-08,0
2018-04-09,0
2018-04-10,0
2018-04-11,0
2018-04-12,0
2018-04-13,0
2018-04-14,0
2018-04-15,0
2018-04-16,0
2018-04-17,0
2018-04-18,0
2018-04-19,0
2018-04-20,0
2018-04-21,0
2018-04-22,0
2018-04-23,0
2018-04-24,0
2018-04-25,0
2018-04-26,0
2018-04-27,0
2018-04-28,0
2018-04-29,0
2018-04-30,0
2018-05-01,0
2018-05-02,0
2018-05-03,0
2018-05-04,0
2018-05-05,0
2018-05-06,0
2018-05-07,0
2018-05-08,0
2018-05-09,0
2018-05-10,0
2018-05-11,0
2018-05-12,0
2018-05-13,0
2018-05-14,0
2018-05-15,0
2018-05-16,0
2018-05-17,0
2018-05-18,0
2018-05-19,0
2018-05-20,0
2018-05-21,0
2018-05-22,0
2018-05-23,0
2018-05-24,0
2018-05-25,0
2018-05-26,0
2018-05-27,0
2018-05-28,0
2018-05-29,0
2018-05-30,0
2018-05-31,0
2018-06-01,0
2018-06-02,0
2018-06-03,0
2018-06-04,0
2018-06-05,0
2018-06-06,0
2018-06-07,0
2018-06-08,0
2018-06-09,0
2018-06-10,0
2018-06-11,0
2018-06-12,0
2018-06-13,0
2018-06-14,0
2018-06-15,0
2018-06-16,0
2018-06-17,0
2018-06-18,0
2018-06-19,0
2018-06-20,0
2018-06-21,0
2018-06-22,0
2018-06-23,0
2018-06-24,0
2018-06-25,0
2018-06-26,0
2018-06-27,0
2018-06-28,0
2018-06-29,0
2018-06-30,0
2018-07-01,0
2018-07-02,0
2018-07-03,0
2018-07-04,0
2018-07-05,0
2018-07-06,0
2018-07-07,0
2018-07-08,0
2018-07-09,0
2018-07-10,0
2018-07-11,0
2018-07-12,0
2018-07-13,0
2018-07-14,0
2018-07-15,0
2018-07-16,0
2018-07-17,0
2018-07-18,0
2018-07-19,0
2018-07-20,0
2018-07-21,0
2018-07-22,0
2018-07-23,0
2018-07-24,0
2018-07-25,0
2018-07-26,0
2018-07-27,0
2018-07-28,0
2018-07-29,0
2018-07-30,0
2018-07-31,0
2018-08-01,0
2018-08-02,0
2018-08-03,0
2018-08-04,0
2018-08-05,0
2018-08-06,0
2018-08-07,0
2018-08-08,0
2018-08-09,0
2018-08-10,0
2018-08-11,0
2018-08-12,0
2018-08-13,0
2018-08-14,0
2018-08-15,0
2018-08-16,0
2018-08-17,0
2018-08-18,0
2018-08-19,0
2018-08-20,0
2018-08-21,0
2018-08-22,0
2018-08-23,0
2018-08-24,0
2018-08-25,0
2018-08-26,0
2018-08-27,0
2018-08-28,0
2018-08-29,0
2018-08-30,0
2018-08-31,0
2018-09-01,0
2018-09-02,0
2018-09-03,0
2018-09-04,0
2018-09-05,0
2018-09-06,0
2018-09-07,0
2018-09-08,0
2018-09-09,0
2018-09-10,0
2018-09-11,0
2018-09-12,0
2018-09-13,0
2018-09-14,0
2018-09-15,0
2018-09-16,0
2018-09-17,0
2018-09-18,0
2018-09-19,0
2018-09-20,0
2018-09-21,0
2018-09-22,0
2018-09-23,0
2018-09-24,0
2018-09-25,0
2018-09-26,0
2018-09-27,0
2018-09-28,0
2018-09-29,0
2018-09-30,0
2018-10-01,0
2018-10-02,0
2018-10-03,0
2018-10-04,0
2018-10-05,0
2018-10-06,0
2018-10-07,0
2018-10-08,0
2018-10-09,0
2018-10-10,0
2018-10-11,0
2018-10-12,0
2018-10-13,0
2018-10-14,0
2018-10-15,0
2018-10-16,0
2018-10-17,0
2018-10-18,0
2018-10-19,0
2018-10-20,0
2018-10-21,0
2018-10-22,0
2018-10-23,0
2018-10-24,0
2018-10-25,0
2018-10-26,0
2018-10-27,0
2018-10-28,0
2018-10-29,0
2018-10-30,0
2018-10-31,0
2018-11-01,0
2018-11-02,0
2018-11-03,0
2018-11-04,0
2018-11-05,0
2018-11-06,0
2018-11-07,0
2018-11-08,0
2018-11-09,0
2018-11-10,0
2018-11-11,0
2018-11-12,0
2018-11-13,0
2018-11-14,0
2018-11-15,0
2018-11-16,0
2018-11-17,0
2018-11-18,0
2018-11-19,0
2018-11-20,0
2018-11-21,0
2018-11-22,0
2018-11-23,0
2018-11-24,0
2018-11-25,0
2018-11-26,0
2018-11-27,0
2018-11-28,0
2018-11-29,0
2018-11-30,0
2018-12-01,0
2018-12-02,0
2018-12-03,0
2018-12-04,0
2018-12-05,0
2018-12-06,0
2018-12-07,0
2018-12-08,0
2018-12-09,0
2018-12-10,0
2018-12-11,0
2018-12-12,0
2018-12-13,0
2018-12-14,0
2018-12-15,0
2018-12-16,0
2018-12-17,0
2018-12-18,0
2018-12-19,0
2018-12-20,0
2018-12-21,0
2018-12-22,0
2018-12-23,0
2018-12-24,0
2018-12-25,0
2018-12-26,0
2018-12-27,0
2018-12-28,0
2018-12-29,0
2018-12-30,0
2018-12-31,0
2019-01-01,0
2019-01-02,0
2019-01-03,0
2019-01-04,0
2019-01-05,0
2019-01-06,0
2019-01-07,0
2019-01-08,0
2019-01-09,0
2019-01-10,0
2019-01-11,0
2019-01-12,0
2019-01-13,0
2019-01-14,0
2019-01-15,0
2019-01-16,0
2019-01-17,0
2019-01-18,0
2019-01-19,0
2019-01-20,0
2019-01-21,0
2019-01-22,0
2019-01-23,0
2019-01-24,0
2019-01-25,0
2019-01-26,0
2019-01-27,0
2019-01-28,0
2019-01-29,0
2019-01-30,0
2019-01-31,0
2019-02-01,0
2019-02-02,0
2019-02-03,0
2019-02-04,0
2019-02-05,0
2019-02-06,0
2019-02-07,0
2019-02-08,0
2019-02-09,0
2019-02-10,0
2019-02-11,0
2019-02-12,0
2019-02-13,0
2019-02-14,0
2019-02-15,0
2019-02-16,0
2019-02-17,0
2019-02-18,0
2019-02-19,0
2019-02-20,0
2019-02-21,0
2019-02-22,0
2019-02-23,0
2019-02-24,0
2019-02-25,0
2019-02-26,0
2019-02-27,0
2019-02-28,0
2019-03-01,0
2019-03-02,0
2019-03-03,0
2019-03-04,0
2019-03-05,0
2019-03-06,0
2019-03-07,0
2019-03-08,0
2019-03-09,0
2019-03-10,0
2019-03-11,0
2019-03-12,0
2019-03-13,0
2019-03-14,0
2019-03-15,0
2019-03-16,0
2019-03-17,0
2019-03-18,0
2019-03-19,0
2019-03-20,0
2019-03-21,0
2019-03-22,0
2019-03-23,0
2019-03-24,0
2019-03-25,0
2019-03-26,0
2019-03-27,0
2019-03-28,0
2019-03-29,0
2019-03-30,0
2019-03-31,0
2019-04-01,0
2019-04-02,0
2019-04-03,0
2019-04-04,0
2019-04-05,0
2019-04-06,0
2019-04-07,0
2019-04-08,0
2019-04-09,0
2019-04-10,0
2019-04-11,0
2019-04-12,0
2019-04-13,0
2019-04-14,0
2019-04-15,0
2019-04-16,0
2019-04-17,0
2019-04-18,0
2019-04-19,0
2019-04-20,0
2019-04-21,0
2019-04-22,0
2019-04-23,0
2019-04-24,0
2019-04-25,0
2019-04-26,0
2019-04-27,0
2019-04-28,0
2019-04-29,0
2019-04-30,0
2019-05-01,0
2019-05-02,0
2019-05-03,0
2019-05-04,0
2019-05-05,0
2019-05-06,0
2019-05-07,0
2019-05-08,0
2019-05-09,0
2019-05-10,0
2019-05-11,0
2019-05-12,0
2019-05-13,0
2019-05-14,0
2019-05-15,0
2019-05-16,0
2019-05-17,0
2019-05-18,0
2019-05-19,0
2019-05-20,0
2019-05-21,0
2019-05-22,0
2019-05-23,0
2019-05-24,0
2019-05-25,0
2019-05-26,0
2019-05-27,0
2019-05-28,0
2019-05-29,0
2019-05-30,0
2019-05-31,0
2019-06-01,0
2019-06-02,0
2019-06-03,0
2019-06-04,0
2019-06-05,0
2019-06-06,0
2019-06-07,0
2019-06-08,0
2019-06-09,0
2019-06-10,0
2019-06-11,0
2019-06-12,0
2019-06-13,0
2019-06-14,0
2019-06-15,0
2019-06-16,0
2019-06-17,0
2019-06-18,0
2019-06-19,0
2019-06-20,0
2019-06-21,0
2019-06-22,0
2019-06-23,0
2019-06-24,0
2019-06-25,0
2019-06-26,0
2019-06-27,0
2019-06-28,0
2019-06-29,0
2019-06-30,0
2019-07-01,0
2019-07-02,0
2019-07-03,0
2019-07-04,0
2019-07-05,0
2019-07-06,0
2019-07-07,0
2019-07-08,0
2019-07-09,0
2019-07-10,0
2019-07-11,0
2019-07-12,0
2019-07-13,0
2019-07-14,0
2019-07-15,0
2019-07-16,0
2019-07-17,0
2019-07-18,0
2019-07-19,0
2019-07-20,0
2019-07-21,0
2019-07-22,0
2019-07-23,0
2019-07-24,0
2019-07-25,0
2019-07-26,0
2019-07-27,0
2019-07-28,0
2019-07-29,0
2019-07-30,0
2019-07-31,0
2019-08-01,0
2019-08-02,0
2019-08-03,0
2019-08-04,0
2019-08-05,0
2019-08-06,0
2019-08-07,0
2019-08-08,0
2019-08-09,0
2019-08-10,0
2019-08-11,0
2019-08-12,0
2019-08-13,0
2019-08-14,0
2019-08-15,0
2019-08-16,0
2019-08-17,0
2019-08-18,0
2019-08-19,0
2019-08-20,0
2019-08-21,0
2019-08-22,0
2019-08-23,0
2019-08-24,0
2019-08-25,0
2019-08-26,0
2019-08-27,0
2019-08-28,0
2019-08-29,0
2019-08-30,0
2019-08-31,0
2019-09-01,0
2019-09-02,0
2019-09-03,0
2019-09-04,0
2019-09-05,0
2019-09-06,0
2019-09-07,0
2019-09-08,0
2019-09-09,0
2019-09-10,0
2019-09-11,0
2019-09-12,0
2019-09-13,0
2019-09-14,0
2019-09-15,0
2019-09-16,0
2019-09-17,0
2019-09-18,0
2019-09-19,0
2019-09-20,0
2019-09-21,0
2019-09-22,0
2019-09-23,0
2019-09-24,0
2019-09-25,0
2019-09-26,0
2019-09-27,0
2019-09-28,0
2019-09-29,0
2019-09-30,0
2019-10-01,0
2019-10-02,1
2019-10-03,0
2019-10-04,0
2019-10-05,0
2019-10-06,0
2019-10-07,0
2019-10-08,0
2019-10-09,0
2019-10-10,0
2019-10-11,0
2019-10-12,0
2019-10-13,0
2019-10-14,0
2019-10-15,0
2019-10-16,0
2019-10-17,0
2019-10-18,0
2019-10-19,0
2019-10-20,0
2019-10-21,0
2019-10-22,0
2019-10-23,0
2019-10-24,0
2019-10-25,0
2019-10-26,0
2019-10-27,0
2019-10-28,64
2019-10-29,4961
2019-10-30,6201
2019-10-31,12495
2019-11-01,12083
2019-11-02,7327
2019-11-03,10731
2019-11-04,6797
2019-11-05,5160
2019-11-06,5441
2019-11-07,4665
2019-11-08,4657
2019-11-09,4417
2019-11-10,3978
2019-11-11,3083
2019-11-12,2971
2019-11-13,1469
2019-11-14,1699
2019-11-15,5848
2019-11-16,11691
2019-11-17,10258
2019-11-18,7887
2019-11-19,8534
2019-11-20,7302
2019-11-21,7514
2019-11-22,6996
2019-11-23,7564
2019-11-24,7765
2019-11-25,5441
2019-11-26,6466
2019-11-27,7388
2019-11-28,10806
2019-11-29,11332
2019-11-30,15146
2019-12-01,10744
2019-12-02,8830
2019-12-03,9282
2019-12-04,9115
2019-12-05,8690
2019-12-06,9487
2019-12-07,10325
2019-12-08,11288
2019-12-09,8708
2019-12-10,9195
2019-12-11,13282
2019-12-12,12092
2019-12-13,10853
2019-12-14,10752
2019-12-15,9789
2019-12-16,9154
2019-12-17,11552
2019-12-18,10675
2019-12-19,8290
2019-12-20,8574
2019-12-21,10354
2019-12-22,10056
2019-12-23,8899
2019-12-24,8251
2019-12-25,14994
2019-12-26,14302
2019-12-27,11085
2019-12-28,11191
2019-12-29,10036
2019-12-30,8541
2019-12-31,8578
2020-01-01,9205
2020-01-02,7275
2020-01-03,6885
2020-01-04,7282
2020-01-05,6814
2020-01-06,5867
2020-01-07,5734
2020-01-08,6152
2020-01-09,6695
2020-01-10,6941
2020-01-11,7224
2020-01-12,6622
2020-01-13,5657
2020-01-14,5635
2020-01-15,5592
2020-01-16,5524
2020-01-17,5629
2020-01-18,6245
2020-01-19,5901
2020-01-20,4857
2020-01-21,4353
2020-01-22,4547
2020-01-23,4782
2020-01-24,4627
2020-01-25,4680
2020-01-26,5559
2020-01-27,4077
2020-01-28,3964
2020-01-29,4291
2020-01-30,4320
2020-01-31,4071
2020-02-01,4246
2020-02-02,4134
2020-02-03,3313
2020-02-04,3336
2020-02-05,3559
2020-02-06,3417
2020-02-07,3363
2020-02-08,4088
2020-02-09,4012
2020-02-10,3148
2020-02-11,3186
2020-02-12,2715
2020-02-13,2798
2020-02-14,2421
2020-02-15,3044
2020-02-16,2850
2020-02-17,2557
2020-02-18,2618
2020-02-19,2715
2020-02-20,2869
2020-02-21,2748
2020-02-22,3041
2020-02-23,4218
2020-02-24,3901
2020-02-25,2903
2020-02-26,2667
2020-02-27,2540
2020-02-28,2503
2020-02-29,2757
2020-03-01,3057
2020-03-02,2463
2020-03-03,2399
2020-03-04,2330
2020-03-05,2073
2020-03-06,2968
2020-03-07,2833
2020-03-08,5201
2020-03-09,2488
2020-03-10,2429
2020-03-11,2114
2020-03-12,1934
2020-03-13,1757
2020-03-14,2010
2020-03-15,1980
2020-03-16,1532
2020-03-17,1337
2020-03-18,1289
2020-03-19,1278
2020-03-20,1252
2020-03-21,1502
2020-03-22,1583
2020-03-23,1415
2020-03-24,1346
2020-03-25,1481
2020-03-26,1400
2020-03-27,1472
2020-03-28,1601
2020-03-29,2082
2020-03-30,1932
2020-03-31,1892
2020-04-01,1755
2020-04-02,1650
2020-04-03,2713
2020-04-04,2576
2020-04-05,2134
2020-04-06,1727
2020-04-07,1588
2020-04-08,1609
2020-04-09,1674
2020-04-10,1764
2020-04-11,1632
2020-04-12,1708
2020-04-13,1610
2020-04-14,1367
2020-04-15,1354
2020-04-16,1287
2020-04-17,2634
2020-04-18,3246
2020-04-19,3293
2020-04-20,3432
2020-04-21,3618
2020-04-22,4742
2020-04-23,2925
2020-04-24,2601
2020-04-25,2400
2020-04-26,2200
2020-04-27,1930
2020-04-28,2030
2020-04-29,1961
2020-04-30,1823
2020-05-01,1715
2020-05-02,1795
2020-05-03,1665
2020-05-04,1594
2020-05-05,1769
2020-05-06,1822
2020-05-07,1831
2020-05-08,1628
2020-05-09,1676
2020-05-10,1823
2020-05-11,1610
2020-05-12,1484
2020-05-13,1578
2020-05-14,1598
2020-05-15,2168
2020-05-16,1671
2020-05-17,1715
2020-05-18,1713
2020-05-19,1988
2020-05-20,1678
2020-05-21,1670
2020-05-22,1598
2020-05-23,1587
2020-05-24,1769
2020-05-25,1700
2020-05-26,1698
2020-05-27,1764
2020-05-28,1542
2020-05-29,1513
2020-05-30,1514
2020-05-31,1357
2020-06-01,1261
2020-06-02,1328
2020-06-03,1253
2020-06-04,1495
2020-06-05,1651
2020-06-06,1629
2020-06-07,1560
2020-06-08,1525
2020-06-09,2160
2020-06-10,1610
2020-06-11,1506
2020-06-12,1434
2020-06-13,1459
2020-06-14,1777
2020-06-15,1477
2020-06-16,1386
2020-06-17,1520
2020-06-18,1793
2020-06-19,1887
2020-06-20,2098
2020-06-21,2242
2020-06-22,2071
2020-06-23,2052
2020-06-24,2274
2020-06-25,2082
2020-06-26,1973
2020-06-27,2003
2020-06-28,2187
2020-06-29,1808
2020-06-30,2744
2020-07-01,2355
2020-07-02,1983
2020-07-03,1909
2020-07-04,1912
2020-07-05,2004
2020-07-06,1968
2020-07-07,1961
2020-07-08,2048
2020-07-09,1927
2020-07-10,1923
2020-07-11,1914
2020-07-12,1919
2020-07-13,1685
2020-07-14,1724
2020-07-15,1785
2020-07-16,1507
2020-07-17,1624
2020-07-18,1771
2020-07-19,1943
2020-07-20,1616
2020-07-21,1614
2020-07-22,1776
2020-07-23,1896
2020-07-24,1919
2020-07-25,1769
2020-07-26,1819
2020-07-27,1855
2020-07-28,1832
2020-07-29,1779
2020-07-30,1527
2020-07-31,1541
2020-08-01,1659
2020-08-02,1634
2020-08-03,1564
2020-08-04,1512
2020-08-05,1335
2020-08-06,1339
2020-08-07,1321
2020-08-08,1262
2020-08-09,1346
2020-08-10,2002
2020-08-11,3876
2020-08-12,2924
2020-08-13,2221
2020-08-14,1384
2020-08-15,1511
2020-08-16,1436
2020-08-17,1367
2020-08-18,1364
2020-08-19,1428
2020-08-20,1274
2020-08-21,1175
2020-08-22,1298
2020-08-23,1411
2020-08-24,1249
2020-08-25,1199
2020-08-26,1738
2020-08-27,4492
2020-08-28,1748
2020-08-29,1456
2020-08-30,1663
2020-08-31,1423
2020-09-01,1179
2020-09-02,1328
2020-09-03,1375
2020-09-04,1279
2020-09-05,1446
2020-09-06,1451
2020-09-07,1402
2020-09-08,1220
2020-09-09,1239
2020-09-10,1151
2020-09-11,1226
2020-09-12,1324
2020-09-13,1532
2020-09-14,1350
2020-09-15,1371
2020-09-16,1301
2020-09-17,1288
2020-09-18,1610
2020-09-19,1297
2020-09-20,1415
2020-09-21,1289
2020-09-22,1192
2020-09-23,1176
2020-09-24,1059
2020-09-25,1152
2020-09-26,1213
2020-09-27,1178
2020-09-28,1103
2020-09-29,1078
2020-09-30,1094
2020-10-01,1078
2020-10-02,1805
2020-10-03,1122
2020-10-04,1234
2020-10-05,994
2020-10-06,1010
2020-10-07,1088
2020-10-08,1062
2020-10-09,1067
2020-10-10,1238
2020-10-11,1238
2020-10-12,1178
2020-10-13,1130
2020-10-14,1112
2020-10-15,1183
2020-10-16,1083
2020-10-17,1241
2020-10-18,1317
2020-10-19,1157
2020-10-20,1113
2020-10-21,1294
2020-10-22,1328
2020-10-23,1199
2020-10-24,1573
2020-10-25,1411
2020-10-26,1136
2020-10-27,1059
2020-10-28,1131
2020-10-29,1237
2020-10-30,1395
2020-10-31,1472
2020-11-01,1585
2020-11-02,1212
2020-11-03,990
2020-11-04,813
2020-11-05,854
2020-11-06,822
2020-11-07,884
2020-11-08,1099
2020-11-09,974
2020-11-10,855
2020-11-11,1106
2020-11-12,1028
2020-11-13,1036
2020-11-14,957
2020-11-15,1018
2020-11-16,902
2020-11-17,874
2020-11-18,853
2020-11-19,893
2020-11-20,900
2020-11-21,902
2020-11-22,1025
2020-11-23,1004
2020-11-24,982
2020-11-25,918
2020-11-26,1002
2020-11-27,1044
2020-11-28,1025
2020-11-29,1173
2020-11-30,1121
2020-12-01,1116
2020-12-02,1468
2020-12-03,1735
2020-12-04,1362
2020-12-05,1207
2020-12-06,1192
2020-12-07,1186
2020-12-08,1143
2020-12-09,1110
2020-12-10,1017
2020-12-11,1070
2020-12-12,1071
2020-12-13,2546
2020-12-14,1905
2020-12-15,1279
2020-12-16,1193
2020-12-17,1084
2020-12-18,1126
2020-12-19,1048
2020-12-20,995
2020-12-21,872
2020-12-22,939
2020-12-23,824
2020-12-24,1048
2020-12-25,1320
2020-12-26,1271
2020-12-27,1061
2020-12-28,1097
2020-12-29,975
2020-12-30,907
2020-12-31,855
2021-01-01,1060
2021-01-02,911
2021-01-03,1023
2021-01-04,850
2021-01-05,785
2021-01-06,775
2021-01-07,815
2021-01-08,934
2021-01-09,878
2021-01-10,869
2021-01-11,875
2021-01-12,1103
2021-01-13,1288
2021-01-14,1002
2021-01-15,839
2021-01-16,861
2021-01-17,907
2021-01-18,951
2021-01-19,973
2021-01-20,850
2021-01-21,787
2021-01-22,872
2021-01-23,821
2021-01-24,892
2021-01-25,906
2021-01-26,896
2021-01-27,793
2021-01-28,848
2021-01-29,955
2021-01-30,983
2021-01-31,945
2021-02-01,724
2021-02-02,779
2021-02-03,720
2021-02-04,767
2021-02-05,737
2021-02-06,797
2021-02-07,1330
2021-02-08,989
2021-02-09,978
2021-02-10,882
2021-02-11,875
2021-02-12,833
2021-02-13,837
2021-02-14,799
2021-02-15,793
2021-02-16,857
2021-02-17,897
2021-02-18,857
2021-02-19,1008
2021-02-20,824
2021-02-21,871
2021-02-22,914
2021-02-23,888
2021-02-24,868
2021-02-25,942
2021-02-26,894
2021-02-27,839
2021-02-28,1187
2021-03-01,985
2021-03-02,1267
2021-03-03,872
2021-03-04,890
2021-03-05,880
2021-03-06,850
2021-03-07,855
2021-03-08,753
2021-03-09,790
2021-03-10,729
2021-03-11,766
2021-03-12,737
2021-03-13,831
2021-03-14,912
2021-03-15,781
2021-03-16,707
2021-03-17,657
2021-03-18,723
2021-03-19,694
2021-03-20,700
2021-03-21,871
2021-03-22,741
2021-03-23,680
2021-03-24,648
2021-03-25,903
2021-03-26,739
2021-03-27,713
2021-03-28,789
2021-03-29,707
2021-03-30,633
2021-03-31,752
2021-04-01,714
2021-04-02,795
2021-04-03,865
2021-04-04,767
2021-04-05,743
2021-04-06,2200
2021-04-07,1365
2021-04-08,908
2021-04-09,974
2021-04-10,1088
2021-04-11,1064
2021-04-12,983
2021-04-13,727
2021-04-14,765
2021-04-15,821
2021-04-16,782
2021-04-17,723
2021-04-18,781
2021-04-19,650
2021-04-20,649
2021-04-21,693
2021-04-22,683
2021-04-23,695
2021-04-24,825
2021-04-25,752
2021-04-26,745
2021-04-27,632
2021-04-28,701
2021-04-29,696
2021-04-30,702
2021-05-01,730
2021-05-02,761
2021-05-03,764
2021-05-04,599
2021-05-05,631
2021-05-06,641
2021-05-07,754
2021-05-08,754
2021-05-09,769
2021-05-10,663
2021-05-11,755
2021-05-12,683
2021-05-13,717
2021-05-14,643
2021-05-15,726
2021-05-16,646
2021-05-17,636
2021-05-18,716
2021-05-19,667
2021-05-20,651
2021-05-21,677
2021-05-22,3382
2021-05-23,897
2021-05-24,978
2021-05-25,1058
2021-05-26,665
2021-05-27,683
2021-05-28,636
2021-05-29,625
2021-05-30,669
2021-05-31,740
2021-06-01,651
2021-06-02,628
2021-06-03,688
2021-06-04,674
2021-06-05,587
2021-06-06,596
2021-06-07,613
2021-06-08,580
2021-06-09,588
2021-06-10,758
2021-06-11,577
2021-06-12,563
2021-06-13,610
2021-06-14,510
2021-06-15,551
2021-06-16,626
2021-06-17,649
2021-06-18,560
2021-06-19,600
2021-06-20,637
2021-06-21,606
2021-06-22,581
2021-06-23,600
2021-06-24,585
2021-06-25,687
2021-06-26,598
2021-06-27,552
2021-06-28,587
2021-06-29,688
2021-06-30,677
2021-07-01,631
2021-07-02,566
2021-07-03,581
2021-07-04,594
2021-07-05,511
2021-07-06,615
2021-07-07,595
2021-07-08,609
2021-07-09,643
2021-07-10,589
2021-07-11,595
2021-07-12,669
2021-07-13,645
2021-07-14,900
2021-07-15,673
2021-07-16,582
2021-07-17,673
2021-07-18,696
2021-07-19,559
2021-07-20,549
2021-07-21,563
2021-07-22,562
2021-07-23,530
2021-07-24,592
2021-07-25,533
2021-07-26,602
2021-07-27,486
2021-07-28,515
2021-07-29,517
2021-07-30,560
2021-07-31,620
2021-08-01,660
2021-08-02,546
2021-08-03,620
2021-08-04,579
2021-08-05,540
2021-08-06,636
2021-08-07,1001
2021-08-08,894
2021-08-09,760
2021-08-10,734
2021-08-11,754
2021-08-12,710
2021-08-13,735
2021-08-14,735
2021-08-15,690
2021-08-16,631
2021-08-17,658
2021-08-18,738
2021-08-19,637
2021-08-20,606
2021-08-21,686
2021-08-22,661
2021-08-23,717
2021-08-24,571
2021-08-25,587
2021-08-26,629
2021-08-27,706
2021-08-28,703
2021-08-29,578
2021-08-30,593
2021-08-31,542
2021-09-01,569
2021-09-02,608
2021-09-03,615
2021-09-04,557
2021-09-05,621
2021-09-06,721
2021-09-07,627
2021-09-08,589
2021-09-09,583
2021-09-10,588
2021-09-11,622
2021-09-12,639
2021-09-13,605
2021-09-14,564
2021-09-15,546
2021-09-16,574
2021-09-17,598
2021-09-18,567
2021-09-19,676
2021-09-20,590
2021-09-21,665
2021-09-22,579
2021-09-23,649
2021-09-24,542
2021-09-25,578
2021-09-26,591
2021-09-27,663
2021-09-28,584
2021-09-29,632
2021-09-30,631
2021-10-01,521
2021-10-02,562
2021-10-03,587
2021-10-04,593
2021-10-05,667
2021-10-06,603
2021-10-07,536
2021-10-08,514
2021-10-09,578
2021-10-10,666
2021-10-11,603
2021-10-12,476
2021-10-13,532
2021-10-14,557
2021-10-15,510
2021-10-16,515
2021-10-17,548
2021-10-18,519
2021-10-19,600
2021-10-20,531
2021-10-21,564
2021-10-22,562
2021-10-23,595
2021-10-24,622
2021-10-25,674
2021-10-26,651
2021-10-27,641
2021-10-28,708
2021-10-29,788
2021-10-30,881
2021-10-31,949
2021-11-01,910
2021-11-02,1369
2021-11-03,1324
2021-11-04,513
2021-11-05,436
2021-11-06,550
2021-11-07,961
2021-11-08,3080
2021-11-09,3400
2021-11-10,2887
2021-11-11,2301
2021-11-12,1939
2021-11-13,2315
2021-11-14,3496
2021-11-15,2682
2021-11-16,1407
2021-11-17,1088
2021-11-18,1286
2021-11-19,1005
2021-11-20,1047
2021-11-21,829
2021-11-22,639
2021-11-23,718
2021-11-24,634
2021-11-25,517
2021-11-26,483
2021-11-27,468
2021-11-28,433
2021-11-29,413
2021-11-30,458
2021-12-01,466
2021-12-02,490
2021-12-03,402
2021-12-04,397
2021-12-05,517
2021-12-06,468
2021-12-07,501
2021-12-08,451
2021-12-09,1580
2021-12-10,733
2021-12-11,426
2021-12-12,415
2021-12-13,456
2021-12-14,508
2021-12-15,430
2021-12-16,457
2021-12-17,393
2021-12-18,446
2021-12-19,430
2021-12-20,403
2021-12-21,362
2021-12-22,415
2021-12-23,376
2021-12-24,385
2021-12-25,466
2021-12-26,464
2021-12-27,560
2021-12-28,998
2021-12-29,819
2021-12-30,749
2021-12-31,629
2022-01-01,667
2022-01-02,622
2022-01-03,573
2022-01-04,669
2022-01-05,655
2022-01-06,619
2022-01-07,479
2022-01-08,451
2022-01-09,448
2022-01-10,431
2022-01-11,428
2022-01-12,514
2022-01-13,430
2022-01-14,414
2022-01-15,433
2022-01-16,456
2022-01-17,374
2022-01-18,431
2022-01-19,486
2022-01-20,422
2022-01-21,482
2022-01-22,446
2022-01-23,440
2022-01-24,425
2022-01-25,402
2022-01-26,393
2022-01-27,437
2022-01-28,448
2022-01-29,473
2022-01-30,548
2022-01-31,537
2022-02-01,470
2022-02-02,511
2022-02-03,679
2022-02-04,468
2022-02-05,786
2022-02-06,647
2022-02-07,465
2022-02-08,452
2022-02-09,487
2022-02-10,452
2022-02-11,478
2022-02-12,433
2022-02-13,362
2022-02-14,363
2022-02-15,372
2022-02-16,517
2022-02-17,774
2022-02-18,927
2022-02-19,742
2022-02-20,848
2022-02-21,934
2022-02-22,696
2022-02-23,529
2022-02-24,433
2022-02-25,408
2022-02-26,410
2022-02-27,405
2022-02-28,409
2022-03-01,370
2022-03-02,388
2022-03-03,409
2022-03-04,413
2022-03-05,395
2022-03-06,484
2022-03-07,484
2022-03-08,444
2022-03-09,433
2022-03-10,477
2022-03-11,525
2022-03-12,456
2022-03-13,482
2022-03-14,497
2022-03-15,451
2022-03-16,447
2022-03-17,471
2022-03-18,395
2022-03-19,475
2022-03-20,514
2022-03-21,495
2022-03-22,448
2022-03-23,440
2022-03-24,489
2022-03-25,423
2022-03-26,344
2022-03-27,411
2022-03-28,438
2022-03-29,435
2022-03-30,472
2022-03-31,475
2022-04-01,981
2022-04-02,509
2022-04-03,512
2022-04-04,461
2022-04-05,453
2022-04-06,476
2022-04-07,459
2022-04-08,459
2022-04-09,518
2022-04-10,458
2022-04-11,452
2022-04-12,432
2022-04-13,402
2022-04-14,483
2022-04-15,514
2022-04-16,438
2022-04-17,500
2022-04-18,413
2022-04-19,439
2022-04-20,452
2022-04-21,446
2022-04-22,431
2022-04-23,469
2022-04-24,495
2022-04-25,502
2022-04-26,542
2022-04-27,588
2022-04-28,557
2022-04-29,462
2022-04-30,481
2022-05-01,533
2022-05-02,441
2022-05-03,422
2022-05-04,444
2022-05-05,489
2022-05-06,524
2022-05-07,397
2022-05-08,482
2022-05-09,385
2022-05-10,394
2022-05-11,574
2022-05-12,445
2022-05-13,513
2022-05-14,414
2022-05-15,433
2022-05-16,397
2022-05-17,356
2022-05-18,479
2022-05-19,409
2022-05-20,377
2022-05-21,397
2022-05-22,542
2022-05-23,447
2022-05-24,430
2022-05-25,425
2022-05-26,415
2022-05-27,427
2022-05-28,371
2022-05-29,412
2022-05-30,392
2022-05-31,453
2022-06-01,422
2022-06-02,373
2022-06-03,390
2022-06-04,354
2022-06-05,387
2022-06-06,399
2022-06-07,370
2022-06-08,333
2022-06-09,378
2022-06-10,394
2022-06-11,384
2022-06-12,355
2022-06-13,417
2022-06-14,401
2022-06-15,360
2022-06-16,353
2022-06-17,386
2022-06-18,364
2022-06-19,467
2022-06-20,435
2022-06-21,543
2022-06-22,419
2022-06-23,502
2022-06-24,441
2022-06-25,541
2022-06-26,929
2022-06-27,700
2022-06-28,593
2022-06-29,605
2022-06-30,2968
2022-07-01,3140
2022-07-02,2956
2022-07-03,2835
2022-07-04,2946
2022-07-05,2365
2022-07-06,2009
2022-07-07,1682
2022-07-08,1633
2022-07-09,1592
2022-07-10,1473
2022-07-11,1525
2022-07-12,1226
2022-07-13,1068
2022-07-14,1095
2022-07-15,1049
2022-07-16,1002
2022-07-17,1179
2022-07-18,1271
2022-07-19,994
2022-07-20,791
2022-07-21,769
2022-07-22,712
2022-07-23,711
2022-07-24,714
2022-07-25,666
2022-07-26,802
2022-07-27,687
2022-07-28,719
2022-07-29,623
2022-07-30,606
2022-07-31,686
2022-08-01,566
2022-08-02,557
2022-08-03,540
2022-08-04,564
2022-08-05,459
2022-08-06,539
2022-08-07,550
2022-08-08,514
2022-08-09,547
2022-08-10,475
2022-08-11,438
2022-08-12,458
2022-08-13,467
2022-08-14,500
2022-08-15,502
2022-08-16,599
2022-08-17,631
2022-08-18,566
2022-08-19,449
2022-08-20,619
2022-08-21,683
2022-08-22,497
2022-08-23,502
2022-08-24,496
2022-08-25,440
2022-08-26,419
2022-08-27,461
2022-08-28,639
2022-08-29,502
2022-08-30,484
2022-08-31,631
2022-09-01,583
2022-09-02,466
2022-09-03,378
2022-09-04,419
2022-09-05,440
2022-09-06,405
2022-09-07,358
2022-09-08,363
2022-09-09,321
2022-09-10,394
2022-09-11,397
2022-09-12,370
2022-09-13,343
2022-09-14,404
2022-09-15,437
2022-09-16,383
2022-09-17,460
2022-09-18,414
2022-09-19,400
2022-09-20,379
2022-09-21,352
2022-09-22,400
2022-09-23,396
2022-09-24,358
2022-09-25,389
2022-09-26,539
2022-09-27,463
2022-09-28,588
2022-09-29,489
2022-09-30,392
2022-10-01,357
2022-10-02,363
2022-10-03,438
2022-10-04,399
2022-10-05,354
2022-10-06,388
2022-10-07,389
2022-10-08,324
2022-10-09,412
2022-10-10,351
2022-10-11,353
2022-10-12,364
2022-10-13,414
2022-10-14,334
2022-10-15,315
2022-10-16,433
2022-10-17,387
2022-10-18,356
2022-10-19,337
2022-10-20,376
2022-10-21,434
2022-10-22,330
2022-10-23,406
2022-10-24,1394
2022-10-25,503
2022-10-26,461
2022-10-27,440
2022-10-28,949
2022-10-29,1342
2022-10-30,1230
2022-10-31,1401
2022-11-01,815
2022-11-02,570
2022-11-03,469
2022-11-04,379
2022-11-05,433
2022-11-06,487
2022-11-07,380
2022-11-08,411
2022-11-09,341
2022-11-10,330
2022-11-11,446
2022-11-12,373
2022-11-13,323
2022-11-14,327
2022-11-15,365
2022-11-16,321
2022-11-17,283
2022-11-18,267
2022-11-19,310
2022-11-20,328
2022-11-21,335
2022-11-22,320
2022-11-23,332
2022-11-24,282
2022-11-25,303
2022-11-26,332
2022-11-27,374
2022-11-28,353
2022-11-29,299
2022-11-30,276
2022-12-01,277
2022-12-02,255
2022-12-03,294
2022-12-04,325
2022-12-05,330
2022-12-06,295
2022-12-07,459
2022-12-08,386
2022-12-09,301
2022-12-10,269
2022-12-11,308
2022-12-12,269
2022-12-13,356
2022-12-14,323
2022-12-15,249
2022-12-16,245
2022-12-17,277
2022-12-18,306
2022-12-19,400
2022-12-20,528
2022-12-21,474
2022-12-22,396
2022-12-23,333
2022-12-24,258
2022-12-25,378
2022-12-26,364
2022-12-27,333
2022-12-28,318
2022-12-29,318
2022-12-30,307
2022-12-31,303
2023-01-01,333
2023-01-02,328
2023-01-03,307
2023-01-04,343
2023-01-05,365
2023-01-06,281
2023-01-07,462
2023-01-08,538
2023-01-09,425
2023-01-10,418
2023-01-11,415
2023-01-12,414
2023-01-13,361
2023-01-14,439
2023-01-15,465
2023-01-16,648
2023-01-17,643
2023-01-18,489
2023-01-19,424
2023-01-20,366
2023-01-21,446
2023-01-22,398
2023-01-23,305
2023-01-24,497
2023-01-25,380
2023-01-26,380
2023-01-27,345
2023-01-28,345
2023-01-29,396
2023-01-30,364
2023-01-31,276
2023-02-01,301
2023-02-02,357
2023-02-03,338
2023-02-04,301
2023-02-05,372
2023-02-06,386
2023-02-07,321
2023-02-08,309
2023-02-09,341
2023-02-10,354
2023-02-11,608
2023-02-12,371
2023-02-13,316
2023-02-14,276
2023-02-15,299
2023-02-16,265
2023-02-17,304
2023-02-18,345
2023-02-19,411
2023-02-20,509
2023-02-21,630
2023-02-22,519
2023-02-23,494
2023-02-24,401
2023-02-25,434
2023-02-26,360
2023-02-27,384
2023-02-28,353
2023-03-01,325
2023-03-02,287
2023-03-03,249
2023-03-04,527
2023-03-05,392
2023-03-06,360
2023-03-07,372
2023-03-08,384
2023-03-09,484
2023-03-10,408
2023-03-11,368
2023-03-12,444
2023-03-13,367
2023-03-14,322
2023-03-15,314
2023-03-16,318
2023-03-17,342
2023-03-18,379
2023-03-19,438
2023-03-20,396
2023-03-21,345
2023-03-22,350
2023-03-23,349
2023-03-24,317
2023-03-25,340
2023-03-26,373
2023-03-27,436
2023-03-28,381
2023-03-29,337
2023-03-30,367
2023-03-31,395
2023-04-01,359
2023-04-02,436
2023-04-03,366
2023-04-04,364
2023-04-05,367
2023-04-06,465
2023-04-07,396
2023-04-08,473
2023-04-09,646
2023-04-10,729
2023-04-11,427
2023-04-12,369
2023-04-13,342
2023-04-14,404
2023-04-15,354
2023-04-16,434
2023-04-17,379
2023-04-18,444
2023-04-19,440
2023-04-20,377
2023-04-21,356
2023-04-22,383
2023-04-23,394
2023-04-24,343
2023-04-25,339
2023-04-26,382
2023-04-27,413
2023-04-28,672
2023-04-29,663
2023-04-30,604
2023-05-01,1326
2023-05-02,1635
2023-05-03,1468
2023-05-04,1085
2023-05-05,1254
2023-05-06,838
2023-05-07,658
2023-05-08,610
2023-05-09,478
2023-05-10,470
2023-05-11,436
2023-05-12,408
2023-05-13,376
2023-05-14,406
2023-05-15,390
2023-05-16,376
2023-05-17,296
2023-05-18,375
2023-05-19,351
2023-05-20,365
2023-05-21,336
2023-05-22,404
2023-05-23,391
2023-05-24,369
2023-05-25,516
2023-05-26,395
2023-05-27,362
2023-05-28,444
2023-05-29,396
2023-05-30,335
2023-05-31,363
2023-06-01,416
2023-06-02,348
2023-06-03,296
2023-06-04,332
2023-06-05,336
2023-06-06,377
2023-06-07,430
2023-06-08,457
2023-06-09,428
2023-06-10,400
2023-06-11,448
2023-06-12,487
2023-06-13,384
2023-06-14,413
2023-06-15,406
2023-06-16,487
2023-06-17,456
2023-06-18,474
2023-06-19,416
2023-06-20,404
2023-06-21,384
2023-06-22,392
2023-06-23,397
2023-06-24,407
2023-06-25,408
2023-06-26,409
2023-06-27,436
2023-06-28,583
2023-06-29,1329
2023-06-30,1491
2023-07-01,2286
2023-07-02,1495
2023-07-03,1160
2023-07-04,944
2023-07-05,748
2023-07-06,581
2023-07-07,497
2023-07-08,827
2023-07-09,636
2023-07-10,511
2023-07-11,445
2023-07-12,479
2023-07-13,417
2023-07-14,424
2023-07-15,396
2023-07-16,409
2023-07-17,437
2023-07-18,448
2023-07-19,462
2023-07-20,396
2023-07-21,396
2023-07-22,396
2023-07-23,425
2023-07-24,409
2023-07-25,467
2023-07-26,421
2023-07-27,424
2023-07-28,418
2023-07-29,474
2023-07-30,377
2023-07-31,382
2023-08-01,567
2023-08-02,465
2023-08-03,372
2023-08-04,440
2023-08-05,416
2023-08-06,390
2023-08-07,374
2023-08-08,378
2023-08-09,426
2023-08-10,427
2023-08-11,353
2023-08-12,418
2023-08-13,427
2023-08-14,400
2023-08-15,380
2023-08-16,451
2023-08-17,436
2023-08-18,394
2023-08-19,3503
2023-08-20,3824
2023-08-21,1294
2023-08-22,609
2023-08-23,474
2023-08-24,471
2023-08-25,432
2023-08-26,487
2023-08-27,516
2023-08-28,436
2023-08-29,430
2023-08-30,438
2023-08-31,390
2023-09-01,623
2023-09-02,493
2023-09-03,448
2023-09-04,449
2023-09-05,450
2023-09-06,437
2023-09-07,549
2023-09-08,812
2023-09-09,610
2023-09-10,516
2023-09-11,435
2023-09-12,429
2023-09-13,438
2023-09-14,434
2023-09-15,437
2023-09-16,462
2023-09-17,456
2023-09-18,446
2023-09-19,521
2023-09-20,433
2023-09-21,418
2023-09-22,393
2023-09-23,417
2023-09-24,901
2023-09-25,522
2023-09-26,556
2023-09-27,475
2023-09-28,442
2023-09-29,434
2023-09-30,388
2023-10-01,441
2023-10-02,394
2023-10-03,448
2023-10-04,455
2023-10-05,444
2023-10-06,424
2023-10-07,412
2023-10-08,430
2023-10-09,454
2023-10-10,458
2023-10-11,503
2023-10-12,492
2023-10-13,474
2023-10-14,614
2023-10-15,467
2023-10-16,474
2023-10-17,433
2023-10-18,395
2023-10-19,481
2023-10-20,464
2023-10-21,484
2023-10-22,464
2023-10-23,452
2023-10-24,420
2023-10-25,460
2023-10-26,480
2023-10-27,498
2023-10-28,450
2023-10-29,490
2023-10-30,645
2023-10-31,556
2023-11-01,790
2023-11-02,665
2023-11-03,496
2023-11-04,449
2023-11-05,384
2023-11-06,392
2023-11-07,371
2023-11-08,430
2023-11-09,478
2023-11-10,423
2023-11-11,430
2023-11-12,477
2023-11-13,451
2023-11-14,528
2023-11-15,447
2023-11-16,454
2023-11-17,449
2023-11-18,363
2023-11-19,460
2023-11-20,465
2023-11-21,407
2023-11-22,431
2023-11-23,473
2023-11-24,432
2023-11-25,467
2023-11-26,452
2023-11-27,407
2023-11-28,420
2023-11-29,401
2023-11-30,384
2023-12-01,395
2023-12-02,250
2023-12-03,285
2023-12-04,274
2023-12-05,156
2023-12-06,90
2023-12-07,75
2023-12-08,72
2023-12-09,75
2023-12-10,91
2023-12-11,88
2023-12-12,79
2023-12-13,59
2023-12-14,138
2023-12-15,127
2023-12-16,65
2023-12-17,49
2023-12-18,62
2023-12-19,64
2023-12-20,57
2023-12-21,51
2023-12-22,63
2023-12-23,54
2023-12-24,71
2023-12-25,71
2023-12-26,86
2023-12-27,73
2023-12-28,89
2023-12-29,71
2023-12-30,76
2023-12-31,81
2024-01-01,106
2024-01-02,82
2024-01-03,97
2024-01-04,108
2024-01-05,141
2024-01-06,173
2024-01-07,127
2024-01-08,84
2024-01-09,93
2024-01-10,91
2024-01-11,89
2024-01-12,70
2024-01-13,66
2024-01-14,92
2024-01-15,63
2024-01-16,70
2024-01-17,75
2024-01-18,78
2024-01-19,90
2024-01-20,77
2024-01-21,77
2024-01-22,85
2024-01-23,102
2024-01-24,81
2024-01-25,96
2024-01-26,75
2024-01-27,70
2024-01-28,83
2024-01-29,99
2024-01-30,86
2024-01-31,91
2024-02-01,90
2024-02-02,82
2024-02-03,102
2024-02-04,94
2024-02-05,76
2024-02-06,65
2024-02-07,91
2024-02-08,80
2024-02-09,67
2024-02-10,75
2024-02-11,83
2024-02-12,86
2024-02-13,86
2024-02-14,78
2024-02-15,82
2024-02-16,68
2024-02-17,61
2024-02-18,55
2024-02-19,74
2024-02-20,80
2024-02-21,79
2024-02-22,75
2024-02-23,80
2024-02-24,69
2024-02-25,72
2024-02-26,70
2024-02-27,62
2024-02-28,59
2024-02-29,74
2024-03-01,81
2024-03-02,84
2024-03-03,143
2024-03-04,82
2024-03-05,75
2024-03-06,72
2024-03-07,70
2024-03-08,85
2024-03-09,64
2024-03-10,66
2024-03-11,70
2024-03-12,71
2024-03-13,75
2024-03-14,58
2024-03-15,64
2024-03-16,55
2024-03-17,64
2024-03-18,64
2024-03-19,60
2024-03-20,65
2024-03-21,55
2024-03-22,125
2024-03-23,72
2024-03-24,84
2024-03-25,75
2024-03-26,87
2024-03-27,77
2024-03-28,56
2024-03-29,56
2024-03-30,46
2024-03-31,67
2024-04-01,58
2024-04-02,76
2024-04-03,80
2024-04-04,65
2024-04-05,59
2024-04-06,67
2024-04-07,51
2024-04-08,62
2024-04-09,77
2024-04-10,64
2024-04-11,58
2024-04-12,56
2024-04-13,57
2024-04-14,60
2024-04-15,72
2024-04-16,180
2024-04-17,64
2024-04-18,71
2024-04-19,57
2024-04-20,61
2024-04-21,46
2024-04-22,54
2024-04-23,73
2024-04-24,82
2024-04-25,81
2024-04-26,49
2024-04-27,66
2024-04-28,54
2024-04-29,60
2024-04-30,61
2024-05-01,66
2024-05-02,57
2024-05-03,54
2024-05-04,41
2024-05-05,61
2024-05-06,62
2024-05-07,62
2024-05-08,52
2024-05-09,69
2024-05-10,67
2024-05-11,44
2024-05-12,54
2024-05-13,62
2024-05-14,70
2024-05-15,74
2024-05-16,58
2024-05-17,73
2024-05-18,62
2024-05-19,66
2024-05-20,74
2024-05-21,76
2024-05-22,69
2024-05-23,54
2024-05-24,58
2024-05-25,67
2024-05-26,68
2024-05-27,62
2024-05-28,63
2024-05-29,52
2024-05-30,81
2024-05-31,63
2024-06-01,60
2024-06-02,65
2024-06-03,60
2024-06-04,76
2024-06-05,77
2024-06-06,72
2024-06-07,58
2024-06-08,65
2024-06-09,64
2024-06-10,69
2024-06-11,49
2024-06-12,84
2024-06-13,66
2024-06-14,66
2024-06-15,69
2024-06-16,74
2024-06-17,90
2024-06-18,86
2024-06-19,86
2024-06-20,73
2024-06-21,77
2024-06-22,82
2024-06-23,65
2024-06-24,119
2024-06-25,69
2024-06-26,70
2024-06-27,76
2024-06-28,81
2024-06-29,60
2024-06-30,70
2024-07-01,68
2024-07-02,54
2024-07-03,79
2024-07-04,94
2024-07-05,78
2024-07-06,93
2024-07-07,76
2024-07-08,65
2024-07-09,90
2024-07-10,78
2024-07-11,83
2024-07-12,90
2024-07-13,79
2024-07-14,73
2024-07-15,61
2024-07-16,81
2024-07-17,68
2024-07-18,70
2024-07-19,82
2024-07-20,62
2024-07-21,74
2024-07-22,65
2024-07-23,63
2024-07-24,108
2024-07-25,65
2024-07-26,75
2024-07-27,59
2024-07-28,67
2024-07-29,84
2024-07-30,75
2024-07-31,83
2024-08-01,69
2024-08-02,54
2024-08-03,55
2024-08-04,84
2024-08-05,61
2024-08-06,57
2024-08-07,57
2024-08-08,86
2024-08-09,67
2024-08-10,68
2024-08-11,69
2024-08-12,66
2024-08-13,65
2024-08-14,79
2024-08-15,62
2024-08-16,66
2024-08-17,62
2024-08-18,52
2024-08-19,74
2024-08-20,58
2024-08-21,66
2024-08-22,74
2024-08-23,62
2024-08-24,63
2024-08-25,76
2024-08-26,68
2024-08-27,70
2024-08-28,87
2024-08-29,90
2024-08-30,66
2024-08-31,63
2024-09-01,59
2024-09-02,68
2024-09-03,69
2024-09-04,50
2024-09-05,72
2024-09-06,53
2024-09-07,74
2024-09-08,85
2024-09-09,56
2024-09-10,70
2024-09-11,69
2024-09-12,65
2024-09-13,77
2024-09-14,64
2024-09-15,58
2024-09-16,64
2024-09-17,73
2024-09-18,57
2024-09-19,56
2024-09-20,76
2024-09-21,57
2024-09-22,57
2024-09-23,68
2024-09-24,66
2024-09-25,75
2024-09-26,52
2024-09-27,76
2024-09-28,66
2024-09-29,65
2024-09-30,61
2024-10-01,45
2024-10-02,362
2024-10-03,94
2024-10-04,135
2024-10-05,65
2024-10-06,48
2024-10-07,87
2024-10-08,920
2024-10-09,868
2024-10-10,79
2024-10-11,74
2024-10-12,53
2024-10-13,48
2024-10-14,47
2024-10-15,61
2024-10-16,73
2024-10-17,73
2024-10-18,58
2024-10-19,58
2024-10-20,58
2024-10-21,84
2024-10-22,69
2024-10-23,56
2024-10-24,46
2024-10-25,65
2024-10-26,58
2024-10-27,52
2024-10-28,70
2024-10-29,67
2024-10-30,67
2024-10-31,71
2024-11-01,75
2024-11-02,67
2024-11-03,71
2024-11-04,69
2024-11-05,69
2024-11-06,39
2024-11-07,49
2024-11-08,58
2024-11-09,50
2024-11-10,59
2024-11-11,56
2024-11-12,59
2024-11-13,66
2024-11-14,59
2024-11-15,61
2024-11-16,55
2024-11-17,53
2024-11-18,52
2024-11-19,64
2024-11-20,61
2024-11-21,57
2024-11-22,67
2024-11-23,75
2024-11-24,70
2024-11-25,70
2024-11-26,66
2024-11-27,63
2024-11-28,55
2024-11-29,71
2024-11-30,43
2024-12-01,48
2024-12-02,60
2024-12-03,67
2024-12-04,69
2024-12-05,63
2024-12-06,67
2024-12-07,57
2024-12-08,53
2024-12-09,49
2024-12-10,61
2024-12-11,83
2024-12-12,92
2024-12-13,100
2024-12-14,146
2024-12-15,167
2024-12-16,195
2024-12-17,189
2024-12-18,209
2024-12-19,232
2024-12-20,216
2024-12-21,258
2024-12-22,283
2024-12-23,239
2024-12-24,250
2024-12-25,260
2024-12-26,317
2024-12-27,278
2024-12-28,259
2024-12-29,257
2024-12-30,232
2024-12-31,259
2025-01-01,330
2025-01-02,276
2025-01-03,241
2025-01-04,241
2025-01-05,207
2025-01-06,230
2025-01-07,278
2025-01-08,271
2025-01-09,285
2025-01-10,186
2025-01-11,322
2025-01-12,243
2025-01-13,220
2025-01-14,201
2025-01-15,184
2025-01-16,196
2025-01-17,267
2025-01-18,278
2025-01-19,374
2025-01-20,295
2025-01-21,293
2025-01-22,264
2025-01-23,294
2025-01-24,279
2025-01-25,236
2025-01-26,320
2025-01-27,308
2025-01-28,253
2025-01-29,242
2025-01-30,250
2025-01-31,249
2025-02-01,230
2025-02-02,232
2025-02-03,255
2025-02-04,241
2025-02-05,278
2025-02-06,310
2025-02-07,294
2025-02-08,277
2025-02-09,270
2025-02-10,222
2025-02-11,261
2025-02-12,240
2025-02-13,272
2025-02-14,220
2025-02-15,210
2025-02-16,259
2025-02-17,273
2025-02-18,257
2025-02-19,288
2025-02-20,312
2025-02-21,291
2025-02-22,248
2025-02-23,257
2025-02-24,240
2025-02-25,248
2025-02-26,271
2025-02-27,307
2025-02-28,205
2025-03-01,260
2025-03-02,280
2025-03-03,298
2025-03-04,270
2025-03-05,225
2025-03-06,224
2025-03-07,278
2025-03-08,272
2025-03-09,347
2025-03-10,246
2025-03-11,260
2025-03-12,228
2025-03-13,332
2025-03-14,275
2025-03-15,233
2025-03-16,267
2025-03-17,264
2025-03-18,422
2025-03-19,936
2025-03-20,464
2025-03-21,244
2025-03-22,207
2025-03-23,260
2025-03-24,301
2025-03-25,302
2025-03-26,232
2025-03-27,210
2025-03-28,299
2025-03-29,227
2025-03-30,231
2025-03-31,266
2025-04-01,255
2025-04-02,236
2025-04-03,240
2025-04-04,244
2025-04-05,193
2025-04-06,224
2025-04-07,212
2025-04-08,243
2025-04-09,217
2025-04-10,212
2025-04-11,237
2025-04-12,238
2025-04-13,228
2025-04-14,229
2025-04-15,219
2025-04-16,178
2025-04-17,219
2025-04-18,204
2025-04-19,182
2025-04-20,207
2025-04-21,212
2025-04-22,225
2025-04-23,222
2025-04-24,214
2025-04-25,219
2025-04-26,217
2025-04-27,226
2025-04-28,233
2025-04-29,216
2025-04-30,238
2025-05-01,204
2025-05-02,204
2025-05-03,222
2025-05-04,221
2025-05-05,223
2025-05-06,236
2025-05-07,211
2025-05-08,221
2025-05-09,230
2025-05-10,246
2025-05-11,218
2025-05-12,206
2025-05-13,219
2025-05-14,232
2025-05-15,220
2025-05-16,199
2025-05-17,181
2025-05-18,190
2025-05-19,182
2025-05-20,188
2025-05-21,210
2025-05-22,194
2025-05-23,180
2025-05-24,173
2025-05-25,240
2025-05-26,201
2025-05-27,193
2025-05-28,170
2025-05-29,190
2025-05-30,182
2025-05-31,180
2025-06-01,250
2025-06-02,183
2025-06-03,198
2025-06-04,197
2025-06-05,224
2025-06-06,172
2025-06-07,177
2025-06-08,190
2025-06-09,190
2025-06-10,201
2025-06-11,181
2025-06-12,184
2025-06-13,148
2025-06-14,177
2025-06-15,195
2025-06-16,160
2025-06-17,192
2025-06-18,160
2025-06-19,219
2025-06-20,263
2025-06-21,220
2025-06-22,159
2025-06-23,193
2025-06-24,162
2025-06-25,155
2025-06-26,140
2025-06-27,194
2025-06-28,203
2025-06-29,236
2025-06-30,600
2025-07-01,254
2025-07-02,229
2025-07-03,216
2025-07-04,170
2025-07-05,352
2025-07-06,281
2025-07-07,240
2025-07-08,246
2025-07-09,273
2025-07-10,254
2025-07-11,214
2025-07-12,217
2025-07-13,241
2025-07-14,246
2025-07-15,170
2025-07-16,245
2025-07-17,249
2025-07-18,251
2025-07-19,261
2025-07-20,249
2025-07-21,200
2025-07-22,227
2025-07-23,232
2025-07-24,279
2025-07-25,523
2025-07-26,361
2025-07-27,305
2025-07-28,288
2025-07-29,271
2025-07-30,237
2025-07-31,253
2025-08-01,264
2025-08-02,222
2025-08-03,247
2025-08-04,253
2025-08-05,233
2025-08-06,291
2025-08-07,246
2025-08-08,290
2025-08-09,200
2025-08-10,253
2025-08-11,285
2025-08-12,257
2025-08-13,251
2025-08-14,230
2025-08-15,274
2025-08-16,303
2025-08-17,267
2025-08-18,302
2025-08-19,263
2025-08-20,282
2025-08-21,265
2025-08-22,221
2025-08-23,239
2025-08-24,237
2025-08-25,224
2025-08-26,230
2025-08-27,240
2025-08-28,214
2025-08-29,351
2025-08-30,309
2025-08-31,278
2025-09-01,234
2025-09-02,213
2025-09-03,276
2025-09-04,250
2025-09-05,198
2025-09-06,327
2025-09-07,252
2025-09-08,249
2025-09-09,246
2025-09-10,226
2025-09-11,213
2025-09-12,223
2025-09-13,208
2025-09-14,268
2025-09-15,252
2025-09-16,272
2025-09-17,225
2025-09-18,263
2025-09-19,242
2025-09-20,238
2025-09-21,256
2025-09-22,770
2025-09-23,401
2025-09-24,337
2025-09-25,683
2025-09-26,545
2025-09-27,519
2025-09-28,485
2025-09-29,673
2025-09-30,681
2025-10-01,474
2025-10-02,322
2025-10-03,310
2025-10-04,252
2025-10-05,279
2025-10-06,278
2025-10-07,251
2025-10-08,291
2025-10-09,241
2025-10-10,212
2025-10-11,225
2025-10-12,260
2025-10-13,252
2025-10-14,272
2025-10-15,279
2025-10-16,278
2025-10-17,282
2025-10-18,287
2025-10-19,261
2025-10-20,295
2025-10-21,338
2025-10-22,271
2025-10-23,238
2025-10-24,256
2025-10-25,257
2025-10-26,316
2025-10-27,311
2025-10-28,354
2025-10-29,290
2025-10-30,240
2025-10-31,241
2025-11-01,230
2025-11-02,319
2025-11-03,345
2025-11-04,256
2025-11-05,213
2025-11-06,275
2025-11-07,221
2025-11-08,249
2025-11-09,230
2025-11-10,277
2025-11-11,293
2025-11-12,290
2025-11-13,246
2025-11-14,237
2025-11-15,399
2025-11-16,338
2025-11-17,342
2025-11-18,273
2025-11-19,261
2025-11-20,261
2025-11-21,268
2025-11-22,268
2025-11-23,253
2025-11-24,285
2025-11-25,278
2025-11-26,234
2025-11-27,232
2025-11-28,237
2025-11-29,284
2025-11-30,259
2025-12-01,249
2025-12-02,242
2025-12-03,267
2025-12-04,257
2025-12-05,331
2025-12-06,249
2025-12-07,278
2025-12-08,281
2025-12-09,232
2025-12-10,259
2025-12-11,238
2025-12-12,288
2025-12-13,286
2025-12-14,255
2025-12-15,244
2025-12-16,307
2025-12-17,239
2025-12-18,228
2025-12-19,212
2025-12-20,205
2025-12-21,276
2025-12-22,225
2025-12-23,193
2025-12-24,206
2025-12-25,186
2025-12-26,272
2025-12-27,212
2025-12-28,228
2025-12-29,260
2025-12-30,351
2025-12-31,217
2026-01-01,242
2026-01-02,239
2026-01-03,433
2026-01-04,1038
2026-01-05,1183
2026-01-06,1053
2026-01-07,962
2026-01-08,759
2026-01-09,563
2026-01-10,530
2026-01-11,646
2026-01-12,993
2026-01-13,681
2026-01-14,534
2026-01-15,449
2026-01-16,382
2026-01-17,307
2026-01-18,320
2026-01-19,297
2026-01-20,254
2026-01-21,262
2026-01-22,303
2026-01-23,305
2026-01-24,324
2026-01-25,308
2026-01-26,479
2026-01-27,304
2026-01-28,299
2026-01-29,229
2026-01-30,264
2026-01-31,279
2026-02-01,263
2026-02-02,280
2026-02-03,216
2026-02-04,233
2026-02-05,282
2026-02-06,261
2026-02-07,219
2026-02-08,714
2026-02-09,449
2026-02-10,349
2026-02-11,282
2026-02-12,250
2026-02-13,227
2026-02-14,262
2026-02-15,230
2026-02-16,277
2026-02-17,254
2026-02-18,273
2026-02-19,935
2026-02-20,306
2026-02-21,277
2026-02-22,230
2026-02-23,247
2026-02-24,271
2026-02-25,224
2026-02-26,218
2026-02-27,195
2026-02-28,196
2026-03-01,221
2026-03-02,215
2026-03-03,218
2026-03-04,290
2026-03-05,284
2026-03-06,277
2026-03-07,353
2026-03-08,338
2026-03-09,327
2026-03-10,272
2026-03-11,307
2026-03-12,281
2026-03-13,273
2026-03-14,241
2026-03-15,284
2026-03-16,280
2026-03-17,233
2026-03-18,257
2026-03-19,243
2026-03-20,215
2026-03-21,242
2026-03-22,414
2026-03-23,324
2026-03-24,256
2026-03-25,218
2026-03-26,239
2026-03-27,221
2026-03-28,256
2026-03-29,282
2026-03-30,284
2026-03-31,221
2026-04-01,223
2026-04-02,231
2026-04-03,203
2026-04-04,218
2026-04-05,206
2026-04-06,197
2026-04-07,199
2026-04-08,223
2026-04-09,192
2026-04-10,263
2026-04-11,226
2026-04-12,238
2026-04-13,235
